Date,Staff Name,Unit,Status,Time In,Time Out,Remarks
01/07/26,Jennifer,Card Perso,Present,07:34,17:00,
01/07/26,Godday,Card Perso,Present,07:36,17:29,
01/07/26,Kingsley,Card Perso,Present,07:36,17:34,
01/07/26,Judith,Card Perso,Present,07:57,17:27,
01/07/26,Naomi,Card Perso,Present,07:51,17:38,
01/07/26,Chidinma,PMC,Present,07:41,17:18,
01/07/26,Emeka,PMC,Present,07:53,17:31,
01/07/26,Funke,PMC,Late,08:33,17:43,
01/07/26,Tunde,PMC,Present,07:35,17:06,
01/07/26,Amaka,PMC,Present,07:56,17:38,
01/07/26,Bola,PMC,Present,07:54,17:07,
01/07/26,Chuka,PMC,Late,08:19,17:40,
01/07/26,Dayo,PMC,Present,07:45,17:17,
01/07/26,Efe,Telco,Present,07:34,17:30,
01/07/26,Femi,Telco,Present,07:46,17:43,
01/07/26,Gift,Telco,Present,07:57,17:27,
01/07/26,Hadiza,Telco,Late,08:50,17:23,
01/07/26,Ibrahim,OC200,Present,07:44,17:13,
01/07/26,Joy,OC200,Present,07:43,17:16,
01/07/26,Kemi,SM74,Present,07:40,17:05,
01/07/26,Lekan,SM74,Absent,,,
01/07/26,Musa,Mailer Unit,Present,07:56,17:20,
01/07/26,Ngozi,Mailer Unit,Present,07:42,17:10,
01/07/26,Obinna,CTP Unit,Late,08:42,17:58,
01/07/26,Peace,CTP Unit,Present,07:31,17:40,
01/07/26,Queen,CTP Unit,Leave,,,
01/07/26,Rotimi,IT,Present,07:34,17:28,
01/07/26,Sade,IT,Present,07:56,17:44,
01/07/26,Tosin,Business,Present,07:37,17:34,
01/07/26,Uche,Business,Late,08:55,17:56,
01/07/26,Victor,Business,Present,07:34,17:19,
01/07/26,Wale,Business,Present,07:52,17:04,
01/07/26,Yemi,Admin,Present,07:48,17:05,
01/07/26,Zainab,Admin,Present,07:37,17:21,
01/07/26,Abiola,Admin,Present,07:49,17:17,
01/07/26,Blessing,QC,Late,08:21,17:42,
01/07/26,Chiamaka,QC,Late,08:53,17:59,
01/07/26,Damilola,QC,Present,07:49,17:25,
01/07/26,Eniola,QC,Late,08:28,17:30,
01/07/26,Folake,Vault,Present,07:49,17:03,
01/07/26,Gbenga,Vault,Present,07:47,17:30,
01/07/26,Halima,Vault,Present,07:32,17:11,
01/07/26,Ifeanyi,Fulfillment,Present,07:50,17:02,
01/07/26,Jide,Fulfillment,Present,07:54,17:31,
01/07/26,Kunle,Fulfillment,Present,07:41,17:00,
01/07/26,Lara,Fulfillment,Present,07:54,17:02,
01/07/26,Mide,Fulfillment,Present,07:41,17:24,
02/07/26,Jennifer,Card Perso,Late,08:49,17:24,
02/07/26,Godday,Card Perso,Present,07:52,17:35,
02/07/26,Kingsley,Card Perso,Present,07:59,17:41,
02/07/26,Judith,Card Perso,Present,07:54,17:32,
02/07/26,Naomi,Card Perso,Present,07:39,17:31,
02/07/26,Chidinma,PMC,Present,07:55,17:45,
02/07/26,Emeka,PMC,Present,07:51,17:00,
02/07/26,Funke,PMC,Present,07:33,17:44,
02/07/26,Tunde,PMC,Absent,,,
02/07/26,Amaka,PMC,Present,07:37,17:29,
02/07/26,Bola,PMC,Present,07:53,17:38,
02/07/26,Chuka,PMC,Present,07:30,17:42,
02/07/26,Dayo,PMC,Present,07:36,17:28,
02/07/26,Efe,Telco,Present,07:54,17:39,
02/07/26,Femi,Telco,Present,07:47,17:29,
02/07/26,Gift,Telco,Present,07:51,17:23,
02/07/26,Hadiza,Telco,Present,07:31,17:10,
02/07/26,Ibrahim,OC200,Present,07:52,17:20,
02/07/26,Joy,OC200,Present,07:59,17:44,
02/07/26,Kemi,SM74,Present,07:43,17:17,
02/07/26,Lekan,SM74,Present,07:46,17:23,
02/07/26,Musa,Mailer Unit,Late,08:57,17:56,
02/07/26,Ngozi,Mailer Unit,Present,07:49,17:15,
02/07/26,Obinna,CTP Unit,Late,08:53,17:50,
02/07/26,Peace,CTP Unit,Present,07:39,17:17,
02/07/26,Queen,CTP Unit,Present,07:32,17:02,
02/07/26,Rotimi,IT,Present,07:30,17:31,
02/07/26,Sade,IT,Late,08:50,17:57,
02/07/26,Tosin,Business,Present,07:35,17:29,
02/07/26,Uche,Business,Present,07:51,17:01,
02/07/26,Victor,Business,Absent,,,
02/07/26,Wale,Business,Late,08:58,17:30,
02/07/26,Yemi,Admin,Present,07:54,17:20,
02/07/26,Zainab,Admin,Present,07:33,17:36,
02/07/26,Abiola,Admin,Present,07:57,17:30,
02/07/26,Blessing,QC,Present,07:40,17:05,
02/07/26,Chiamaka,QC,Present,07:32,17:37,
02/07/26,Damilola,QC,Present,07:30,17:26,
02/07/26,Eniola,QC,Late,08:50,17:28,
02/07/26,Folake,Vault,Present,07:55,17:18,
02/07/26,Gbenga,Vault,Present,07:48,17:09,
02/07/26,Halima,Vault,Present,07:38,17:27,
02/07/26,Ifeanyi,Fulfillment,Present,07:50,17:41,
02/07/26,Jide,Fulfillment,Present,07:51,17:09,
02/07/26,Kunle,Fulfillment,Late,08:24,17:49,
02/07/26,Lara,Fulfillment,Present,07:53,17:03,
02/07/26,Mide,Fulfillment,Present,07:33,17:36,
03/07/26,Jennifer,Card Perso,Present,07:55,17:06,
03/07/26,Godday,Card Perso,Present,07:42,17:27,
03/07/26,Kingsley,Card Perso,Present,07:41,17:24,
03/07/26,Judith,Card Perso,Present,07:30,17:08,
03/07/26,Naomi,Card Perso,Present,07:32,17:18,
03/07/26,Chidinma,PMC,Late,08:38,17:42,
03/07/26,Emeka,PMC,Present,07:52,17:44,
03/07/26,Funke,PMC,Present,07:52,17:22,
03/07/26,Tunde,PMC,Present,07:33,17:09,
03/07/26,Amaka,PMC,Present,07:50,17:29,
03/07/26,Bola,PMC,Present,07:53,17:01,
03/07/26,Chuka,PMC,Present,07:47,17:39,
03/07/26,Dayo,PMC,Present,07:53,17:27,
03/07/26,Efe,Telco,Late,08:31,17:23,
03/07/26,Femi,Telco,Present,07:59,17:03,
03/07/26,Gift,Telco,Present,07:43,17:08,
03/07/26,Hadiza,Telco,Present,07:45,17:08,
03/07/26,Ibrahim,OC200,Present,07:58,17:30,
03/07/26,Joy,OC200,Present,07:35,17:32,
03/07/26,Kemi,SM74,Present,07:36,17:33,
03/07/26,Lekan,SM74,Present,07:44,17:31,
03/07/26,Musa,Mailer Unit,Late,08:48,17:46,
03/07/26,Ngozi,Mailer Unit,Present,07:48,17:31,
03/07/26,Obinna,CTP Unit,Present,07:45,17:16,
03/07/26,Peace,CTP Unit,Present,07:38,17:41,
03/07/26,Queen,CTP Unit,Present,07:45,17:24,
03/07/26,Rotimi,IT,Late,08:20,17:44,
03/07/26,Sade,IT,Present,07:34,17:42,
03/07/26,Tosin,Business,Present,07:46,17:40,
03/07/26,Uche,Business,Present,07:42,17:42,
03/07/26,Victor,Business,Late,08:52,17:51,
03/07/26,Wale,Business,Late,08:40,17:42,
03/07/26,Yemi,Admin,Present,07:53,17:03,
03/07/26,Zainab,Admin,Present,07:51,17:10,
03/07/26,Abiola,Admin,Present,07:39,17:21,
03/07/26,Blessing,QC,Present,07:53,17:33,
03/07/26,Chiamaka,QC,Present,07:40,17:29,
03/07/26,Damilola,QC,Leave,,,
03/07/26,Eniola,QC,Present,07:36,17:02,
03/07/26,Folake,Vault,Present,07:50,17:05,
03/07/26,Gbenga,Vault,Absent,,,
03/07/26,Halima,Vault,Present,07:59,17:14,
03/07/26,Ifeanyi,Fulfillment,Present,07:53,17:02,
03/07/26,Jide,Fulfillment,Late,08:34,17:32,
03/07/26,Kunle,Fulfillment,Late,08:17,17:38,
03/07/26,Lara,Fulfillment,Present,07:45,17:10,
03/07/26,Mide,Fulfillment,Absent,,,
06/07/26,Jennifer,Card Perso,Present,07:47,17:29,
06/07/26,Godday,Card Perso,Present,07:46,17:37,
06/07/26,Kingsley,Card Perso,Present,07:58,17:14,
06/07/26,Judith,Card Perso,Present,07:48,17:02,
06/07/26,Naomi,Card Perso,Present,07:34,17:20,
06/07/26,Chidinma,PMC,Present,07:31,17:27,
06/07/26,Emeka,PMC,Present,07:41,17:37,
06/07/26,Funke,PMC,Present,07:47,17:06,
06/07/26,Tunde,PMC,Present,07:37,17:42,
06/07/26,Amaka,PMC,Present,07:32,17:21,
06/07/26,Bola,PMC,Late,08:28,17:21,
06/07/26,Chuka,PMC,Present,07:48,17:14,
06/07/26,Dayo,PMC,Present,07:56,17:27,
06/07/26,Efe,Telco,Late,08:46,17:29,
06/07/26,Femi,Telco,Present,07:51,17:20,
06/07/26,Gift,Telco,Present,07:49,17:45,
06/07/26,Hadiza,Telco,Present,07:58,17:43,
06/07/26,Ibrahim,OC200,Present,07:53,17:33,
06/07/26,Joy,OC200,Present,07:59,17:25,
06/07/26,Kemi,SM74,Present,07:30,17:42,
06/07/26,Lekan,SM74,Present,07:35,17:07,
06/07/26,Musa,Mailer Unit,Present,07:58,17:29,
06/07/26,Ngozi,Mailer Unit,Present,07:55,17:34,
06/07/26,Obinna,CTP Unit,Present,07:58,17:15,
06/07/26,Peace,CTP Unit,Present,07:33,17:21,
06/07/26,Queen,CTP Unit,Present,07:43,17:23,
06/07/26,Rotimi,IT,Present,07:56,17:43,
06/07/26,Sade,IT,Present,07:43,17:34,
06/07/26,Tosin,Business,Present,07:51,17:09,
06/07/26,Uche,Business,Present,07:50,17:38,
06/07/26,Victor,Business,Present,07:58,17:14,
06/07/26,Wale,Business,Present,07:56,17:05,
06/07/26,Yemi,Admin,Present,07:32,17:36,
06/07/26,Zainab,Admin,Late,08:20,17:40,
06/07/26,Abiola,Admin,Present,07:39,17:21,
06/07/26,Blessing,QC,Present,07:51,17:26,
06/07/26,Chiamaka,QC,Present,07:46,17:16,
06/07/26,Damilola,QC,Present,07:34,17:21,
06/07/26,Eniola,QC,Present,07:30,17:00,
06/07/26,Folake,Vault,Present,07:46,17:06,
06/07/26,Gbenga,Vault,Absent,,,
06/07/26,Halima,Vault,Present,07:41,17:06,
06/07/26,Ifeanyi,Fulfillment,Present,07:56,17:18,
06/07/26,Jide,Fulfillment,Leave,,,
06/07/26,Kunle,Fulfillment,Present,07:50,17:30,
06/07/26,Lara,Fulfillment,Present,07:42,17:06,
06/07/26,Mide,Fulfillment,Present,07:51,17:23,
07/07/26,Jennifer,Card Perso,Present,07:32,17:10,
07/07/26,Godday,Card Perso,Present,07:39,17:12,
07/07/26,Kingsley,Card Perso,Present,07:32,17:18,
07/07/26,Judith,Card Perso,Present,07:31,17:35,
07/07/26,Naomi,Card Perso,Present,07:42,17:16,
07/07/26,Chidinma,PMC,Present,07:40,17:45,
07/07/26,Emeka,PMC,Present,07:32,17:27,
07/07/26,Funke,PMC,Present,07:57,17:39,
07/07/26,Tunde,PMC,Present,07:39,17:01,
07/07/26,Amaka,PMC,Present,07:36,17:29,
07/07/26,Bola,PMC,Present,07:38,17:10,
07/07/26,Chuka,PMC,Present,07:47,17:31,
07/07/26,Dayo,PMC,Present,07:53,17:32,
07/07/26,Efe,Telco,Absent,,,
07/07/26,Femi,Telco,Present,07:58,17:33,
07/07/26,Gift,Telco,Present,07:52,17:02,
07/07/26,Hadiza,Telco,Present,07:49,17:35,
07/07/26,Ibrahim,OC200,Present,07:42,17:00,
07/07/26,Joy,OC200,Present,07:48,17:25,
07/07/26,Kemi,SM74,Present,07:33,17:16,
07/07/26,Lekan,SM74,Present,07:40,17:06,
07/07/26,Musa,Mailer Unit,Absent,,,
07/07/26,Ngozi,Mailer Unit,Present,07:31,17:20,
07/07/26,Obinna,CTP Unit,Present,07:55,17:33,
07/07/26,Peace,CTP Unit,Leave,,,
07/07/26,Queen,CTP Unit,Present,07:40,17:09,
07/07/26,Rotimi,IT,Present,07:47,17:15,
07/07/26,Sade,IT,Present,07:36,17:19,
07/07/26,Tosin,Business,Present,07:48,17:31,
07/07/26,Uche,Business,Present,07:44,17:44,
07/07/26,Victor,Business,Present,07:43,17:28,
07/07/26,Wale,Business,Late,08:31,17:25,
07/07/26,Yemi,Admin,Present,07:45,17:12,
07/07/26,Zainab,Admin,Leave,,,
07/07/26,Abiola,Admin,Present,07:30,17:07,
07/07/26,Blessing,QC,Present,07:58,17:01,
07/07/26,Chiamaka,QC,Late,08:55,17:38,
07/07/26,Damilola,QC,Present,07:52,17:44,
07/07/26,Eniola,QC,Present,07:49,17:14,
07/07/26,Folake,Vault,Present,07:32,17:25,
07/07/26,Gbenga,Vault,Present,07:50,17:01,
07/07/26,Halima,Vault,Present,07:40,17:34,
07/07/26,Ifeanyi,Fulfillment,Present,07:59,17:00,
07/07/26,Jide,Fulfillment,Present,07:57,17:42,
07/07/26,Kunle,Fulfillment,Late,08:42,17:31,
07/07/26,Lara,Fulfillment,Leave,,,
07/07/26,Mide,Fulfillment,Present,07:51,17:32,
08/07/26,Jennifer,Card Perso,Late,08:35,17:26,
08/07/26,Godday,Card Perso,Present,07:47,17:45,
08/07/26,Kingsley,Card Perso,Absent,,,
08/07/26,Judith,Card Perso,Present,07:46,17:02,
08/07/26,Naomi,Card Perso,Present,07:46,17:44,
08/07/26,Chidinma,PMC,Present,07:40,17:32,
08/07/26,Emeka,PMC,Present,07:48,17:35,
08/07/26,Funke,PMC,Present,07:48,17:44,
08/07/26,Tunde,PMC,Present,07:47,17:08,
08/07/26,Amaka,PMC,Present,07:42,17:30,
08/07/26,Bola,PMC,Present,07:40,17:25,
08/07/26,Chuka,PMC,Present,07:32,17:10,
08/07/26,Dayo,PMC,Late,08:37,17:41,
08/07/26,Efe,Telco,Present,07:37,17:22,
08/07/26,Femi,Telco,Present,07:48,17:33,
08/07/26,Gift,Telco,Present,07:30,17:13,
08/07/26,Hadiza,Telco,Present,07:33,17:17,
08/07/26,Ibrahim,OC200,Present,07:58,17:33,
08/07/26,Joy,OC200,Present,07:42,17:14,
08/07/26,Kemi,SM74,Present,07:39,17:11,
08/07/26,Lekan,SM74,Present,07:52,17:41,
08/07/26,Musa,Mailer Unit,Late,08:29,17:33,
08/07/26,Ngozi,Mailer Unit,Present,07:38,17:22,
08/07/26,Obinna,CTP Unit,Present,07:46,17:29,
08/07/26,Peace,CTP Unit,Present,07:41,17:20,
08/07/26,Queen,CTP Unit,Present,07:57,17:45,
08/07/26,Rotimi,IT,Present,07:43,17:12,
08/07/26,Sade,IT,Present,07:44,17:15,
08/07/26,Tosin,Business,Present,07:33,17:02,
08/07/26,Uche,Business,Present,07:49,17:01,
08/07/26,Victor,Business,Present,07:34,17:34,
08/07/26,Wale,Business,Present,07:54,17:40,
08/07/26,Yemi,Admin,Present,07:57,17:04,
08/07/26,Zainab,Admin,Present,07:49,17:39,
08/07/26,Abiola,Admin,Present,07:40,17:14,
08/07/26,Blessing,QC,Present,07:55,17:40,
08/07/26,Chiamaka,QC,Absent,,,
08/07/26,Damilola,QC,Present,07:41,17:30,
08/07/26,Eniola,QC,Present,07:59,17:25,
08/07/26,Folake,Vault,Present,07:46,17:28,
08/07/26,Gbenga,Vault,Present,07:51,17:22,
08/07/26,Halima,Vault,Present,07:44,17:19,
08/07/26,Ifeanyi,Fulfillment,Present,07:36,17:20,
08/07/26,Jide,Fulfillment,Absent,,,
08/07/26,Kunle,Fulfillment,Present,07:59,17:42,
08/07/26,Lara,Fulfillment,Present,07:46,17:23,
08/07/26,Mide,Fulfillment,Late,08:59,17:15,
09/07/26,Jennifer,Card Perso,Leave,,,
09/07/26,Godday,Card Perso,Present,07:40,17:22,
09/07/26,Kingsley,Card Perso,Present,07:52,17:45,
09/07/26,Judith,Card Perso,Present,07:53,17:06,
09/07/26,Naomi,Card Perso,Present,07:40,17:23,
09/07/26,Chidinma,PMC,Present,07:52,17:38,
09/07/26,Emeka,PMC,Present,07:51,17:39,
09/07/26,Funke,PMC,Present,07:53,17:08,
09/07/26,Tunde,PMC,Present,07:59,17:25,
09/07/26,Amaka,PMC,Present,07:56,17:27,
09/07/26,Bola,PMC,Present,07:49,17:42,
09/07/26,Chuka,PMC,Present,07:52,17:12,
09/07/26,Dayo,PMC,Present,07:37,17:38,
09/07/26,Efe,Telco,Present,07:54,17:02,
09/07/26,Femi,Telco,Present,07:53,17:33,
09/07/26,Gift,Telco,Present,07:45,17:29,
09/07/26,Hadiza,Telco,Present,07:30,17:10,
09/07/26,Ibrahim,OC200,Present,07:59,17:39,
09/07/26,Joy,OC200,Present,07:51,17:35,
09/07/26,Kemi,SM74,Present,07:33,17:03,
09/07/26,Lekan,SM74,Present,07:33,17:09,
09/07/26,Musa,Mailer Unit,Present,07:42,17:14,
09/07/26,Ngozi,Mailer Unit,Present,07:49,17:17,
09/07/26,Obinna,CTP Unit,Present,07:32,17:03,
09/07/26,Peace,CTP Unit,Present,07:39,17:30,
09/07/26,Queen,CTP Unit,Present,07:37,17:29,
09/07/26,Rotimi,IT,Present,07:50,17:44,
09/07/26,Sade,IT,Late,08:21,17:49,
09/07/26,Tosin,Business,Late,08:27,17:43,
09/07/26,Uche,Business,Present,07:40,17:23,
09/07/26,Victor,Business,Present,07:30,17:45,
09/07/26,Wale,Business,Present,07:47,17:10,
09/07/26,Yemi,Admin,Leave,,,
09/07/26,Zainab,Admin,Leave,,,
09/07/26,Abiola,Admin,Present,07:39,17:29,
09/07/26,Blessing,QC,Late,08:24,17:23,
09/07/26,Chiamaka,QC,Present,07:34,17:32,
09/07/26,Damilola,QC,Present,07:50,17:23,
09/07/26,Eniola,QC,Present,07:35,17:04,
09/07/26,Folake,Vault,Present,07:31,17:04,
09/07/26,Gbenga,Vault,Present,07:53,17:30,
09/07/26,Halima,Vault,Present,07:59,17:32,
09/07/26,Ifeanyi,Fulfillment,Present,07:36,17:25,
09/07/26,Jide,Fulfillment,Late,08:42,17:29,
09/07/26,Kunle,Fulfillment,Present,07:56,17:01,
09/07/26,Lara,Fulfillment,Present,07:44,17:30,
09/07/26,Mide,Fulfillment,Late,08:54,17:52,
10/07/26,Jennifer,Card Perso,Present,07:38,17:42,
10/07/26,Godday,Card Perso,Present,07:32,17:02,
10/07/26,Kingsley,Card Perso,Present,07:58,17:17,
10/07/26,Judith,Card Perso,Present,07:41,17:45,
10/07/26,Naomi,Card Perso,Present,07:50,17:26,
10/07/26,Chidinma,PMC,Present,07:36,17:17,
10/07/26,Emeka,PMC,Present,07:43,17:30,
10/07/26,Funke,PMC,Present,07:45,17:09,
10/07/26,Tunde,PMC,Late,08:20,17:51,
10/07/26,Amaka,PMC,Present,07:49,17:16,
10/07/26,Bola,PMC,Late,08:38,17:40,
10/07/26,Chuka,PMC,Present,07:44,17:17,
10/07/26,Dayo,PMC,Present,07:36,17:16,
10/07/26,Efe,Telco,Present,07:55,17:43,
10/07/26,Femi,Telco,Present,07:45,17:28,
10/07/26,Gift,Telco,Present,07:53,17:08,
10/07/26,Hadiza,Telco,Present,07:44,17:22,
10/07/26,Ibrahim,OC200,Leave,,,
10/07/26,Joy,OC200,Present,07:56,17:43,
10/07/26,Kemi,SM74,Late,08:56,17:37,
10/07/26,Lekan,SM74,Present,07:52,17:43,
10/07/26,Musa,Mailer Unit,Present,07:33,17:14,
10/07/26,Ngozi,Mailer Unit,Present,07:39,17:06,
10/07/26,Obinna,CTP Unit,Late,08:25,17:22,
10/07/26,Peace,CTP Unit,Present,07:52,17:40,
10/07/26,Queen,CTP Unit,Present,07:40,17:14,
10/07/26,Rotimi,IT,Present,07:44,17:37,
10/07/26,Sade,IT,Absent,,,
10/07/26,Tosin,Business,Present,07:49,17:33,
10/07/26,Uche,Business,Late,08:45,17:39,
10/07/26,Victor,Business,Late,08:22,17:57,
10/07/26,Wale,Business,Present,07:52,17:04,
10/07/26,Yemi,Admin,Late,08:39,17:31,
10/07/26,Zainab,Admin,Present,07:32,17:14,
10/07/26,Abiola,Admin,Present,07:38,17:27,
10/07/26,Blessing,QC,Present,07:36,17:12,
10/07/26,Chiamaka,QC,Present,07:53,17:12,
10/07/26,Damilola,QC,Present,07:57,17:12,
10/07/26,Eniola,QC,Present,07:57,17:22,
10/07/26,Folake,Vault,Present,07:46,17:40,
10/07/26,Gbenga,Vault,Leave,,,
10/07/26,Halima,Vault,Present,07:41,17:12,
10/07/26,Ifeanyi,Fulfillment,Present,07:47,17:27,
10/07/26,Jide,Fulfillment,Absent,,,
10/07/26,Kunle,Fulfillment,Present,07:52,17:03,
10/07/26,Lara,Fulfillment,Leave,,,
10/07/26,Mide,Fulfillment,Late,08:19,17:44,
13/07/26,Jennifer,Card Perso,Present,07:48,17:27,
13/07/26,Godday,Card Perso,Present,07:42,17:24,
13/07/26,Kingsley,Card Perso,Present,07:38,17:08,
13/07/26,Judith,Card Perso,Present,07:45,17:08,
13/07/26,Naomi,Card Perso,Present,07:58,17:36,
13/07/26,Chidinma,PMC,Present,07:37,17:28,
13/07/26,Emeka,PMC,Present,07:35,17:22,
13/07/26,Funke,PMC,Present,07:57,17:41,
13/07/26,Tunde,PMC,Present,07:31,17:03,
13/07/26,Amaka,PMC,Present,07:30,17:25,
13/07/26,Bola,PMC,Present,07:48,17:29,
13/07/26,Chuka,PMC,Present,07:53,17:05,
13/07/26,Dayo,PMC,Present,07:30,17:41,
13/07/26,Efe,Telco,Present,07:39,17:18,
13/07/26,Femi,Telco,Present,07:52,17:44,
13/07/26,Gift,Telco,Present,07:49,17:27,
13/07/26,Hadiza,Telco,Late,08:19,17:22,
13/07/26,Ibrahim,OC200,Present,07:38,17:12,
13/07/26,Joy,OC200,Present,07:39,17:03,
13/07/26,Kemi,SM74,Late,08:19,17:26,
13/07/26,Lekan,SM74,Present,07:37,17:01,
13/07/26,Musa,Mailer Unit,Present,07:55,17:34,
13/07/26,Ngozi,Mailer Unit,Present,07:55,17:38,
13/07/26,Obinna,CTP Unit,Present,07:40,17:19,
13/07/26,Peace,CTP Unit,Present,07:38,17:24,
13/07/26,Queen,CTP Unit,Present,07:47,17:28,
13/07/26,Rotimi,IT,Present,07:30,17:36,
13/07/26,Sade,IT,Present,07:42,17:10,
13/07/26,Tosin,Business,Leave,,,
13/07/26,Uche,Business,Present,07:34,17:24,
13/07/26,Victor,Business,Present,07:37,17:36,
13/07/26,Wale,Business,Present,07:34,17:20,
13/07/26,Yemi,Admin,Present,07:49,17:02,
13/07/26,Zainab,Admin,Present,07:33,17:41,
13/07/26,Abiola,Admin,Present,07:57,17:09,
13/07/26,Blessing,QC,Present,07:51,17:14,
13/07/26,Chiamaka,QC,Present,07:32,17:33,
13/07/26,Damilola,QC,Present,07:49,17:14,
13/07/26,Eniola,QC,Present,07:55,17:45,
13/07/26,Folake,Vault,Present,07:51,17:07,
13/07/26,Gbenga,Vault,Present,07:44,17:15,
13/07/26,Halima,Vault,Present,07:49,17:04,
13/07/26,Ifeanyi,Fulfillment,Present,07:50,17:36,
13/07/26,Jide,Fulfillment,Present,07:39,17:30,
13/07/26,Kunle,Fulfillment,Present,07:53,17:41,
13/07/26,Lara,Fulfillment,Absent,,,
13/07/26,Mide,Fulfillment,Late,08:41,17:42,
14/07/26,Jennifer,Card Perso,Present,07:51,17:12,
14/07/26,Godday,Card Perso,Absent,,,
14/07/26,Kingsley,Card Perso,Late,08:45,17:46,
14/07/26,Judith,Card Perso,Leave,,,
14/07/26,Naomi,Card Perso,Present,07:52,17:24,
14/07/26,Chidinma,PMC,Present,07:40,17:44,
14/07/26,Emeka,PMC,Present,07:30,17:40,
14/07/26,Funke,PMC,Present,07:45,17:23,
14/07/26,Tunde,PMC,Late,08:17,17:25,
14/07/26,Amaka,PMC,Present,07:43,17:23,
14/07/26,Bola,PMC,Present,07:34,17:18,
14/07/26,Chuka,PMC,Present,07:33,17:00,
14/07/26,Dayo,PMC,Present,07:40,17:31,
14/07/26,Efe,Telco,Present,07:41,17:21,
14/07/26,Femi,Telco,Present,07:53,17:37,
14/07/26,Gift,Telco,Late,08:24,17:52,
14/07/26,Hadiza,Telco,Present,07:50,17:02,
14/07/26,Ibrahim,OC200,Late,08:31,17:27,
14/07/26,Joy,OC200,Present,07:33,17:21,
14/07/26,Kemi,SM74,Present,07:54,17:28,
14/07/26,Lekan,SM74,Present,07:42,17:02,
14/07/26,Musa,Mailer Unit,Present,07:40,17:29,
14/07/26,Ngozi,Mailer Unit,Present,07:30,17:07,
14/07/26,Obinna,CTP Unit,Present,07:45,17:28,
14/07/26,Peace,CTP Unit,Present,07:34,17:29,
14/07/26,Queen,CTP Unit,Present,07:52,17:38,
14/07/26,Rotimi,IT,Present,07:52,17:24,
14/07/26,Sade,IT,Present,07:44,17:43,
14/07/26,Tosin,Business,Late,08:33,17:55,
14/07/26,Uche,Business,Present,07:32,17:14,
14/07/26,Victor,Business,Late,08:24,17:47,
14/07/26,Wale,Business,Present,07:44,17:25,
14/07/26,Yemi,Admin,Present,07:56,17:05,
14/07/26,Zainab,Admin,Present,07:39,17:04,
14/07/26,Abiola,Admin,Present,07:48,17:44,
14/07/26,Blessing,QC,Late,08:42,17:51,
14/07/26,Chiamaka,QC,Present,07:31,17:14,
14/07/26,Damilola,QC,Absent,,,
14/07/26,Eniola,QC,Present,07:41,17:03,
14/07/26,Folake,Vault,Present,07:35,17:05,
14/07/26,Gbenga,Vault,Present,07:38,17:33,
14/07/26,Halima,Vault,Present,07:52,17:40,
14/07/26,Ifeanyi,Fulfillment,Present,07:55,17:18,
14/07/26,Jide,Fulfillment,Present,07:34,17:22,
14/07/26,Kunle,Fulfillment,Present,07:54,17:34,
14/07/26,Lara,Fulfillment,Present,07:34,17:38,
14/07/26,Mide,Fulfillment,Present,07:48,17:23,
15/07/26,Jennifer,Card Perso,Present,07:45,17:29,
15/07/26,Godday,Card Perso,Present,07:44,17:14,
15/07/26,Kingsley,Card Perso,Present,07:49,17:11,
15/07/26,Judith,Card Perso,Present,07:31,17:12,
15/07/26,Naomi,Card Perso,Present,07:32,17:36,
15/07/26,Chidinma,PMC,Late,08:51,17:56,
15/07/26,Emeka,PMC,Present,07:40,17:01,
15/07/26,Funke,PMC,Present,07:59,17:10,
15/07/26,Tunde,PMC,Late,08:17,17:44,
15/07/26,Amaka,PMC,Present,07:55,17:03,
15/07/26,Bola,PMC,Late,08:43,17:51,
15/07/26,Chuka,PMC,Absent,,,
15/07/26,Dayo,PMC,Late,08:44,17:41,
15/07/26,Efe,Telco,Present,07:39,17:22,
15/07/26,Femi,Telco,Absent,,,
15/07/26,Gift,Telco,Late,08:38,17:41,
15/07/26,Hadiza,Telco,Present,07:53,17:38,
15/07/26,Ibrahim,OC200,Present,07:37,17:08,
15/07/26,Joy,OC200,Present,07:36,17:28,
15/07/26,Kemi,SM74,Present,07:44,17:30,
15/07/26,Lekan,SM74,Present,07:39,17:08,
15/07/26,Musa,Mailer Unit,Present,07:35,17:32,
15/07/26,Ngozi,Mailer Unit,Present,07:59,17:37,
15/07/26,Obinna,CTP Unit,Present,07:54,17:06,
15/07/26,Peace,CTP Unit,Present,07:59,17:29,
15/07/26,Queen,CTP Unit,Present,07:47,17:06,
15/07/26,Rotimi,IT,Late,08:24,17:46,
15/07/26,Sade,IT,Present,07:46,17:16,
15/07/26,Tosin,Business,Late,08:47,17:58,
15/07/26,Uche,Business,Present,07:49,17:01,
15/07/26,Victor,Business,Present,07:49,17:05,
15/07/26,Wale,Business,Late,08:20,17:32,
15/07/26,Yemi,Admin,Present,07:52,17:06,
15/07/26,Zainab,Admin,Present,07:37,17:04,
15/07/26,Abiola,Admin,Present,07:32,17:14,
15/07/26,Blessing,QC,Present,07:54,17:16,
15/07/26,Chiamaka,QC,Present,07:58,17:32,
15/07/26,Damilola,QC,Present,07:54,17:45,
15/07/26,Eniola,QC,Present,07:53,17:14,
15/07/26,Folake,Vault,Late,08:35,17:59,
15/07/26,Gbenga,Vault,Absent,,,
15/07/26,Halima,Vault,Present,07:55,17:45,
15/07/26,Ifeanyi,Fulfillment,Present,07:40,17:00,
15/07/26,Jide,Fulfillment,Absent,,,
15/07/26,Kunle,Fulfillment,Absent,,,
15/07/26,Lara,Fulfillment,Present,07:33,17:14,
15/07/26,Mide,Fulfillment,Absent,,,
16/07/26,Jennifer,Card Perso,Present,07:37,17:30,
16/07/26,Godday,Card Perso,Present,07:45,17:34,
16/07/26,Kingsley,Card Perso,Present,07:58,17:17,
16/07/26,Judith,Card Perso,Present,07:58,17:43,
16/07/26,Naomi,Card Perso,Late,08:17,17:33,
16/07/26,Chidinma,PMC,Leave,,,
16/07/26,Emeka,PMC,Present,07:53,17:35,
16/07/26,Funke,PMC,Present,07:43,17:37,
16/07/26,Tunde,PMC,Present,07:57,17:05,
16/07/26,Amaka,PMC,Present,07:44,17:33,
16/07/26,Bola,PMC,Absent,,,
16/07/26,Chuka,PMC,Present,07:30,17:00,
16/07/26,Dayo,PMC,Late,08:21,17:33,
16/07/26,Efe,Telco,Present,07:33,17:43,
16/07/26,Femi,Telco,Absent,,,
16/07/26,Gift,Telco,Present,07:44,17:33,
16/07/26,Hadiza,Telco,Present,07:42,17:15,
16/07/26,Ibrahim,OC200,Present,07:31,17:12,
16/07/26,Joy,OC200,Present,07:54,17:01,
16/07/26,Kemi,SM74,Present,07:33,17:13,
16/07/26,Lekan,SM74,Present,07:41,17:29,
16/07/26,Musa,Mailer Unit,Present,07:47,17:22,
16/07/26,Ngozi,Mailer Unit,Present,07:34,17:45,
16/07/26,Obinna,CTP Unit,Present,07:43,17:31,
16/07/26,Peace,CTP Unit,Present,07:36,17:10,
16/07/26,Queen,CTP Unit,Present,07:46,17:18,
16/07/26,Rotimi,IT,Present,07:50,17:41,
16/07/26,Sade,IT,Present,07:45,17:01,
16/07/26,Tosin,Business,Late,08:47,17:39,
16/07/26,Uche,Business,Present,07:35,17:45,
16/07/26,Victor,Business,Present,07:44,17:45,
16/07/26,Wale,Business,Late,08:16,17:29,
16/07/26,Yemi,Admin,Late,08:25,17:24,
16/07/26,Zainab,Admin,Present,07:59,17:02,
16/07/26,Abiola,Admin,Present,07:57,17:25,
16/07/26,Blessing,QC,Late,08:32,17:31,
16/07/26,Chiamaka,QC,Present,07:58,17:05,
16/07/26,Damilola,QC,Present,07:37,17:05,
16/07/26,Eniola,QC,Late,08:33,17:41,
16/07/26,Folake,Vault,Present,07:57,17:43,
16/07/26,Gbenga,Vault,Present,07:53,17:21,
16/07/26,Halima,Vault,Absent,,,
16/07/26,Ifeanyi,Fulfillment,Present,07:54,17:06,
16/07/26,Jide,Fulfillment,Present,07:43,17:36,
16/07/26,Kunle,Fulfillment,Present,07:34,17:24,
16/07/26,Lara,Fulfillment,Present,07:55,17:42,
16/07/26,Mide,Fulfillment,Present,07:56,17:01,
17/07/26,Jennifer,Card Perso,Present,07:53,17:24,
17/07/26,Godday,Card Perso,Present,07:31,17:29,
17/07/26,Kingsley,Card Perso,Present,07:46,17:11,
17/07/26,Judith,Card Perso,Present,07:49,17:36,
17/07/26,Naomi,Card Perso,Present,07:52,17:43,
17/07/26,Chidinma,PMC,Present,07:48,17:41,
17/07/26,Emeka,PMC,Present,07:39,17:41,
17/07/26,Funke,PMC,Leave,,,
17/07/26,Tunde,PMC,Late,08:37,17:39,
17/07/26,Amaka,PMC,Late,08:39,17:54,
17/07/26,Bola,PMC,Late,08:44,17:50,
17/07/26,Chuka,PMC,Present,07:30,17:05,
17/07/26,Dayo,PMC,Present,07:57,17:17,
17/07/26,Efe,Telco,Absent,,,
17/07/26,Femi,Telco,Present,07:44,17:36,
17/07/26,Gift,Telco,Late,08:43,17:31,
17/07/26,Hadiza,Telco,Present,07:53,17:07,
17/07/26,Ibrahim,OC200,Late,08:30,17:19,
17/07/26,Joy,OC200,Present,07:36,17:38,
17/07/26,Kemi,SM74,Present,07:33,17:18,
17/07/26,Lekan,SM74,Present,07:54,17:38,
17/07/26,Musa,Mailer Unit,Present,07:43,17:36,
17/07/26,Ngozi,Mailer Unit,Present,07:54,17:07,
17/07/26,Obinna,CTP Unit,Present,07:36,17:35,
17/07/26,Peace,CTP Unit,Present,07:54,17:31,
17/07/26,Queen,CTP Unit,Present,07:59,17:01,
17/07/26,Rotimi,IT,Late,08:33,17:28,
17/07/26,Sade,IT,Late,08:20,17:20,
17/07/26,Tosin,Business,Present,07:41,17:03,
17/07/26,Uche,Business,Present,07:39,17:37,
17/07/26,Victor,Business,Present,07:57,17:15,
17/07/26,Wale,Business,Late,08:36,17:40,
17/07/26,Yemi,Admin,Present,07:41,17:05,
17/07/26,Zainab,Admin,Present,07:30,17:10,
17/07/26,Abiola,Admin,Present,07:36,17:44,
17/07/26,Blessing,QC,Late,08:26,17:32,
17/07/26,Chiamaka,QC,Present,07:39,17:01,
17/07/26,Damilola,QC,Present,07:45,17:19,
17/07/26,Eniola,QC,Present,07:30,17:18,
17/07/26,Folake,Vault,Present,07:48,17:30,
17/07/26,Gbenga,Vault,Present,07:45,17:31,
17/07/26,Halima,Vault,Present,07:58,17:04,
17/07/26,Ifeanyi,Fulfillment,Leave,,,
17/07/26,Jide,Fulfillment,Present,07:52,17:09,
17/07/26,Kunle,Fulfillment,Present,07:48,17:13,
17/07/26,Lara,Fulfillment,Present,07:31,17:34,
17/07/26,Mide,Fulfillment,Late,08:29,17:54,
20/07/26,Jennifer,Card Perso,Late,08:46,17:50,
20/07/26,Godday,Card Perso,Present,07:53,17:08,
20/07/26,Kingsley,Card Perso,Present,07:57,17:18,
20/07/26,Judith,Card Perso,Present,07:46,17:32,
20/07/26,Naomi,Card Perso,Present,07:40,17:18,
20/07/26,Chidinma,PMC,Present,07:35,17:16,
20/07/26,Emeka,PMC,Present,07:40,17:00,
20/07/26,Funke,PMC,Present,07:54,17:36,
20/07/26,Tunde,PMC,Present,07:54,17:11,
20/07/26,Amaka,PMC,Late,08:25,17:56,
20/07/26,Bola,PMC,Present,07:47,17:41,
20/07/26,Chuka,PMC,Present,07:39,17:24,
20/07/26,Dayo,PMC,Present,07:52,17:03,
20/07/26,Efe,Telco,Present,07:41,17:32,
20/07/26,Femi,Telco,Late,08:28,17:28,
20/07/26,Gift,Telco,Present,07:42,17:38,
20/07/26,Hadiza,Telco,Present,07:31,17:17,
20/07/26,Ibrahim,OC200,Late,08:23,17:22,
20/07/26,Joy,OC200,Late,08:51,17:17,
20/07/26,Kemi,SM74,Present,07:46,17:11,
20/07/26,Lekan,SM74,Present,07:50,17:38,
20/07/26,Musa,Mailer Unit,Present,07:48,17:20,
20/07/26,Ngozi,Mailer Unit,Present,07:52,17:11,
20/07/26,Obinna,CTP Unit,Present,07:41,17:45,
20/07/26,Peace,CTP Unit,Present,07:38,17:08,
20/07/26,Queen,CTP Unit,Absent,,,
20/07/26,Rotimi,IT,Present,07:49,17:16,
20/07/26,Sade,IT,Present,07:37,17:09,
20/07/26,Tosin,Business,Present,07:54,17:21,
20/07/26,Uche,Business,Late,08:59,17:57,
20/07/26,Victor,Business,Present,07:55,17:23,
20/07/26,Wale,Business,Late,08:35,17:16,
20/07/26,Yemi,Admin,Present,07:37,17:44,
20/07/26,Zainab,Admin,Present,07:33,17:42,
20/07/26,Abiola,Admin,Present,07:30,17:02,
20/07/26,Blessing,QC,Present,07:34,17:05,
20/07/26,Chiamaka,QC,Present,07:49,17:12,
20/07/26,Damilola,QC,Present,07:45,17:07,
20/07/26,Eniola,QC,Present,07:55,17:23,
20/07/26,Folake,Vault,Late,08:36,17:45,
20/07/26,Gbenga,Vault,Present,07:56,17:18,
20/07/26,Halima,Vault,Present,07:30,17:16,
20/07/26,Ifeanyi,Fulfillment,Present,07:51,17:39,
20/07/26,Jide,Fulfillment,Present,07:51,17:44,
20/07/26,Kunle,Fulfillment,Present,07:44,17:32,
20/07/26,Lara,Fulfillment,Present,07:35,17:27,
20/07/26,Mide,Fulfillment,Present,07:56,17:18,
21/07/26,Jennifer,Card Perso,Present,07:31,17:34,
21/07/26,Godday,Card Perso,Present,07:52,17:12,
21/07/26,Kingsley,Card Perso,Present,07:46,17:22,
21/07/26,Judith,Card Perso,Present,07:43,17:34,
21/07/26,Naomi,Card Perso,Present,07:41,17:14,
21/07/26,Chidinma,PMC,Present,07:37,17:01,
21/07/26,Emeka,PMC,Present,07:41,17:10,
21/07/26,Funke,PMC,Present,07:31,17:03,
21/07/26,Tunde,PMC,Present,07:33,17:17,
21/07/26,Amaka,PMC,Present,07:56,17:04,
21/07/26,Bola,PMC,Late,08:47,17:17,
21/07/26,Chuka,PMC,Present,07:58,17:39,
21/07/26,Dayo,PMC,Present,07:36,17:35,
21/07/26,Efe,Telco,Present,07:36,17:10,
21/07/26,Femi,Telco,Late,08:55,17:39,
21/07/26,Gift,Telco,Present,07:48,17:33,
21/07/26,Hadiza,Telco,Present,07:58,17:40,
21/07/26,Ibrahim,OC200,Present,07:37,17:10,
21/07/26,Joy,OC200,Present,07:59,17:43,
21/07/26,Kemi,SM74,Leave,,,
21/07/26,Lekan,SM74,Present,07:55,17:03,
21/07/26,Musa,Mailer Unit,Present,07:40,17:30,
21/07/26,Ngozi,Mailer Unit,Present,07:58,17:40,
21/07/26,Obinna,CTP Unit,Present,07:53,17:06,
21/07/26,Peace,CTP Unit,Present,07:48,17:35,
21/07/26,Queen,CTP Unit,Absent,,,
21/07/26,Rotimi,IT,Present,07:57,17:26,
21/07/26,Sade,IT,Present,07:41,17:32,
21/07/26,Tosin,Business,Present,07:31,17:23,
21/07/26,Uche,Business,Present,07:44,17:01,
21/07/26,Victor,Business,Present,07:49,17:03,
21/07/26,Wale,Business,Present,07:46,17:01,
21/07/26,Yemi,Admin,Present,07:59,17:15,
21/07/26,Zainab,Admin,Present,07:59,17:03,
21/07/26,Abiola,Admin,Present,07:49,17:13,
21/07/26,Blessing,QC,Present,07:37,17:17,
21/07/26,Chiamaka,QC,Present,07:33,17:03,
21/07/26,Damilola,QC,Present,07:54,17:44,
21/07/26,Eniola,QC,Absent,,,
21/07/26,Folake,Vault,Present,07:37,17:19,
21/07/26,Gbenga,Vault,Present,07:57,17:07,
21/07/26,Halima,Vault,Present,07:42,17:17,
21/07/26,Ifeanyi,Fulfillment,Present,07:35,17:03,
21/07/26,Jide,Fulfillment,Present,07:44,17:11,
21/07/26,Kunle,Fulfillment,Present,07:52,17:40,
21/07/26,Lara,Fulfillment,Present,07:43,17:39,
21/07/26,Mide,Fulfillment,Present,07:39,17:20,
22/07/26,Jennifer,Card Perso,Present,07:42,17:34,
22/07/26,Godday,Card Perso,Present,07:43,17:13,
22/07/26,Kingsley,Card Perso,Present,07:34,17:36,
22/07/26,Judith,Card Perso,Present,07:43,17:11,
22/07/26,Naomi,Card Perso,Present,07:54,17:41,
22/07/26,Chidinma,PMC,Late,08:33,17:28,
22/07/26,Emeka,PMC,Present,07:48,17:42,
22/07/26,Funke,PMC,Present,07:40,17:20,
22/07/26,Tunde,PMC,Present,07:51,17:06,
22/07/26,Amaka,PMC,Present,07:44,17:00,
22/07/26,Bola,PMC,Present,07:49,17:16,
22/07/26,Chuka,PMC,Present,07:46,17:37,
22/07/26,Dayo,PMC,Present,07:55,17:05,
22/07/26,Efe,Telco,Present,07:42,17:24,
22/07/26,Femi,Telco,Present,07:43,17:20,
22/07/26,Gift,Telco,Present,07:41,17:41,
22/07/26,Hadiza,Telco,Present,07:30,17:11,
22/07/26,Ibrahim,OC200,Absent,,,
22/07/26,Joy,OC200,Present,07:32,17:36,
22/07/26,Kemi,SM74,Present,07:52,17:19,
22/07/26,Lekan,SM74,Present,07:47,17:31,
22/07/26,Musa,Mailer Unit,Present,07:55,17:14,
22/07/26,Ngozi,Mailer Unit,Present,07:48,17:16,
22/07/26,Obinna,CTP Unit,Late,08:22,17:18,
22/07/26,Peace,CTP Unit,Present,07:47,17:25,
22/07/26,Queen,CTP Unit,Absent,,,
22/07/26,Rotimi,IT,Present,07:46,17:40,
22/07/26,Sade,IT,Present,07:41,17:09,
22/07/26,Tosin,Business,Present,07:38,17:17,
22/07/26,Uche,Business,Present,07:47,17:19,
22/07/26,Victor,Business,Present,07:41,17:24,
22/07/26,Wale,Business,Present,07:35,17:02,
22/07/26,Yemi,Admin,Present,07:34,17:37,
22/07/26,Zainab,Admin,Present,07:37,17:20,
22/07/26,Abiola,Admin,Present,07:31,17:06,
22/07/26,Blessing,QC,Present,07:48,17:04,
22/07/26,Chiamaka,QC,Present,07:37,17:01,
22/07/26,Damilola,QC,Present,07:53,17:43,
22/07/26,Eniola,QC,Present,07:43,17:00,
22/07/26,Folake,Vault,Absent,,,
22/07/26,Gbenga,Vault,Present,07:49,17:29,
22/07/26,Halima,Vault,Present,07:59,17:28,
22/07/26,Ifeanyi,Fulfillment,Late,08:21,17:52,
22/07/26,Jide,Fulfillment,Present,07:40,17:02,
22/07/26,Kunle,Fulfillment,Present,07:34,17:21,
22/07/26,Lara,Fulfillment,Present,07:44,17:38,
22/07/26,Mide,Fulfillment,Present,07:48,17:22,
23/07/26,Jennifer,Card Perso,Present,07:51,17:00,
23/07/26,Godday,Card Perso,Present,07:58,17:38,
23/07/26,Kingsley,Card Perso,Present,07:57,17:18,
23/07/26,Judith,Card Perso,Present,07:45,17:20,
23/07/26,Naomi,Card Perso,Leave,,,
23/07/26,Chidinma,PMC,Absent,,,
23/07/26,Emeka,PMC,Late,08:39,17:37,
23/07/26,Funke,PMC,Present,07:41,17:19,
23/07/26,Tunde,PMC,Present,07:51,17:02,
23/07/26,Amaka,PMC,Present,07:38,17:44,
23/07/26,Bola,PMC,Leave,,,
23/07/26,Chuka,PMC,Late,08:25,17:38,
23/07/26,Dayo,PMC,Present,07:52,17:06,
23/07/26,Efe,Telco,Present,07:47,17:11,
23/07/26,Femi,Telco,Present,07:53,17:13,
23/07/26,Gift,Telco,Present,07:50,17:12,
23/07/26,Hadiza,Telco,Late,08:20,17:47,
23/07/26,Ibrahim,OC200,Late,08:18,17:50,
23/07/26,Joy,OC200,Present,07:54,17:24,
23/07/26,Kemi,SM74,Present,07:37,17:41,
23/07/26,Lekan,SM74,Present,07:50,17:29,
23/07/26,Musa,Mailer Unit,Present,07:30,17:09,
23/07/26,Ngozi,Mailer Unit,Late,08:53,17:49,
23/07/26,Obinna,CTP Unit,Leave,,,
23/07/26,Peace,CTP Unit,Present,07:58,17:31,
23/07/26,Queen,CTP Unit,Present,07:40,17:08,
23/07/26,Rotimi,IT,Present,07:35,17:41,
23/07/26,Sade,IT,Present,07:45,17:18,
23/07/26,Tosin,Business,Present,07:43,17:07,
23/07/26,Uche,Business,Absent,,,
23/07/26,Victor,Business,Late,08:43,17:23,
23/07/26,Wale,Business,Present,07:51,17:19,
23/07/26,Yemi,Admin,Late,08:25,17:32,
23/07/26,Zainab,Admin,Present,07:50,17:16,
23/07/26,Abiola,Admin,Present,07:38,17:00,
23/07/26,Blessing,QC,Present,07:55,17:29,
23/07/26,Chiamaka,QC,Present,07:37,17:28,
23/07/26,Damilola,QC,Present,07:30,17:28,
23/07/26,Eniola,QC,Present,07:35,17:22,
23/07/26,Folake,Vault,Present,07:49,17:44,
23/07/26,Gbenga,Vault,Present,07:45,17:34,
23/07/26,Halima,Vault,Present,07:43,17:25,
23/07/26,Ifeanyi,Fulfillment,Present,07:45,17:25,
23/07/26,Jide,Fulfillment,Present,07:39,17:25,
23/07/26,Kunle,Fulfillment,Present,07:40,17:28,
23/07/26,Lara,Fulfillment,Present,07:52,17:08,
23/07/26,Mide,Fulfillment,Present,07:54,17:07,
24/07/26,Jennifer,Card Perso,Present,07:54,17:15,
24/07/26,Godday,Card Perso,Present,07:40,17:43,
24/07/26,Kingsley,Card Perso,Present,07:33,17:15,
24/07/26,Judith,Card Perso,Present,07:42,17:45,
24/07/26,Naomi,Card Perso,Present,07:57,17:32,
24/07/26,Chidinma,PMC,Present,07:54,17:35,
24/07/26,Emeka,PMC,Present,07:53,17:31,
24/07/26,Funke,PMC,Present,07:45,17:11,
24/07/26,Tunde,PMC,Present,07:49,17:14,
24/07/26,Amaka,PMC,Present,07:58,17:42,
24/07/26,Bola,PMC,Present,07:40,17:12,
24/07/26,Chuka,PMC,Present,07:42,17:00,
24/07/26,Dayo,PMC,Present,07:37,17:40,
24/07/26,Efe,Telco,Present,07:51,17:25,
24/07/26,Femi,Telco,Present,07:37,17:07,
24/07/26,Gift,Telco,Present,07:58,17:29,
24/07/26,Hadiza,Telco,Present,07:57,17:18,
24/07/26,Ibrahim,OC200,Present,07:34,17:41,
24/07/26,Joy,OC200,Present,07:32,17:06,
24/07/26,Kemi,SM74,Present,07:51,17:44,
24/07/26,Lekan,SM74,Present,07:34,17:31,
24/07/26,Musa,Mailer Unit,Present,07:37,17:04,
24/07/26,Ngozi,Mailer Unit,Present,07:52,17:01,
24/07/26,Obinna,CTP Unit,Present,07:57,17:17,
24/07/26,Peace,CTP Unit,Present,07:44,17:03,
24/07/26,Queen,CTP Unit,Present,07:41,17:41,
24/07/26,Rotimi,IT,Present,07:50,17:18,
24/07/26,Sade,IT,Present,07:48,17:14,
24/07/26,Tosin,Business,Present,07:40,17:15,
24/07/26,Uche,Business,Present,07:59,17:38,
24/07/26,Victor,Business,Present,07:56,17:26,
24/07/26,Wale,Business,Present,07:48,17:11,
24/07/26,Yemi,Admin,Present,07:53,17:25,
24/07/26,Zainab,Admin,Late,08:39,17:27,
24/07/26,Abiola,Admin,Late,08:22,17:37,
24/07/26,Blessing,QC,Present,07:48,17:29,
24/07/26,Chiamaka,QC,Present,07:56,17:14,
24/07/26,Damilola,QC,Present,07:49,17:34,
24/07/26,Eniola,QC,Present,07:50,17:28,
24/07/26,Folake,Vault,Present,07:46,17:37,
24/07/26,Gbenga,Vault,Present,07:49,17:36,
24/07/26,Halima,Vault,Present,07:46,17:27,
24/07/26,Ifeanyi,Fulfillment,Present,07:31,17:23,
24/07/26,Jide,Fulfillment,Late,08:53,17:47,
24/07/26,Kunle,Fulfillment,Late,08:20,17:22,
24/07/26,Lara,Fulfillment,Present,07:37,17:17,
24/07/26,Mide,Fulfillment,Late,08:22,17:20,
27/07/26,Jennifer,Card Perso,Absent,,,
27/07/26,Godday,Card Perso,Present,07:47,17:20,
27/07/26,Kingsley,Card Perso,Present,07:31,17:27,
27/07/26,Judith,Card Perso,Present,07:33,17:17,
27/07/26,Naomi,Card Perso,Present,07:42,17:09,
27/07/26,Chidinma,PMC,Absent,,,
27/07/26,Emeka,PMC,Present,07:45,17:09,
27/07/26,Funke,PMC,Present,07:53,17:33,
27/07/26,Tunde,PMC,Present,07:39,17:06,
27/07/26,Amaka,PMC,Present,07:30,17:00,
27/07/26,Bola,PMC,Present,07:36,17:42,
27/07/26,Chuka,PMC,Present,07:46,17:37,
27/07/26,Dayo,PMC,Present,07:41,17:00,
27/07/26,Efe,Telco,Present,07:52,17:10,
27/07/26,Femi,Telco,Present,07:39,17:25,
27/07/26,Gift,Telco,Present,07:33,17:13,
27/07/26,Hadiza,Telco,Present,07:54,17:02,
27/07/26,Ibrahim,OC200,Present,07:54,17:33,
27/07/26,Joy,OC200,Present,07:51,17:23,
27/07/26,Kemi,SM74,Present,07:51,17:42,
27/07/26,Lekan,SM74,Present,07:56,17:10,
27/07/26,Musa,Mailer Unit,Late,08:57,17:45,
27/07/26,Ngozi,Mailer Unit,Present,07:35,17:20,
27/07/26,Obinna,CTP Unit,Late,08:23,17:44,
27/07/26,Peace,CTP Unit,Present,07:53,17:24,
27/07/26,Queen,CTP Unit,Present,07:36,17:26,
27/07/26,Rotimi,IT,Present,07:56,17:27,
27/07/26,Sade,IT,Present,07:34,17:41,
27/07/26,Tosin,Business,Late,08:48,17:37,
27/07/26,Uche,Business,Present,07:34,17:15,
27/07/26,Victor,Business,Present,07:40,17:11,
27/07/26,Wale,Business,Present,07:35,17:01,
27/07/26,Yemi,Admin,Present,07:32,17:24,
27/07/26,Zainab,Admin,Present,07:33,17:17,
27/07/26,Abiola,Admin,Absent,,,
27/07/26,Blessing,QC,Present,07:41,17:42,
27/07/26,Chiamaka,QC,Present,07:46,17:29,
27/07/26,Damilola,QC,Present,07:55,17:44,
27/07/26,Eniola,QC,Present,07:55,17:37,
27/07/26,Folake,Vault,Present,07:31,17:15,
27/07/26,Gbenga,Vault,Late,08:41,17:36,
27/07/26,Halima,Vault,Present,07:57,17:07,
27/07/26,Ifeanyi,Fulfillment,Present,07:57,17:32,
27/07/26,Jide,Fulfillment,Present,07:35,17:18,
27/07/26,Kunle,Fulfillment,Present,07:45,17:41,
27/07/26,Lara,Fulfillment,Present,07:34,17:33,
27/07/26,Mide,Fulfillment,Present,07:39,17:04,
28/07/26,Jennifer,Card Perso,Leave,,,
28/07/26,Godday,Card Perso,Present,07:52,17:16,
28/07/26,Kingsley,Card Perso,Present,07:55,17:42,
28/07/26,Judith,Card Perso,Present,07:51,17:25,
28/07/26,Naomi,Card Perso,Present,07:34,17:29,
28/07/26,Chidinma,PMC,Present,07:56,17:21,
28/07/26,Emeka,PMC,Present,07:58,17:20,
28/07/26,Funke,PMC,Late,08:34,17:35,
28/07/26,Tunde,PMC,Present,07:54,17:44,
28/07/26,Amaka,PMC,Present,07:48,17:05,
28/07/26,Bola,PMC,Present,07:35,17:04,
28/07/26,Chuka,PMC,Present,07:48,17:23,
28/07/26,Dayo,PMC,Present,07:48,17:19,
28/07/26,Efe,Telco,Present,07:55,17:39,
28/07/26,Femi,Telco,Present,07:33,17:14,
28/07/26,Gift,Telco,Late,08:45,17:59,
28/07/26,Hadiza,Telco,Present,07:39,17:13,
28/07/26,Ibrahim,OC200,Present,07:42,17:38,
28/07/26,Joy,OC200,Present,07:53,17:44,
28/07/26,Kemi,SM74,Present,07:53,17:40,
28/07/26,Lekan,SM74,Present,07:32,17:05,
28/07/26,Musa,Mailer Unit,Present,07:43,17:03,
28/07/26,Ngozi,Mailer Unit,Present,07:36,17:36,
28/07/26,Obinna,CTP Unit,Present,07:48,17:38,
28/07/26,Peace,CTP Unit,Present,07:32,17:20,
28/07/26,Queen,CTP Unit,Present,07:37,17:18,
28/07/26,Rotimi,IT,Present,07:59,17:14,
28/07/26,Sade,IT,Present,07:36,17:06,
28/07/26,Tosin,Business,Present,07:51,17:41,
28/07/26,Uche,Business,Present,07:57,17:20,
28/07/26,Victor,Business,Late,08:50,17:34,
28/07/26,Wale,Business,Present,07:34,17:30,
28/07/26,Yemi,Admin,Present,07:47,17:36,
28/07/26,Zainab,Admin,Present,07:46,17:35,
28/07/26,Abiola,Admin,Late,08:57,17:54,
28/07/26,Blessing,QC,Present,07:38,17:09,
28/07/26,Chiamaka,QC,Present,07:50,17:23,
28/07/26,Damilola,QC,Present,07:45,17:14,
28/07/26,Eniola,QC,Present,07:33,17:02,
28/07/26,Folake,Vault,Present,07:41,17:00,
28/07/26,Gbenga,Vault,Present,07:32,17:44,
28/07/26,Halima,Vault,Present,07:45,17:13,
28/07/26,Ifeanyi,Fulfillment,Present,07:51,17:29,
28/07/26,Jide,Fulfillment,Late,08:31,17:58,
28/07/26,Kunle,Fulfillment,Present,07:33,17:26,
28/07/26,Lara,Fulfillment,Present,07:35,17:05,
28/07/26,Mide,Fulfillment,Present,07:53,17:27,
29/07/26,Jennifer,Card Perso,Late,08:41,17:56,
29/07/26,Godday,Card Perso,Present,07:57,17:09,
29/07/26,Kingsley,Card Perso,Present,07:59,17:12,
29/07/26,Judith,Card Perso,Present,07:57,17:07,
29/07/26,Naomi,Card Perso,Present,07:42,17:09,
29/07/26,Chidinma,PMC,Present,07:52,17:33,
29/07/26,Emeka,PMC,Present,07:34,17:31,
29/07/26,Funke,PMC,Present,07:35,17:41,
29/07/26,Tunde,PMC,Present,07:30,17:14,
29/07/26,Amaka,PMC,Late,08:21,17:18,
29/07/26,Bola,PMC,Present,07:30,17:33,
29/07/26,Chuka,PMC,Present,07:35,17:30,
29/07/26,Dayo,PMC,Present,07:39,17:45,
29/07/26,Efe,Telco,Present,07:59,17:04,
29/07/26,Femi,Telco,Present,07:31,17:08,
29/07/26,Gift,Telco,Present,07:48,17:34,
29/07/26,Hadiza,Telco,Present,07:50,17:30,
29/07/26,Ibrahim,OC200,Present,07:32,17:18,
29/07/26,Joy,OC200,Present,07:52,17:03,
29/07/26,Kemi,SM74,Present,07:40,17:04,
29/07/26,Lekan,SM74,Present,07:41,17:02,
29/07/26,Musa,Mailer Unit,Present,07:30,17:00,
29/07/26,Ngozi,Mailer Unit,Present,07:38,17:20,
29/07/26,Obinna,CTP Unit,Present,07:51,17:37,
29/07/26,Peace,CTP Unit,Present,07:55,17:07,
29/07/26,Queen,CTP Unit,Present,07:57,17:18,
29/07/26,Rotimi,IT,Present,07:32,17:39,
29/07/26,Sade,IT,Present,07:32,17:42,
29/07/26,Tosin,Business,Present,07:31,17:31,
29/07/26,Uche,Business,Present,07:47,17:08,
29/07/26,Victor,Business,Present,07:51,17:16,
29/07/26,Wale,Business,Present,07:44,17:04,
29/07/26,Yemi,Admin,Present,07:50,17:06,
29/07/26,Zainab,Admin,Present,07:37,17:10,
29/07/26,Abiola,Admin,Late,08:48,17:26,
29/07/26,Blessing,QC,Present,07:41,17:27,
29/07/26,Chiamaka,QC,Late,08:49,17:38,
29/07/26,Damilola,QC,Present,07:44,17:13,
29/07/26,Eniola,QC,Present,07:51,17:02,
29/07/26,Folake,Vault,Present,07:51,17:43,
29/07/26,Gbenga,Vault,Late,08:59,17:23,
29/07/26,Halima,Vault,Present,07:49,17:17,
29/07/26,Ifeanyi,Fulfillment,Present,07:41,17:31,
29/07/26,Jide,Fulfillment,Late,08:54,17:52,
29/07/26,Kunle,Fulfillment,Leave,,,
29/07/26,Lara,Fulfillment,Present,07:56,17:00,
29/07/26,Mide,Fulfillment,Absent,,,
30/07/26,Jennifer,Card Perso,Present,07:55,17:16,
30/07/26,Godday,Card Perso,Present,07:55,17:37,
30/07/26,Kingsley,Card Perso,Present,07:48,17:15,
30/07/26,Judith,Card Perso,Present,07:36,17:06,
30/07/26,Naomi,Card Perso,Present,07:52,17:03,
30/07/26,Chidinma,PMC,Present,07:36,17:39,
30/07/26,Emeka,PMC,Late,08:51,17:41,
30/07/26,Funke,PMC,Present,07:48,17:23,
30/07/26,Tunde,PMC,Present,07:58,17:32,
30/07/26,Amaka,PMC,Present,07:47,17:41,
30/07/26,Bola,PMC,Present,07:49,17:22,
30/07/26,Chuka,PMC,Present,07:38,17:41,
30/07/26,Dayo,PMC,Present,07:54,17:29,
30/07/26,Efe,Telco,Present,07:42,17:08,
30/07/26,Femi,Telco,Present,07:47,17:39,
30/07/26,Gift,Telco,Present,07:31,17:38,
30/07/26,Hadiza,Telco,Present,07:44,17:08,
30/07/26,Ibrahim,OC200,Late,08:58,17:31,
30/07/26,Joy,OC200,Present,07:43,17:11,
30/07/26,Kemi,SM74,Present,07:54,17:13,
30/07/26,Lekan,SM74,Present,07:34,17:31,
30/07/26,Musa,Mailer Unit,Present,07:58,17:12,
30/07/26,Ngozi,Mailer Unit,Present,07:35,17:13,
30/07/26,Obinna,CTP Unit,Present,07:38,17:15,
30/07/26,Peace,CTP Unit,Present,07:55,17:35,
30/07/26,Queen,CTP Unit,Present,07:38,17:03,
30/07/26,Rotimi,IT,Late,08:17,17:52,
30/07/26,Sade,IT,Present,07:57,17:02,
30/07/26,Tosin,Business,Present,07:32,17:37,
30/07/26,Uche,Business,Present,07:43,17:12,
30/07/26,Victor,Business,Late,08:31,17:53,
30/07/26,Wale,Business,Present,07:50,17:34,
30/07/26,Yemi,Admin,Present,07:48,17:01,
30/07/26,Zainab,Admin,Present,07:47,17:07,
30/07/26,Abiola,Admin,Present,07:58,17:31,
30/07/26,Blessing,QC,Present,07:51,17:19,
30/07/26,Chiamaka,QC,Late,08:37,17:53,
30/07/26,Damilola,QC,Late,08:56,17:34,
30/07/26,Eniola,QC,Late,08:59,17:34,
30/07/26,Folake,Vault,Present,07:34,17:12,
30/07/26,Gbenga,Vault,Late,08:48,17:55,
30/07/26,Halima,Vault,Present,07:50,17:42,
30/07/26,Ifeanyi,Fulfillment,Present,07:40,17:35,
30/07/26,Jide,Fulfillment,Present,07:32,17:01,
30/07/26,Kunle,Fulfillment,Present,07:34,17:35,
30/07/26,Lara,Fulfillment,Present,07:56,17:34,
30/07/26,Mide,Fulfillment,Present,07:46,17:15,
31/07/26,Jennifer,Card Perso,Late,08:19,17:35,
31/07/26,Godday,Card Perso,Late,08:59,17:17,
31/07/26,Kingsley,Card Perso,Present,07:31,17:12,
31/07/26,Judith,Card Perso,Present,07:58,17:16,
31/07/26,Naomi,Card Perso,Present,07:52,17:05,
31/07/26,Chidinma,PMC,Present,07:35,17:22,
31/07/26,Emeka,PMC,Present,07:52,17:42,
31/07/26,Funke,PMC,Leave,,,
31/07/26,Tunde,PMC,Present,07:45,17:05,
31/07/26,Amaka,PMC,Present,07:55,17:03,
31/07/26,Bola,PMC,Present,07:38,17:11,
31/07/26,Chuka,PMC,Present,07:38,17:25,
31/07/26,Dayo,PMC,Present,07:58,17:04,
31/07/26,Efe,Telco,Present,07:36,17:22,
31/07/26,Femi,Telco,Present,07:35,17:32,
31/07/26,Gift,Telco,Late,08:29,17:36,
31/07/26,Hadiza,Telco,Present,07:51,17:25,
31/07/26,Ibrahim,OC200,Absent,,,
31/07/26,Joy,OC200,Present,07:42,17:01,
31/07/26,Kemi,SM74,Late,08:58,17:15,
31/07/26,Lekan,SM74,Present,07:46,17:38,
31/07/26,Musa,Mailer Unit,Present,07:49,17:09,
31/07/26,Ngozi,Mailer Unit,Present,07:42,17:24,
31/07/26,Obinna,CTP Unit,Present,07:37,17:18,
31/07/26,Peace,CTP Unit,Present,07:45,17:39,
31/07/26,Queen,CTP Unit,Present,07:35,17:12,
31/07/26,Rotimi,IT,Present,07:30,17:05,
31/07/26,Sade,IT,Present,07:37,17:29,
31/07/26,Tosin,Business,Present,07:37,17:07,
31/07/26,Uche,Business,Present,07:56,17:38,
31/07/26,Victor,Business,Present,07:54,17:33,
31/07/26,Wale,Business,Present,07:43,17:19,
31/07/26,Yemi,Admin,Present,07:32,17:37,
31/07/26,Zainab,Admin,Late,08:30,17:31,
31/07/26,Abiola,Admin,Present,07:30,17:17,
31/07/26,Blessing,QC,Present,07:52,17:43,
31/07/26,Chiamaka,QC,Present,07:55,17:23,
31/07/26,Damilola,QC,Late,08:39,17:53,
31/07/26,Eniola,QC,Present,07:33,17:18,
31/07/26,Folake,Vault,Present,07:39,17:26,
31/07/26,Gbenga,Vault,Present,07:36,17:38,
31/07/26,Halima,Vault,Late,08:57,17:56,
31/07/26,Ifeanyi,Fulfillment,Present,07:53,17:22,
31/07/26,Jide,Fulfillment,Present,07:45,17:42,
31/07/26,Kunle,Fulfillment,Present,07:53,17:26,
31/07/26,Lara,Fulfillment,Present,07:56,17:43,
31/07/26,Mide,Fulfillment,Present,07:52,17:15,
03/08/26,Jennifer,Card Perso,Present,07:31,17:36,
03/08/26,Godday,Card Perso,Present,07:39,17:10,
03/08/26,Kingsley,Card Perso,Present,07:51,17:20,
03/08/26,Judith,Card Perso,Late,08:21,17:52,
03/08/26,Naomi,Card Perso,Present,07:57,17:29,
03/08/26,Chidinma,PMC,Present,07:48,17:31,
03/08/26,Emeka,PMC,Present,07:52,17:41,
03/08/26,Funke,PMC,Absent,,,
03/08/26,Tunde,PMC,Present,07:46,17:17,
03/08/26,Amaka,PMC,Present,07:37,17:45,
03/08/26,Bola,PMC,Present,07:30,17:44,
03/08/26,Chuka,PMC,Present,07:42,17:12,
03/08/26,Dayo,PMC,Present,07:30,17:41,
03/08/26,Efe,Telco,Late,08:17,17:32,
03/08/26,Femi,Telco,Present,07:30,17:00,
03/08/26,Gift,Telco,Present,07:56,17:00,
03/08/26,Hadiza,Telco,Present,07:57,17:02,
03/08/26,Ibrahim,OC200,Present,07:48,17:18,
03/08/26,Joy,OC200,Present,07:38,17:09,
03/08/26,Kemi,SM74,Present,07:43,17:17,
03/08/26,Lekan,SM74,Present,07:45,17:16,
03/08/26,Musa,Mailer Unit,Present,07:48,17:09,
03/08/26,Ngozi,Mailer Unit,Present,07:39,17:05,
03/08/26,Obinna,CTP Unit,Late,08:52,17:32,
03/08/26,Peace,CTP Unit,Late,08:40,17:53,
03/08/26,Queen,CTP Unit,Present,07:52,17:02,
03/08/26,Rotimi,IT,Present,07:54,17:45,
03/08/26,Sade,IT,Present,07:45,17:05,
03/08/26,Tosin,Business,Present,07:32,17:45,
03/08/26,Uche,Business,Present,07:34,17:27,
03/08/26,Victor,Business,Present,07:39,17:43,
03/08/26,Wale,Business,Present,07:44,17:29,
03/08/26,Yemi,Admin,Present,07:50,17:00,
03/08/26,Zainab,Admin,Present,07:42,17:05,
03/08/26,Abiola,Admin,Absent,,,
03/08/26,Blessing,QC,Absent,,,
03/08/26,Chiamaka,QC,Present,07:59,17:44,
03/08/26,Damilola,QC,Late,08:23,17:47,
03/08/26,Eniola,QC,Present,07:59,17:05,
03/08/26,Folake,Vault,Present,07:58,17:32,
03/08/26,Gbenga,Vault,Late,08:29,17:51,
03/08/26,Halima,Vault,Present,07:31,17:04,
03/08/26,Ifeanyi,Fulfillment,Present,07:32,17:08,
03/08/26,Jide,Fulfillment,Present,07:30,17:13,
03/08/26,Kunle,Fulfillment,Present,07:54,17:12,
03/08/26,Lara,Fulfillment,Present,07:56,17:02,
03/08/26,Mide,Fulfillment,Present,07:35,17:26,
04/08/26,Jennifer,Card Perso,Present,07:49,17:25,
04/08/26,Godday,Card Perso,Present,07:45,17:24,
04/08/26,Kingsley,Card Perso,Late,08:49,17:56,
04/08/26,Judith,Card Perso,Present,07:58,17:11,
04/08/26,Naomi,Card Perso,Present,07:40,17:38,
04/08/26,Chidinma,PMC,Late,08:21,17:57,
04/08/26,Emeka,PMC,Present,07:43,17:40,
04/08/26,Funke,PMC,Present,07:51,17:26,
04/08/26,Tunde,PMC,Present,07:56,17:39,
04/08/26,Amaka,PMC,Present,07:59,17:19,
04/08/26,Bola,PMC,Present,07:34,17:01,
04/08/26,Chuka,PMC,Present,07:58,17:39,
04/08/26,Dayo,PMC,Present,07:58,17:01,
04/08/26,Efe,Telco,Present,07:54,17:12,
04/08/26,Femi,Telco,Present,07:56,17:18,
04/08/26,Gift,Telco,Present,07:36,17:34,
04/08/26,Hadiza,Telco,Absent,,,
04/08/26,Ibrahim,OC200,Present,07:49,17:09,
04/08/26,Joy,OC200,Present,07:39,17:07,
04/08/26,Kemi,SM74,Late,08:56,17:57,
04/08/26,Lekan,SM74,Present,07:50,17:33,
04/08/26,Musa,Mailer Unit,Present,07:54,17:26,
04/08/26,Ngozi,Mailer Unit,Present,07:42,17:45,
04/08/26,Obinna,CTP Unit,Present,07:40,17:29,
04/08/26,Peace,CTP Unit,Present,07:49,17:32,
04/08/26,Queen,CTP Unit,Present,07:37,17:20,
04/08/26,Rotimi,IT,Present,07:49,17:06,
04/08/26,Sade,IT,Present,07:34,17:44,
04/08/26,Tosin,Business,Late,08:41,17:25,
04/08/26,Uche,Business,Present,07:40,17:30,
04/08/26,Victor,Business,Late,08:20,17:28,
04/08/26,Wale,Business,Present,07:50,17:21,
04/08/26,Yemi,Admin,Present,07:33,17:42,
04/08/26,Zainab,Admin,Present,07:42,17:08,
04/08/26,Abiola,Admin,Present,07:45,17:19,
04/08/26,Blessing,QC,Present,07:58,17:39,
04/08/26,Chiamaka,QC,Present,07:57,17:28,
04/08/26,Damilola,QC,Present,07:52,17:06,
04/08/26,Eniola,QC,Present,07:46,17:22,
04/08/26,Folake,Vault,Present,07:36,17:03,
04/08/26,Gbenga,Vault,Present,07:30,17:44,
04/08/26,Halima,Vault,Present,07:53,17:37,
04/08/26,Ifeanyi,Fulfillment,Present,07:39,17:00,
04/08/26,Jide,Fulfillment,Late,08:45,17:23,
04/08/26,Kunle,Fulfillment,Present,07:59,17:33,
04/08/26,Lara,Fulfillment,Present,07:55,17:07,
04/08/26,Mide,Fulfillment,Present,07:37,17:19,
05/08/26,Jennifer,Card Perso,Present,07:57,17:38,
05/08/26,Godday,Card Perso,Present,07:31,17:33,
05/08/26,Kingsley,Card Perso,Present,07:34,17:04,
05/08/26,Judith,Card Perso,Present,07:43,17:37,
05/08/26,Naomi,Card Perso,Present,07:59,17:14,
05/08/26,Chidinma,PMC,Present,07:55,17:30,
05/08/26,Emeka,PMC,Present,07:56,17:03,
05/08/26,Funke,PMC,Present,07:47,17:31,
05/08/26,Tunde,PMC,Present,07:38,17:24,
05/08/26,Amaka,PMC,Present,07:47,17:18,
05/08/26,Bola,PMC,Present,07:58,17:40,
05/08/26,Chuka,PMC,Late,08:19,17:58,
05/08/26,Dayo,PMC,Present,07:57,17:35,
05/08/26,Efe,Telco,Present,07:59,17:32,
05/08/26,Femi,Telco,Absent,,,
05/08/26,Gift,Telco,Present,07:51,17:22,
05/08/26,Hadiza,Telco,Present,07:47,17:39,
05/08/26,Ibrahim,OC200,Present,07:53,17:07,
05/08/26,Joy,OC200,Present,07:35,17:21,
05/08/26,Kemi,SM74,Present,07:50,17:00,
05/08/26,Lekan,SM74,Present,07:35,17:27,
05/08/26,Musa,Mailer Unit,Present,07:49,17:25,
05/08/26,Ngozi,Mailer Unit,Present,07:32,17:23,
05/08/26,Obinna,CTP Unit,Present,07:59,17:26,
05/08/26,Peace,CTP Unit,Present,07:32,17:39,
05/08/26,Queen,CTP Unit,Present,07:48,17:39,
05/08/26,Rotimi,IT,Present,07:34,17:11,
05/08/26,Sade,IT,Present,07:35,17:05,
05/08/26,Tosin,Business,Present,07:54,17:12,
05/08/26,Uche,Business,Late,08:16,17:40,
05/08/26,Victor,Business,Present,07:57,17:07,
05/08/26,Wale,Business,Present,07:52,17:03,
05/08/26,Yemi,Admin,Present,07:33,17:11,
05/08/26,Zainab,Admin,Present,07:49,17:28,
05/08/26,Abiola,Admin,Present,07:59,17:42,
05/08/26,Blessing,QC,Present,07:59,17:12,
05/08/26,Chiamaka,QC,Present,07:31,17:44,
05/08/26,Damilola,QC,Present,07:53,17:30,
05/08/26,Eniola,QC,Present,07:43,17:24,
05/08/26,Folake,Vault,Present,07:59,17:26,
05/08/26,Gbenga,Vault,Absent,,,
05/08/26,Halima,Vault,Present,07:37,17:01,
05/08/26,Ifeanyi,Fulfillment,Present,07:31,17:39,
05/08/26,Jide,Fulfillment,Present,07:47,17:25,
05/08/26,Kunle,Fulfillment,Present,07:57,17:31,
05/08/26,Lara,Fulfillment,Present,07:48,17:00,
05/08/26,Mide,Fulfillment,Present,07:43,17:25,
06/08/26,Jennifer,Card Perso,Present,07:34,17:22,
06/08/26,Godday,Card Perso,Present,07:51,17:03,
06/08/26,Kingsley,Card Perso,Present,07:41,17:26,
06/08/26,Judith,Card Perso,Present,07:53,17:45,
06/08/26,Naomi,Card Perso,Present,07:33,17:23,
06/08/26,Chidinma,PMC,Present,07:50,17:30,
06/08/26,Emeka,PMC,Present,07:39,17:03,
06/08/26,Funke,PMC,Present,07:44,17:01,
06/08/26,Tunde,PMC,Present,07:40,17:34,
06/08/26,Amaka,PMC,Present,07:42,17:38,
06/08/26,Bola,PMC,Present,07:39,17:30,
06/08/26,Chuka,PMC,Present,07:49,17:25,
06/08/26,Dayo,PMC,Present,07:57,17:09,
06/08/26,Efe,Telco,Present,07:46,17:14,
06/08/26,Femi,Telco,Present,07:32,17:28,
06/08/26,Gift,Telco,Present,07:53,17:27,
06/08/26,Hadiza,Telco,Present,07:32,17:27,
06/08/26,Ibrahim,OC200,Late,08:57,17:37,
06/08/26,Joy,OC200,Present,07:37,17:03,
06/08/26,Kemi,SM74,Present,07:33,17:43,
06/08/26,Lekan,SM74,Absent,,,
06/08/26,Musa,Mailer Unit,Present,07:32,17:41,
06/08/26,Ngozi,Mailer Unit,Present,07:37,17:21,
06/08/26,Obinna,CTP Unit,Present,07:43,17:41,
06/08/26,Peace,CTP Unit,Present,07:45,17:32,
06/08/26,Queen,CTP Unit,Present,07:50,17:41,
06/08/26,Rotimi,IT,Absent,,,
06/08/26,Sade,IT,Present,07:50,17:12,
06/08/26,Tosin,Business,Present,07:31,17:34,
06/08/26,Uche,Business,Present,07:54,17:38,
06/08/26,Victor,Business,Present,07:42,17:34,
06/08/26,Wale,Business,Late,08:41,17:43,
06/08/26,Yemi,Admin,Present,07:47,17:12,
06/08/26,Zainab,Admin,Present,07:45,17:11,
06/08/26,Abiola,Admin,Present,07:49,17:45,
06/08/26,Blessing,QC,Present,07:57,17:29,
06/08/26,Chiamaka,QC,Present,07:58,17:19,
06/08/26,Damilola,QC,Present,07:41,17:45,
06/08/26,Eniola,QC,Present,07:33,17:30,
06/08/26,Folake,Vault,Present,07:31,17:24,
06/08/26,Gbenga,Vault,Present,07:59,17:08,
06/08/26,Halima,Vault,Present,07:38,17:32,
06/08/26,Ifeanyi,Fulfillment,Present,07:46,17:04,
06/08/26,Jide,Fulfillment,Present,07:44,17:32,
06/08/26,Kunle,Fulfillment,Present,07:40,17:27,
06/08/26,Lara,Fulfillment,Present,07:44,17:10,
06/08/26,Mide,Fulfillment,Present,07:42,17:36,
07/08/26,Jennifer,Card Perso,Present,07:45,17:42,
07/08/26,Godday,Card Perso,Late,08:38,17:56,
07/08/26,Kingsley,Card Perso,Present,07:48,17:43,
07/08/26,Judith,Card Perso,Present,07:44,17:06,
07/08/26,Naomi,Card Perso,Present,07:47,17:26,
07/08/26,Chidinma,PMC,Present,07:33,17:30,
07/08/26,Emeka,PMC,Present,07:48,17:43,
07/08/26,Funke,PMC,Late,08:39,17:39,
07/08/26,Tunde,PMC,Present,07:47,17:28,
07/08/26,Amaka,PMC,Present,07:42,17:21,
07/08/26,Bola,PMC,Present,07:34,17:23,
07/08/26,Chuka,PMC,Present,07:31,17:34,
07/08/26,Dayo,PMC,Late,08:42,17:58,
07/08/26,Efe,Telco,Present,07:47,17:43,
07/08/26,Femi,Telco,Present,07:48,17:39,
07/08/26,Gift,Telco,Late,08:40,17:46,
07/08/26,Hadiza,Telco,Present,07:36,17:18,
07/08/26,Ibrahim,OC200,Present,07:45,17:06,
07/08/26,Joy,OC200,Present,07:39,17:19,
07/08/26,Kemi,SM74,Present,07:33,17:35,
07/08/26,Lekan,SM74,Present,07:42,17:30,
07/08/26,Musa,Mailer Unit,Present,07:36,17:24,
07/08/26,Ngozi,Mailer Unit,Present,07:45,17:41,
07/08/26,Obinna,CTP Unit,Present,07:42,17:09,
07/08/26,Peace,CTP Unit,Late,08:36,17:51,
07/08/26,Queen,CTP Unit,Present,07:40,17:18,
07/08/26,Rotimi,IT,Present,07:56,17:23,
07/08/26,Sade,IT,Present,07:49,17:14,
07/08/26,Tosin,Business,Present,07:42,17:43,
07/08/26,Uche,Business,Present,07:52,17:36,
07/08/26,Victor,Business,Late,08:29,17:53,
07/08/26,Wale,Business,Absent,,,
07/08/26,Yemi,Admin,Late,08:54,17:56,
07/08/26,Zainab,Admin,Present,07:38,17:38,
07/08/26,Abiola,Admin,Present,07:39,17:00,
07/08/26,Blessing,QC,Present,07:35,17:05,
07/08/26,Chiamaka,QC,Present,07:48,17:01,
07/08/26,Damilola,QC,Present,07:49,17:28,
07/08/26,Eniola,QC,Present,07:48,17:21,
07/08/26,Folake,Vault,Present,07:56,17:44,
07/08/26,Gbenga,Vault,Present,07:33,17:43,
07/08/26,Halima,Vault,Present,07:43,17:20,
07/08/26,Ifeanyi,Fulfillment,Present,07:38,17:22,
07/08/26,Jide,Fulfillment,Leave,,,
07/08/26,Kunle,Fulfillment,Present,07:58,17:31,
07/08/26,Lara,Fulfillment,Present,07:44,17:32,
07/08/26,Mide,Fulfillment,Present,07:38,17:07,
10/08/26,Jennifer,Card Perso,Present,07:49,17:12,
10/08/26,Godday,Card Perso,Present,07:54,17:17,
10/08/26,Kingsley,Card Perso,Present,07:49,17:45,
10/08/26,Judith,Card Perso,Present,07:30,17:38,
10/08/26,Naomi,Card Perso,Present,07:50,17:23,
10/08/26,Chidinma,PMC,Late,08:38,17:51,
10/08/26,Emeka,PMC,Present,07:58,17:45,
10/08/26,Funke,PMC,Late,08:42,17:28,
10/08/26,Tunde,PMC,Present,07:41,17:01,
10/08/26,Amaka,PMC,Present,07:43,17:30,
10/08/26,Bola,PMC,Present,07:45,17:39,
10/08/26,Chuka,PMC,Present,07:45,17:07,
10/08/26,Dayo,PMC,Present,07:50,17:11,
10/08/26,Efe,Telco,Present,07:53,17:00,
10/08/26,Femi,Telco,Present,07:51,17:43,
10/08/26,Gift,Telco,Present,07:58,17:12,
10/08/26,Hadiza,Telco,Present,07:30,17:02,
10/08/26,Ibrahim,OC200,Present,07:32,17:34,
10/08/26,Joy,OC200,Present,07:53,17:41,
10/08/26,Kemi,SM74,Present,07:42,17:21,
10/08/26,Lekan,SM74,Present,07:44,17:26,
10/08/26,Musa,Mailer Unit,Present,07:50,17:34,
10/08/26,Ngozi,Mailer Unit,Leave,,,
10/08/26,Obinna,CTP Unit,Present,07:37,17:14,
10/08/26,Peace,CTP Unit,Present,07:57,17:10,
10/08/26,Queen,CTP Unit,Present,07:34,17:34,
10/08/26,Rotimi,IT,Present,07:40,17:02,
10/08/26,Sade,IT,Late,08:56,17:33,
10/08/26,Tosin,Business,Present,07:40,17:30,
10/08/26,Uche,Business,Present,07:37,17:01,
10/08/26,Victor,Business,Present,07:51,17:00,
10/08/26,Wale,Business,Present,07:47,17:22,
10/08/26,Yemi,Admin,Present,07:33,17:30,
10/08/26,Zainab,Admin,Present,07:58,17:00,
10/08/26,Abiola,Admin,Present,07:53,17:33,
10/08/26,Blessing,QC,Present,07:42,17:23,
10/08/26,Chiamaka,QC,Present,07:49,17:28,
10/08/26,Damilola,QC,Present,07:56,17:17,
10/08/26,Eniola,QC,Late,08:39,17:29,
10/08/26,Folake,Vault,Present,07:53,17:14,
10/08/26,Gbenga,Vault,Present,07:54,17:15,
10/08/26,Halima,Vault,Present,07:41,17:23,
10/08/26,Ifeanyi,Fulfillment,Present,07:31,17:27,
10/08/26,Jide,Fulfillment,Present,07:52,17:08,
10/08/26,Kunle,Fulfillment,Late,08:37,17:23,
10/08/26,Lara,Fulfillment,Present,07:43,17:28,
10/08/26,Mide,Fulfillment,Late,08:23,17:23,
11/08/26,Jennifer,Card Perso,Present,07:44,17:06,
11/08/26,Godday,Card Perso,Present,07:58,17:31,
11/08/26,Kingsley,Card Perso,Late,08:33,17:48,
11/08/26,Judith,Card Perso,Present,07:48,17:42,
11/08/26,Naomi,Card Perso,Present,07:43,17:38,
11/08/26,Chidinma,PMC,Present,07:40,17:33,
11/08/26,Emeka,PMC,Present,07:38,17:30,
11/08/26,Funke,PMC,Present,07:48,17:40,
11/08/26,Tunde,PMC,Present,07:33,17:09,
11/08/26,Amaka,PMC,Present,07:32,17:03,
11/08/26,Bola,PMC,Present,07:50,17:28,
11/08/26,Chuka,PMC,Present,07:53,17:31,
11/08/26,Dayo,PMC,Present,07:38,17:38,
11/08/26,Efe,Telco,Present,07:51,17:38,
11/08/26,Femi,Telco,Present,07:45,17:25,
11/08/26,Gift,Telco,Present,07:33,17:26,
11/08/26,Hadiza,Telco,Present,07:47,17:21,
11/08/26,Ibrahim,OC200,Present,07:42,17:14,
11/08/26,Joy,OC200,Present,07:37,17:14,
11/08/26,Kemi,SM74,Present,07:43,17:06,
11/08/26,Lekan,SM74,Present,07:42,17:18,
11/08/26,Musa,Mailer Unit,Present,07:50,17:20,
11/08/26,Ngozi,Mailer Unit,Present,07:41,17:04,
11/08/26,Obinna,CTP Unit,Present,07:30,17:19,
11/08/26,Peace,CTP Unit,Present,07:56,17:40,
11/08/26,Queen,CTP Unit,Present,07:46,17:10,
11/08/26,Rotimi,IT,Present,07:53,17:19,
11/08/26,Sade,IT,Present,07:35,17:38,
11/08/26,Tosin,Business,Present,07:39,17:17,
11/08/26,Uche,Business,Present,07:33,17:17,
11/08/26,Victor,Business,Present,07:57,17:14,
11/08/26,Wale,Business,Absent,,,
11/08/26,Yemi,Admin,Late,08:31,17:39,
11/08/26,Zainab,Admin,Present,07:35,17:13,
11/08/26,Abiola,Admin,Absent,,,
11/08/26,Blessing,QC,Present,07:36,17:29,
11/08/26,Chiamaka,QC,Present,07:56,17:09,
11/08/26,Damilola,QC,Present,07:38,17:20,
11/08/26,Eniola,QC,Late,08:24,17:54,
11/08/26,Folake,Vault,Leave,,,
11/08/26,Gbenga,Vault,Present,07:33,17:25,
11/08/26,Halima,Vault,Late,08:43,17:39,
11/08/26,Ifeanyi,Fulfillment,Present,07:34,17:36,
11/08/26,Jide,Fulfillment,Present,07:54,17:00,
11/08/26,Kunle,Fulfillment,Present,07:41,17:42,
11/08/26,Lara,Fulfillment,Present,07:39,17:11,
11/08/26,Mide,Fulfillment,Present,07:54,17:02,
12/08/26,Jennifer,Card Perso,Late,08:48,17:48,
12/08/26,Godday,Card Perso,Present,07:38,17:31,
12/08/26,Kingsley,Card Perso,Present,07:43,17:07,
12/08/26,Judith,Card Perso,Present,07:54,17:30,
12/08/26,Naomi,Card Perso,Present,07:58,17:45,
12/08/26,Chidinma,PMC,Present,07:56,17:13,
12/08/26,Emeka,PMC,Present,07:45,17:03,
12/08/26,Funke,PMC,Present,07:59,17:35,
12/08/26,Tunde,PMC,Present,07:35,17:13,
12/08/26,Amaka,PMC,Present,07:45,17:42,
12/08/26,Bola,PMC,Present,07:49,17:28,
12/08/26,Chuka,PMC,Present,07:46,17:19,
12/08/26,Dayo,PMC,Present,07:43,17:38,
12/08/26,Efe,Telco,Present,07:40,17:25,
12/08/26,Femi,Telco,Present,07:44,17:16,
12/08/26,Gift,Telco,Present,07:55,17:22,
12/08/26,Hadiza,Telco,Late,08:17,17:25,
12/08/26,Ibrahim,OC200,Late,08:52,17:59,
12/08/26,Joy,OC200,Present,07:50,17:36,
12/08/26,Kemi,SM74,Present,07:37,17:27,
12/08/26,Lekan,SM74,Present,07:41,17:39,
12/08/26,Musa,Mailer Unit,Present,07:39,17:11,
12/08/26,Ngozi,Mailer Unit,Present,07:49,17:37,
12/08/26,Obinna,CTP Unit,Present,07:46,17:20,
12/08/26,Peace,CTP Unit,Present,07:30,17:34,
12/08/26,Queen,CTP Unit,Late,08:59,17:32,
12/08/26,Rotimi,IT,Present,07:37,17:40,
12/08/26,Sade,IT,Present,07:31,17:38,
12/08/26,Tosin,Business,Present,07:54,17:26,
12/08/26,Uche,Business,Present,07:34,17:22,
12/08/26,Victor,Business,Present,07:31,17:22,
12/08/26,Wale,Business,Present,07:50,17:08,
12/08/26,Yemi,Admin,Present,07:57,17:41,
12/08/26,Zainab,Admin,Present,07:49,17:41,
12/08/26,Abiola,Admin,Present,07:38,17:06,
12/08/26,Blessing,QC,Present,07:35,17:36,
12/08/26,Chiamaka,QC,Present,07:51,17:44,
12/08/26,Damilola,QC,Present,07:31,17:43,
12/08/26,Eniola,QC,Present,07:45,17:13,
12/08/26,Folake,Vault,Late,08:21,17:27,
12/08/26,Gbenga,Vault,Present,07:32,17:27,
12/08/26,Halima,Vault,Present,07:39,17:21,
12/08/26,Ifeanyi,Fulfillment,Late,08:20,17:55,
12/08/26,Jide,Fulfillment,Present,07:36,17:35,
12/08/26,Kunle,Fulfillment,Present,07:50,17:18,
12/08/26,Lara,Fulfillment,Late,08:35,17:27,
12/08/26,Mide,Fulfillment,Late,08:29,17:17,
13/08/26,Jennifer,Card Perso,Present,07:37,17:20,
13/08/26,Godday,Card Perso,Absent,,,
13/08/26,Kingsley,Card Perso,Late,08:18,17:38,
13/08/26,Judith,Card Perso,Present,07:30,17:13,
13/08/26,Naomi,Card Perso,Present,07:43,17:41,
13/08/26,Chidinma,PMC,Present,07:34,17:18,
13/08/26,Emeka,PMC,Present,07:34,17:02,
13/08/26,Funke,PMC,Present,07:55,17:30,
13/08/26,Tunde,PMC,Present,07:36,17:00,
13/08/26,Amaka,PMC,Late,08:44,17:56,
13/08/26,Bola,PMC,Present,07:50,17:37,
13/08/26,Chuka,PMC,Present,07:52,17:13,
13/08/26,Dayo,PMC,Late,08:46,17:27,
13/08/26,Efe,Telco,Present,07:30,17:09,
13/08/26,Femi,Telco,Present,07:42,17:12,
13/08/26,Gift,Telco,Present,07:35,17:31,
13/08/26,Hadiza,Telco,Present,07:47,17:41,
13/08/26,Ibrahim,OC200,Present,07:53,17:20,
13/08/26,Joy,OC200,Present,07:54,17:32,
13/08/26,Kemi,SM74,Present,07:49,17:02,
13/08/26,Lekan,SM74,Present,07:51,17:05,
13/08/26,Musa,Mailer Unit,Present,07:56,17:14,
13/08/26,Ngozi,Mailer Unit,Present,07:39,17:18,
13/08/26,Obinna,CTP Unit,Present,07:39,17:10,
13/08/26,Peace,CTP Unit,Present,07:58,17:05,
13/08/26,Queen,CTP Unit,Present,07:39,17:27,
13/08/26,Rotimi,IT,Present,07:52,17:26,
13/08/26,Sade,IT,Present,07:56,17:26,
13/08/26,Tosin,Business,Present,07:42,17:19,
13/08/26,Uche,Business,Present,07:45,17:03,
13/08/26,Victor,Business,Present,07:35,17:21,
13/08/26,Wale,Business,Present,07:57,17:09,
13/08/26,Yemi,Admin,Present,07:58,17:16,
13/08/26,Zainab,Admin,Present,07:59,17:27,
13/08/26,Abiola,Admin,Present,07:45,17:40,
13/08/26,Blessing,QC,Present,07:41,17:35,
13/08/26,Chiamaka,QC,Present,07:56,17:10,
13/08/26,Damilola,QC,Present,07:51,17:36,
13/08/26,Eniola,QC,Present,07:49,17:07,
13/08/26,Folake,Vault,Present,07:47,17:44,
13/08/26,Gbenga,Vault,Present,07:35,17:35,
13/08/26,Halima,Vault,Absent,,,
13/08/26,Ifeanyi,Fulfillment,Present,07:33,17:19,
13/08/26,Jide,Fulfillment,Present,07:36,17:04,
13/08/26,Kunle,Fulfillment,Present,07:47,17:16,
13/08/26,Lara,Fulfillment,Present,07:54,17:35,
13/08/26,Mide,Fulfillment,Present,07:32,17:18,
14/08/26,Jennifer,Card Perso,Present,07:30,17:12,
14/08/26,Godday,Card Perso,Present,07:32,17:37,
14/08/26,Kingsley,Card Perso,Absent,,,
14/08/26,Judith,Card Perso,Present,07:57,17:26,
14/08/26,Naomi,Card Perso,Present,07:36,17:36,
14/08/26,Chidinma,PMC,Present,07:56,17:37,
14/08/26,Emeka,PMC,Present,07:45,17:39,
14/08/26,Funke,PMC,Present,07:35,17:21,
14/08/26,Tunde,PMC,Late,08:43,17:38,
14/08/26,Amaka,PMC,Present,07:47,17:10,
14/08/26,Bola,PMC,Present,07:34,17:04,
14/08/26,Chuka,PMC,Present,07:36,17:11,
14/08/26,Dayo,PMC,Present,07:52,17:15,
14/08/26,Efe,Telco,Present,07:35,17:42,
14/08/26,Femi,Telco,Present,07:50,17:12,
14/08/26,Gift,Telco,Present,07:39,17:08,
14/08/26,Hadiza,Telco,Present,07:51,17:18,
14/08/26,Ibrahim,OC200,Absent,,,
14/08/26,Joy,OC200,Leave,,,
14/08/26,Kemi,SM74,Present,07:46,17:05,
14/08/26,Lekan,SM74,Present,07:37,17:00,
14/08/26,Musa,Mailer Unit,Present,07:41,17:36,
14/08/26,Ngozi,Mailer Unit,Present,07:43,17:19,
14/08/26,Obinna,CTP Unit,Late,08:42,17:17,
14/08/26,Peace,CTP Unit,Present,07:49,17:37,
14/08/26,Queen,CTP Unit,Present,07:48,17:28,
14/08/26,Rotimi,IT,Late,08:55,17:51,
14/08/26,Sade,IT,Present,07:57,17:44,
14/08/26,Tosin,Business,Present,07:52,17:02,
14/08/26,Uche,Business,Leave,,,
14/08/26,Victor,Business,Late,08:48,17:44,
14/08/26,Wale,Business,Present,07:59,17:39,
14/08/26,Yemi,Admin,Present,07:47,17:42,
14/08/26,Zainab,Admin,Present,07:34,17:24,
14/08/26,Abiola,Admin,Late,08:46,17:30,
14/08/26,Blessing,QC,Present,07:47,17:09,
14/08/26,Chiamaka,QC,Late,08:33,17:56,
14/08/26,Damilola,QC,Present,07:39,17:14,
14/08/26,Eniola,QC,Present,07:55,17:26,
14/08/26,Folake,Vault,Present,07:48,17:41,
14/08/26,Gbenga,Vault,Present,07:45,17:36,
14/08/26,Halima,Vault,Present,07:46,17:07,
14/08/26,Ifeanyi,Fulfillment,Present,07:41,17:30,
14/08/26,Jide,Fulfillment,Late,08:40,17:49,
14/08/26,Kunle,Fulfillment,Present,07:57,17:15,
14/08/26,Lara,Fulfillment,Present,07:35,17:31,
14/08/26,Mide,Fulfillment,Present,07:51,17:40,
17/08/26,Jennifer,Card Perso,Present,07:57,17:13,
17/08/26,Godday,Card Perso,Present,07:37,17:20,
17/08/26,Kingsley,Card Perso,Present,07:57,17:10,
17/08/26,Judith,Card Perso,Present,07:59,17:45,
17/08/26,Naomi,Card Perso,Present,07:58,17:29,
17/08/26,Chidinma,PMC,Late,08:43,17:41,
17/08/26,Emeka,PMC,Present,07:32,17:32,
17/08/26,Funke,PMC,Present,07:54,17:24,
17/08/26,Tunde,PMC,Present,07:56,17:10,
17/08/26,Amaka,PMC,Present,07:53,17:05,
17/08/26,Bola,PMC,Present,07:31,17:09,
17/08/26,Chuka,PMC,Present,07:56,17:13,
17/08/26,Dayo,PMC,Present,07:55,17:45,
17/08/26,Efe,Telco,Present,07:36,17:15,
17/08/26,Femi,Telco,Present,07:34,17:39,
17/08/26,Gift,Telco,Present,07:54,17:17,
17/08/26,Hadiza,Telco,Present,07:50,17:17,
17/08/26,Ibrahim,OC200,Present,07:33,17:39,
17/08/26,Joy,OC200,Present,07:35,17:19,
17/08/26,Kemi,SM74,Present,07:33,17:44,
17/08/26,Lekan,SM74,Present,07:38,17:22,
17/08/26,Musa,Mailer Unit,Absent,,,
17/08/26,Ngozi,Mailer Unit,Present,07:52,17:09,
17/08/26,Obinna,CTP Unit,Present,07:35,17:20,
17/08/26,Peace,CTP Unit,Present,07:54,17:32,
17/08/26,Queen,CTP Unit,Present,07:50,17:41,
17/08/26,Rotimi,IT,Present,07:49,17:09,
17/08/26,Sade,IT,Present,07:48,17:35,
17/08/26,Tosin,Business,Present,07:46,17:20,
17/08/26,Uche,Business,Late,08:23,17:52,
17/08/26,Victor,Business,Present,07:47,17:05,
17/08/26,Wale,Business,Present,07:49,17:42,
17/08/26,Yemi,Admin,Present,07:41,17:09,
17/08/26,Zainab,Admin,Late,08:44,17:38,
17/08/26,Abiola,Admin,Present,07:40,17:42,
17/08/26,Blessing,QC,Present,07:47,17:13,
17/08/26,Chiamaka,QC,Present,07:33,17:20,
17/08/26,Damilola,QC,Present,07:47,17:37,
17/08/26,Eniola,QC,Present,07:47,17:00,
17/08/26,Folake,Vault,Present,07:33,17:29,
17/08/26,Gbenga,Vault,Present,07:46,17:27,
17/08/26,Halima,Vault,Late,08:26,17:36,
17/08/26,Ifeanyi,Fulfillment,Absent,,,
17/08/26,Jide,Fulfillment,Absent,,,
17/08/26,Kunle,Fulfillment,Present,07:58,17:32,
17/08/26,Lara,Fulfillment,Present,07:52,17:32,
17/08/26,Mide,Fulfillment,Present,07:31,17:03,
18/08/26,Jennifer,Card Perso,Present,07:37,17:16,
18/08/26,Godday,Card Perso,Present,07:49,17:43,
18/08/26,Kingsley,Card Perso,Present,07:43,17:03,
18/08/26,Judith,Card Perso,Present,07:49,17:30,
18/08/26,Naomi,Card Perso,Leave,,,
18/08/26,Chidinma,PMC,Present,07:37,17:33,
18/08/26,Emeka,PMC,Present,07:55,17:19,
18/08/26,Funke,PMC,Late,08:50,17:55,
18/08/26,Tunde,PMC,Present,07:55,17:31,
18/08/26,Amaka,PMC,Present,07:45,17:28,
18/08/26,Bola,PMC,Present,07:50,17:31,
18/08/26,Chuka,PMC,Present,07:45,17:39,
18/08/26,Dayo,PMC,Present,07:59,17:33,
18/08/26,Efe,Telco,Present,07:41,17:10,
18/08/26,Femi,Telco,Late,08:57,17:34,
18/08/26,Gift,Telco,Present,07:30,17:10,
18/08/26,Hadiza,Telco,Present,07:52,17:28,
18/08/26,Ibrahim,OC200,Present,07:38,17:12,
18/08/26,Joy,OC200,Present,07:34,17:27,
18/08/26,Kemi,SM74,Present,07:58,17:27,
18/08/26,Lekan,SM74,Present,07:35,17:14,
18/08/26,Musa,Mailer Unit,Present,07:34,17:17,
18/08/26,Ngozi,Mailer Unit,Present,07:37,17:24,
18/08/26,Obinna,CTP Unit,Present,07:41,17:27,
18/08/26,Peace,CTP Unit,Present,07:40,17:26,
18/08/26,Queen,CTP Unit,Late,08:28,17:26,
18/08/26,Rotimi,IT,Present,07:44,17:14,
18/08/26,Sade,IT,Present,07:37,17:41,
18/08/26,Tosin,Business,Present,07:34,17:13,
18/08/26,Uche,Business,Present,07:30,17:09,
18/08/26,Victor,Business,Present,07:55,17:21,
18/08/26,Wale,Business,Present,07:52,17:12,
18/08/26,Yemi,Admin,Present,07:30,17:36,
18/08/26,Zainab,Admin,Present,07:41,17:13,
18/08/26,Abiola,Admin,Present,07:40,17:44,
18/08/26,Blessing,QC,Absent,,,
18/08/26,Chiamaka,QC,Present,07:36,17:21,
18/08/26,Damilola,QC,Present,07:58,17:32,
18/08/26,Eniola,QC,Present,07:39,17:41,
18/08/26,Folake,Vault,Present,07:42,17:35,
18/08/26,Gbenga,Vault,Late,08:37,17:22,
18/08/26,Halima,Vault,Present,07:52,17:36,
18/08/26,Ifeanyi,Fulfillment,Present,07:52,17:20,
18/08/26,Jide,Fulfillment,Present,07:41,17:07,
18/08/26,Kunle,Fulfillment,Present,07:41,17:28,
18/08/26,Lara,Fulfillment,Present,07:49,17:21,
18/08/26,Mide,Fulfillment,Late,08:48,17:32,
19/08/26,Jennifer,Card Perso,Present,07:31,17:20,
19/08/26,Godday,Card Perso,Present,07:42,17:41,
19/08/26,Kingsley,Card Perso,Present,07:56,17:37,
19/08/26,Judith,Card Perso,Present,07:33,17:24,
19/08/26,Naomi,Card Perso,Late,08:33,17:48,
19/08/26,Chidinma,PMC,Present,07:38,17:16,
19/08/26,Emeka,PMC,Present,07:45,17:00,
19/08/26,Funke,PMC,Present,07:35,17:41,
19/08/26,Tunde,PMC,Present,07:32,17:33,
19/08/26,Amaka,PMC,Late,08:27,17:27,
19/08/26,Bola,PMC,Absent,,,
19/08/26,Chuka,PMC,Present,07:53,17:37,
19/08/26,Dayo,PMC,Present,07:58,17:15,
19/08/26,Efe,Telco,Present,07:45,17:22,
19/08/26,Femi,Telco,Present,07:39,17:07,
19/08/26,Gift,Telco,Present,07:50,17:43,
19/08/26,Hadiza,Telco,Late,08:57,17:16,
19/08/26,Ibrahim,OC200,Present,07:38,17:00,
19/08/26,Joy,OC200,Present,07:52,17:14,
19/08/26,Kemi,SM74,Present,07:45,17:24,
19/08/26,Lekan,SM74,Present,07:47,17:43,
19/08/26,Musa,Mailer Unit,Present,07:48,17:45,
19/08/26,Ngozi,Mailer Unit,Present,07:41,17:13,
19/08/26,Obinna,CTP Unit,Present,07:40,17:18,
19/08/26,Peace,CTP Unit,Late,08:18,17:32,
19/08/26,Queen,CTP Unit,Present,07:39,17:12,
19/08/26,Rotimi,IT,Present,07:46,17:05,
19/08/26,Sade,IT,Present,07:47,17:31,
19/08/26,Tosin,Business,Present,07:55,17:36,
19/08/26,Uche,Business,Present,07:52,17:12,
19/08/26,Victor,Business,Present,07:41,17:05,
19/08/26,Wale,Business,Present,07:59,17:23,
19/08/26,Yemi,Admin,Present,07:44,17:01,
19/08/26,Zainab,Admin,Present,07:50,17:23,
19/08/26,Abiola,Admin,Present,07:30,17:18,
19/08/26,Blessing,QC,Present,07:37,17:12,
19/08/26,Chiamaka,QC,Present,07:33,17:36,
19/08/26,Damilola,QC,Present,07:44,17:41,
19/08/26,Eniola,QC,Late,08:23,17:58,
19/08/26,Folake,Vault,Present,07:39,17:18,
19/08/26,Gbenga,Vault,Present,07:30,17:16,
19/08/26,Halima,Vault,Present,07:42,17:13,
19/08/26,Ifeanyi,Fulfillment,Late,08:58,17:37,
19/08/26,Jide,Fulfillment,Present,07:52,17:27,
19/08/26,Kunle,Fulfillment,Present,07:51,17:40,
19/08/26,Lara,Fulfillment,Present,07:50,17:36,
19/08/26,Mide,Fulfillment,Late,08:39,17:56,
20/08/26,Jennifer,Card Perso,Leave,,,
20/08/26,Godday,Card Perso,Present,07:48,17:16,
20/08/26,Kingsley,Card Perso,Late,08:45,17:55,
20/08/26,Judith,Card Perso,Present,07:46,17:18,
20/08/26,Naomi,Card Perso,Present,07:40,17:19,
20/08/26,Chidinma,PMC,Present,07:48,17:06,
20/08/26,Emeka,PMC,Present,07:56,17:03,
20/08/26,Funke,PMC,Present,07:34,17:25,
20/08/26,Tunde,PMC,Present,07:54,17:18,
20/08/26,Amaka,PMC,Present,07:59,17:35,
20/08/26,Bola,PMC,Present,07:52,17:01,
20/08/26,Chuka,PMC,Present,07:54,17:45,
20/08/26,Dayo,PMC,Absent,,,
20/08/26,Efe,Telco,Present,07:38,17:33,
20/08/26,Femi,Telco,Late,08:23,17:43,
20/08/26,Gift,Telco,Present,07:51,17:35,
20/08/26,Hadiza,Telco,Present,07:52,17:41,
20/08/26,Ibrahim,OC200,Present,07:37,17:00,
20/08/26,Joy,OC200,Present,07:46,17:30,
20/08/26,Kemi,SM74,Present,07:59,17:07,
20/08/26,Lekan,SM74,Present,07:50,17:10,
20/08/26,Musa,Mailer Unit,Present,07:48,17:35,
20/08/26,Ngozi,Mailer Unit,Late,08:46,17:45,
20/08/26,Obinna,CTP Unit,Present,07:57,17:41,
20/08/26,Peace,CTP Unit,Present,07:36,17:24,
20/08/26,Queen,CTP Unit,Present,07:42,17:17,
20/08/26,Rotimi,IT,Present,07:54,17:16,
20/08/26,Sade,IT,Present,07:32,17:21,
20/08/26,Tosin,Business,Leave,,,
20/08/26,Uche,Business,Present,07:49,17:20,
20/08/26,Victor,Business,Present,07:52,17:35,
20/08/26,Wale,Business,Present,07:52,17:35,
20/08/26,Yemi,Admin,Late,08:49,17:42,
20/08/26,Zainab,Admin,Present,07:41,17:27,
20/08/26,Abiola,Admin,Present,07:55,17:36,
20/08/26,Blessing,QC,Present,07:54,17:19,
20/08/26,Chiamaka,QC,Present,07:39,17:30,
20/08/26,Damilola,QC,Present,07:34,17:04,
20/08/26,Eniola,QC,Present,07:56,17:02,
20/08/26,Folake,Vault,Present,07:46,17:22,
20/08/26,Gbenga,Vault,Present,07:35,17:04,
20/08/26,Halima,Vault,Late,08:31,17:24,
20/08/26,Ifeanyi,Fulfillment,Present,07:33,17:38,
20/08/26,Jide,Fulfillment,Present,07:35,17:16,
20/08/26,Kunle,Fulfillment,Present,07:33,17:05,
20/08/26,Lara,Fulfillment,Present,07:35,17:04,
20/08/26,Mide,Fulfillment,Present,07:47,17:23,
21/08/26,Jennifer,Card Perso,Present,07:35,17:17,
21/08/26,Godday,Card Perso,Present,07:43,17:02,
21/08/26,Kingsley,Card Perso,Present,07:58,17:21,
21/08/26,Judith,Card Perso,Present,07:31,17:11,
21/08/26,Naomi,Card Perso,Present,07:34,17:32,
21/08/26,Chidinma,PMC,Present,07:34,17:32,
21/08/26,Emeka,PMC,Present,07:50,17:15,
21/08/26,Funke,PMC,Present,07:50,17:20,
21/08/26,Tunde,PMC,Late,08:56,17:42,
21/08/26,Amaka,PMC,Present,07:31,17:31,
21/08/26,Bola,PMC,Late,08:35,17:16,
21/08/26,Chuka,PMC,Present,07:31,17:03,
21/08/26,Dayo,PMC,Present,07:40,17:06,
21/08/26,Efe,Telco,Present,07:30,17:38,
21/08/26,Femi,Telco,Present,07:32,17:25,
21/08/26,Gift,Telco,Present,07:54,17:40,
21/08/26,Hadiza,Telco,Present,07:39,17:21,
21/08/26,Ibrahim,OC200,Present,07:53,17:38,
21/08/26,Joy,OC200,Present,07:58,17:41,
21/08/26,Kemi,SM74,Late,08:24,17:40,
21/08/26,Lekan,SM74,Present,07:41,17:35,
21/08/26,Musa,Mailer Unit,Present,07:56,17:31,
21/08/26,Ngozi,Mailer Unit,Present,07:38,17:34,
21/08/26,Obinna,CTP Unit,Present,07:57,17:42,
21/08/26,Peace,CTP Unit,Present,07:37,17:22,
21/08/26,Queen,CTP Unit,Present,07:38,17:01,
21/08/26,Rotimi,IT,Present,07:53,17:05,
21/08/26,Sade,IT,Present,07:30,17:06,
21/08/26,Tosin,Business,Present,07:49,17:10,
21/08/26,Uche,Business,Present,07:33,17:39,
21/08/26,Victor,Business,Present,07:49,17:32,
21/08/26,Wale,Business,Present,07:52,17:11,
21/08/26,Yemi,Admin,Present,07:39,17:20,
21/08/26,Zainab,Admin,Present,07:46,17:25,
21/08/26,Abiola,Admin,Present,07:48,17:00,
21/08/26,Blessing,QC,Present,07:42,17:23,
21/08/26,Chiamaka,QC,Present,07:55,17:43,
21/08/26,Damilola,QC,Present,07:34,17:30,
21/08/26,Eniola,QC,Late,08:39,17:50,
21/08/26,Folake,Vault,Present,07:51,17:11,
21/08/26,Gbenga,Vault,Present,07:34,17:16,
21/08/26,Halima,Vault,Present,07:52,17:30,
21/08/26,Ifeanyi,Fulfillment,Present,07:35,17:16,
21/08/26,Jide,Fulfillment,Present,07:34,17:16,
21/08/26,Kunle,Fulfillment,Present,07:41,17:06,
21/08/26,Lara,Fulfillment,Present,07:40,17:10,
21/08/26,Mide,Fulfillment,Present,07:50,17:21,
24/08/26,Jennifer,Card Perso,Present,07:31,17:29,
24/08/26,Godday,Card Perso,Present,07:58,17:23,
24/08/26,Kingsley,Card Perso,Present,07:38,17:06,
24/08/26,Judith,Card Perso,Present,07:42,17:43,
24/08/26,Naomi,Card Perso,Present,07:57,17:26,
24/08/26,Chidinma,PMC,Present,07:56,17:13,
24/08/26,Emeka,PMC,Present,07:36,17:40,
24/08/26,Funke,PMC,Present,07:53,17:41,
24/08/26,Tunde,PMC,Present,07:32,17:16,
24/08/26,Amaka,PMC,Present,07:43,17:31,
24/08/26,Bola,PMC,Present,07:45,17:24,
24/08/26,Chuka,PMC,Present,07:34,17:35,
24/08/26,Dayo,PMC,Present,07:36,17:27,
24/08/26,Efe,Telco,Present,07:55,17:10,
24/08/26,Femi,Telco,Present,07:31,17:25,
24/08/26,Gift,Telco,Present,07:39,17:04,
24/08/26,Hadiza,Telco,Present,07:50,17:22,
24/08/26,Ibrahim,OC200,Present,07:31,17:27,
24/08/26,Joy,OC200,Present,07:59,17:01,
24/08/26,Kemi,SM74,Present,07:59,17:14,
24/08/26,Lekan,SM74,Present,07:31,17:07,
24/08/26,Musa,Mailer Unit,Late,08:48,17:54,
24/08/26,Ngozi,Mailer Unit,Present,07:40,17:38,
24/08/26,Obinna,CTP Unit,Present,07:35,17:19,
24/08/26,Peace,CTP Unit,Present,07:47,17:17,
24/08/26,Queen,CTP Unit,Present,07:56,17:18,
24/08/26,Rotimi,IT,Present,07:38,17:27,
24/08/26,Sade,IT,Present,07:41,17:03,
24/08/26,Tosin,Business,Leave,,,
24/08/26,Uche,Business,Late,08:26,17:39,
24/08/26,Victor,Business,Present,07:48,17:30,
24/08/26,Wale,Business,Present,07:30,17:01,
24/08/26,Yemi,Admin,Present,07:50,17:37,
24/08/26,Zainab,Admin,Present,07:46,17:38,
24/08/26,Abiola,Admin,Leave,,,
24/08/26,Blessing,QC,Late,08:23,17:18,
24/08/26,Chiamaka,QC,Present,07:37,17:06,
24/08/26,Damilola,QC,Present,07:52,17:28,
24/08/26,Eniola,QC,Present,07:37,17:39,
24/08/26,Folake,Vault,Present,07:33,17:19,
24/08/26,Gbenga,Vault,Present,07:45,17:39,
24/08/26,Halima,Vault,Present,07:49,17:06,
24/08/26,Ifeanyi,Fulfillment,Present,07:37,17:27,
24/08/26,Jide,Fulfillment,Present,07:51,17:09,
24/08/26,Kunle,Fulfillment,Present,07:53,17:24,
24/08/26,Lara,Fulfillment,Present,07:31,17:00,
24/08/26,Mide,Fulfillment,Present,07:44,17:07,
25/08/26,Jennifer,Card Perso,Present,07:56,17:10,
25/08/26,Godday,Card Perso,Present,07:33,17:27,
25/08/26,Kingsley,Card Perso,Present,07:38,17:21,
25/08/26,Judith,Card Perso,Present,07:58,17:08,
25/08/26,Naomi,Card Perso,Present,07:31,17:20,
25/08/26,Chidinma,PMC,Present,07:50,17:26,
25/08/26,Emeka,PMC,Present,07:55,17:23,
25/08/26,Funke,PMC,Late,08:16,17:44,
25/08/26,Tunde,PMC,Present,07:46,17:23,
25/08/26,Amaka,PMC,Present,07:48,17:45,
25/08/26,Bola,PMC,Present,07:51,17:35,
25/08/26,Chuka,PMC,Present,07:31,17:43,
25/08/26,Dayo,PMC,Present,07:36,17:12,
25/08/26,Efe,Telco,Present,07:57,17:23,
25/08/26,Femi,Telco,Present,07:43,17:25,
25/08/26,Gift,Telco,Late,08:34,17:18,
25/08/26,Hadiza,Telco,Present,07:44,17:22,
25/08/26,Ibrahim,OC200,Present,07:45,17:26,
25/08/26,Joy,OC200,Present,07:44,17:35,
25/08/26,Kemi,SM74,Late,08:35,17:26,
25/08/26,Lekan,SM74,Present,07:48,17:03,
25/08/26,Musa,Mailer Unit,Present,07:52,17:00,
25/08/26,Ngozi,Mailer Unit,Present,07:42,17:29,
25/08/26,Obinna,CTP Unit,Present,07:44,17:00,
25/08/26,Peace,CTP Unit,Present,07:58,17:21,
25/08/26,Queen,CTP Unit,Absent,,,
25/08/26,Rotimi,IT,Late,08:49,17:59,
25/08/26,Sade,IT,Present,07:51,17:44,
25/08/26,Tosin,Business,Present,07:58,17:16,
25/08/26,Uche,Business,Present,07:56,17:07,
25/08/26,Victor,Business,Absent,,,
25/08/26,Wale,Business,Present,07:58,17:40,
25/08/26,Yemi,Admin,Present,07:37,17:19,
25/08/26,Zainab,Admin,Present,07:41,17:44,
25/08/26,Abiola,Admin,Present,07:32,17:44,
25/08/26,Blessing,QC,Late,08:33,17:54,
25/08/26,Chiamaka,QC,Leave,,,
25/08/26,Damilola,QC,Present,07:41,17:19,
25/08/26,Eniola,QC,Present,07:42,17:27,
25/08/26,Folake,Vault,Present,07:52,17:29,
25/08/26,Gbenga,Vault,Late,08:33,17:35,
25/08/26,Halima,Vault,Present,07:42,17:11,
25/08/26,Ifeanyi,Fulfillment,Present,07:32,17:10,
25/08/26,Jide,Fulfillment,Present,07:47,17:00,
25/08/26,Kunle,Fulfillment,Present,07:58,17:16,
25/08/26,Lara,Fulfillment,Present,07:59,17:04,
25/08/26,Mide,Fulfillment,Present,07:46,17:34,
26/08/26,Jennifer,Card Perso,Present,07:57,17:22,
26/08/26,Godday,Card Perso,Present,07:39,17:20,
26/08/26,Kingsley,Card Perso,Present,07:58,17:26,
26/08/26,Judith,Card Perso,Present,07:54,17:28,
26/08/26,Naomi,Card Perso,Late,08:37,17:20,
26/08/26,Chidinma,PMC,Present,07:57,17:27,
26/08/26,Emeka,PMC,Present,07:56,17:09,
26/08/26,Funke,PMC,Present,07:37,17:25,
26/08/26,Tunde,PMC,Present,07:37,17:11,
26/08/26,Amaka,PMC,Present,07:42,17:11,
26/08/26,Bola,PMC,Present,07:35,17:31,
26/08/26,Chuka,PMC,Present,07:34,17:01,
26/08/26,Dayo,PMC,Present,07:38,17:04,
26/08/26,Efe,Telco,Present,07:55,17:22,
26/08/26,Femi,Telco,Present,07:34,17:36,
26/08/26,Gift,Telco,Absent,,,
26/08/26,Hadiza,Telco,Present,07:46,17:37,
26/08/26,Ibrahim,OC200,Late,08:55,17:32,
26/08/26,Joy,OC200,Present,07:49,17:12,
26/08/26,Kemi,SM74,Present,07:32,17:16,
26/08/26,Lekan,SM74,Present,07:42,17:44,
26/08/26,Musa,Mailer Unit,Present,07:50,17:07,
26/08/26,Ngozi,Mailer Unit,Present,07:50,17:32,
26/08/26,Obinna,CTP Unit,Late,08:58,17:56,
26/08/26,Peace,CTP Unit,Present,07:35,17:26,
26/08/26,Queen,CTP Unit,Late,08:40,17:53,
26/08/26,Rotimi,IT,Present,07:34,17:09,
26/08/26,Sade,IT,Present,07:47,17:21,
26/08/26,Tosin,Business,Present,07:50,17:08,
26/08/26,Uche,Business,Late,08:52,17:37,
26/08/26,Victor,Business,Present,07:57,17:07,
26/08/26,Wale,Business,Present,07:41,17:04,
26/08/26,Yemi,Admin,Present,07:46,17:08,
26/08/26,Zainab,Admin,Present,07:58,17:13,
26/08/26,Abiola,Admin,Present,07:42,17:13,
26/08/26,Blessing,QC,Present,07:53,17:06,
26/08/26,Chiamaka,QC,Present,07:50,17:32,
26/08/26,Damilola,QC,Present,07:42,17:29,
26/08/26,Eniola,QC,Present,07:52,17:36,
26/08/26,Folake,Vault,Present,07:31,17:45,
26/08/26,Gbenga,Vault,Present,07:49,17:24,
26/08/26,Halima,Vault,Present,07:48,17:30,
26/08/26,Ifeanyi,Fulfillment,Present,07:50,17:36,
26/08/26,Jide,Fulfillment,Present,07:59,17:09,
26/08/26,Kunle,Fulfillment,Present,07:39,17:00,
26/08/26,Lara,Fulfillment,Present,07:51,17:40,
26/08/26,Mide,Fulfillment,Present,07:35,17:00,
27/08/26,Jennifer,Card Perso,Present,07:58,17:26,
27/08/26,Godday,Card Perso,Present,07:33,17:13,
27/08/26,Kingsley,Card Perso,Present,07:36,17:11,
27/08/26,Judith,Card Perso,Present,07:44,17:05,
27/08/26,Naomi,Card Perso,Leave,,,
27/08/26,Chidinma,PMC,Leave,,,
27/08/26,Emeka,PMC,Late,08:39,17:52,
27/08/26,Funke,PMC,Absent,,,
27/08/26,Tunde,PMC,Present,07:47,17:08,
27/08/26,Amaka,PMC,Late,08:46,17:48,
27/08/26,Bola,PMC,Present,07:38,17:07,
27/08/26,Chuka,PMC,Present,07:54,17:29,
27/08/26,Dayo,PMC,Leave,,,
27/08/26,Efe,Telco,Present,07:49,17:29,
27/08/26,Femi,Telco,Present,07:41,17:09,
27/08/26,Gift,Telco,Present,07:44,17:10,
27/08/26,Hadiza,Telco,Present,07:32,17:41,
27/08/26,Ibrahim,OC200,Late,08:21,17:56,
27/08/26,Joy,OC200,Leave,,,
27/08/26,Kemi,SM74,Present,07:55,17:30,
27/08/26,Lekan,SM74,Present,07:38,17:40,
27/08/26,Musa,Mailer Unit,Present,07:47,17:14,
27/08/26,Ngozi,Mailer Unit,Present,07:35,17:22,
27/08/26,Obinna,CTP Unit,Present,07:59,17:29,
27/08/26,Peace,CTP Unit,Absent,,,
27/08/26,Queen,CTP Unit,Present,07:51,17:42,
27/08/26,Rotimi,IT,Present,07:53,17:27,
27/08/26,Sade,IT,Present,07:30,17:12,
27/08/26,Tosin,Business,Present,07:53,17:13,
27/08/26,Uche,Business,Present,07:37,17:06,
27/08/26,Victor,Business,Present,07:59,17:21,
27/08/26,Wale,Business,Present,07:51,17:06,
27/08/26,Yemi,Admin,Late,08:37,17:59,
27/08/26,Zainab,Admin,Present,07:53,17:38,
27/08/26,Abiola,Admin,Late,08:21,17:49,
27/08/26,Blessing,QC,Leave,,,
27/08/26,Chiamaka,QC,Present,07:57,17:16,
27/08/26,Damilola,QC,Present,07:32,17:06,
27/08/26,Eniola,QC,Present,07:51,17:43,
27/08/26,Folake,Vault,Present,07:50,17:38,
27/08/26,Gbenga,Vault,Present,07:46,17:01,
27/08/26,Halima,Vault,Present,07:34,17:16,
27/08/26,Ifeanyi,Fulfillment,Present,07:47,17:22,
27/08/26,Jide,Fulfillment,Present,07:37,17:40,
27/08/26,Kunle,Fulfillment,Present,07:30,17:43,
27/08/26,Lara,Fulfillment,Present,07:45,17:07,
27/08/26,Mide,Fulfillment,Present,07:50,17:22,
28/08/26,Jennifer,Card Perso,Present,07:56,17:11,
28/08/26,Godday,Card Perso,Present,07:55,17:20,
28/08/26,Kingsley,Card Perso,Present,07:52,17:05,
28/08/26,Judith,Card Perso,Present,07:33,17:36,
28/08/26,Naomi,Card Perso,Present,07:31,17:23,
28/08/26,Chidinma,PMC,Present,07:57,17:33,
28/08/26,Emeka,PMC,Late,08:28,17:42,
28/08/26,Funke,PMC,Present,07:47,17:32,
28/08/26,Tunde,PMC,Present,07:40,17:12,
28/08/26,Amaka,PMC,Present,07:33,17:14,
28/08/26,Bola,PMC,Present,07:36,17:32,
28/08/26,Chuka,PMC,Present,07:40,17:16,
28/08/26,Dayo,PMC,Present,07:55,17:23,
28/08/26,Efe,Telco,Present,07:49,17:34,
28/08/26,Femi,Telco,Present,07:49,17:16,
28/08/26,Gift,Telco,Present,07:52,17:20,
28/08/26,Hadiza,Telco,Present,07:47,17:45,
28/08/26,Ibrahim,OC200,Present,07:48,17:33,
28/08/26,Joy,OC200,Present,07:42,17:04,
28/08/26,Kemi,SM74,Absent,,,
28/08/26,Lekan,SM74,Present,07:53,17:09,
28/08/26,Musa,Mailer Unit,Present,07:30,17:22,
28/08/26,Ngozi,Mailer Unit,Present,07:32,17:00,
28/08/26,Obinna,CTP Unit,Late,08:30,17:17,
28/08/26,Peace,CTP Unit,Present,07:57,17:06,
28/08/26,Queen,CTP Unit,Absent,,,
28/08/26,Rotimi,IT,Present,07:42,17:26,
28/08/26,Sade,IT,Present,07:44,17:17,
28/08/26,Tosin,Business,Present,07:59,17:29,
28/08/26,Uche,Business,Present,07:46,17:13,
28/08/26,Victor,Business,Present,07:49,17:05,
28/08/26,Wale,Business,Present,07:36,17:22,
28/08/26,Yemi,Admin,Late,08:37,17:40,
28/08/26,Zainab,Admin,Present,07:57,17:19,
28/08/26,Abiola,Admin,Late,08:58,17:56,
28/08/26,Blessing,QC,Present,07:57,17:28,
28/08/26,Chiamaka,QC,Present,07:45,17:08,
28/08/26,Damilola,QC,Present,07:37,17:16,
28/08/26,Eniola,QC,Present,07:31,17:37,
28/08/26,Folake,Vault,Present,07:44,17:24,
28/08/26,Gbenga,Vault,Present,07:37,17:27,
28/08/26,Halima,Vault,Present,07:50,17:34,
28/08/26,Ifeanyi,Fulfillment,Late,08:33,17:51,
28/08/26,Jide,Fulfillment,Present,07:36,17:36,
28/08/26,Kunle,Fulfillment,Present,07:48,17:19,
28/08/26,Lara,Fulfillment,Present,07:57,17:43,
28/08/26,Mide,Fulfillment,Present,07:45,17:33,
31/08/26,Jennifer,Card Perso,Present,07:41,17:02,
31/08/26,Godday,Card Perso,Present,07:51,17:00,
31/08/26,Kingsley,Card Perso,Present,07:56,17:05,
31/08/26,Judith,Card Perso,Present,07:56,17:44,
31/08/26,Naomi,Card Perso,Present,07:38,17:13,
31/08/26,Chidinma,PMC,Present,07:38,17:38,
31/08/26,Emeka,PMC,Present,07:34,17:28,
31/08/26,Funke,PMC,Present,07:51,17:42,
31/08/26,Tunde,PMC,Present,07:44,17:43,
31/08/26,Amaka,PMC,Present,07:52,17:04,
31/08/26,Bola,PMC,Leave,,,
31/08/26,Chuka,PMC,Present,07:42,17:33,
31/08/26,Dayo,PMC,Present,07:31,17:29,
31/08/26,Efe,Telco,Absent,,,
31/08/26,Femi,Telco,Leave,,,
31/08/26,Gift,Telco,Present,07:51,17:22,
31/08/26,Hadiza,Telco,Late,08:22,17:43,
31/08/26,Ibrahim,OC200,Present,07:43,17:25,
31/08/26,Joy,OC200,Present,07:41,17:44,
31/08/26,Kemi,SM74,Present,07:42,17:14,
31/08/26,Lekan,SM74,Present,07:45,17:16,
31/08/26,Musa,Mailer Unit,Present,07:31,17:32,
31/08/26,Ngozi,Mailer Unit,Present,07:34,17:01,
31/08/26,Obinna,CTP Unit,Absent,,,
31/08/26,Peace,CTP Unit,Present,07:46,17:08,
31/08/26,Queen,CTP Unit,Present,07:55,17:08,
31/08/26,Rotimi,IT,Present,07:36,17:02,
31/08/26,Sade,IT,Leave,,,
31/08/26,Tosin,Business,Late,08:26,17:30,
31/08/26,Uche,Business,Present,07:48,17:39,
31/08/26,Victor,Business,Present,07:36,17:28,
31/08/26,Wale,Business,Present,07:43,17:23,
31/08/26,Yemi,Admin,Present,07:54,17:16,
31/08/26,Zainab,Admin,Present,07:36,17:40,
31/08/26,Abiola,Admin,Present,07:57,17:06,
31/08/26,Blessing,QC,Present,07:59,17:45,
31/08/26,Chiamaka,QC,Present,07:47,17:16,
31/08/26,Damilola,QC,Present,07:32,17:05,
31/08/26,Eniola,QC,Present,07:43,17:22,
31/08/26,Folake,Vault,Present,07:41,17:33,
31/08/26,Gbenga,Vault,Present,07:46,17:22,
31/08/26,Halima,Vault,Present,07:38,17:14,
31/08/26,Ifeanyi,Fulfillment,Leave,,,
31/08/26,Jide,Fulfillment,Present,07:40,17:27,
31/08/26,Kunle,Fulfillment,Late,08:38,17:36,
31/08/26,Lara,Fulfillment,Present,07:54,17:30,
31/08/26,Mide,Fulfillment,Present,07:45,17:30,
01/09/26,Jennifer,Card Perso,Late,08:59,17:43,
01/09/26,Godday,Card Perso,Present,07:33,17:15,
01/09/26,Kingsley,Card Perso,Present,07:36,17:02,
01/09/26,Judith,Card Perso,Present,07:33,17:31,
01/09/26,Naomi,Card Perso,Present,07:58,17:02,
01/09/26,Chidinma,PMC,Present,07:47,17:23,
01/09/26,Emeka,PMC,Present,07:38,17:24,
01/09/26,Funke,PMC,Late,08:37,17:41,
01/09/26,Tunde,PMC,Present,07:41,17:34,
01/09/26,Amaka,PMC,Present,07:42,17:17,
01/09/26,Bola,PMC,Present,07:35,17:19,
01/09/26,Chuka,PMC,Present,07:39,17:16,
01/09/26,Dayo,PMC,Present,07:57,17:36,
01/09/26,Efe,Telco,Late,08:55,17:45,
01/09/26,Femi,Telco,Absent,,,
01/09/26,Gift,Telco,Leave,,,
01/09/26,Hadiza,Telco,Present,07:45,17:24,
01/09/26,Ibrahim,OC200,Present,07:36,17:40,
01/09/26,Joy,OC200,Present,07:47,17:36,
01/09/26,Kemi,SM74,Late,08:49,17:47,
01/09/26,Lekan,SM74,Present,07:52,17:09,
01/09/26,Musa,Mailer Unit,Present,07:38,17:14,
01/09/26,Ngozi,Mailer Unit,Present,07:56,17:42,
01/09/26,Obinna,CTP Unit,Present,07:31,17:38,
01/09/26,Peace,CTP Unit,Present,07:43,17:36,
01/09/26,Queen,CTP Unit,Present,07:43,17:33,
01/09/26,Rotimi,IT,Present,07:53,17:10,
01/09/26,Sade,IT,Present,07:33,17:18,
01/09/26,Tosin,Business,Present,07:31,17:32,
01/09/26,Uche,Business,Present,07:36,17:36,
01/09/26,Victor,Business,Late,08:35,17:33,
01/09/26,Wale,Business,Present,07:35,17:19,
01/09/26,Yemi,Admin,Present,07:43,17:01,
01/09/26,Zainab,Admin,Present,07:45,17:11,
01/09/26,Abiola,Admin,Present,07:39,17:19,
01/09/26,Blessing,QC,Present,07:35,17:31,
01/09/26,Chiamaka,QC,Late,08:53,17:47,
01/09/26,Damilola,QC,Present,07:58,17:27,
01/09/26,Eniola,QC,Present,07:36,17:10,
01/09/26,Folake,Vault,Present,07:56,17:08,
01/09/26,Gbenga,Vault,Absent,,,
01/09/26,Halima,Vault,Present,07:48,17:13,
01/09/26,Ifeanyi,Fulfillment,Present,07:53,17:30,
01/09/26,Jide,Fulfillment,Late,08:46,17:41,
01/09/26,Kunle,Fulfillment,Present,07:54,17:29,
01/09/26,Lara,Fulfillment,Present,07:39,17:33,
01/09/26,Mide,Fulfillment,Present,07:31,17:41,
02/09/26,Jennifer,Card Perso,Present,07:48,17:16,
02/09/26,Godday,Card Perso,Leave,,,
02/09/26,Kingsley,Card Perso,Present,07:37,17:04,
02/09/26,Judith,Card Perso,Present,07:39,17:15,
02/09/26,Naomi,Card Perso,Present,07:33,17:40,
02/09/26,Chidinma,PMC,Present,07:48,17:42,
02/09/26,Emeka,PMC,Present,07:54,17:31,
02/09/26,Funke,PMC,Late,08:48,17:32,
02/09/26,Tunde,PMC,Present,07:55,17:07,
02/09/26,Amaka,PMC,Present,07:57,17:06,
02/09/26,Bola,PMC,Present,07:57,17:00,
02/09/26,Chuka,PMC,Present,07:57,17:15,
02/09/26,Dayo,PMC,Present,07:33,17:36,
02/09/26,Efe,Telco,Late,08:26,17:23,
02/09/26,Femi,Telco,Present,07:45,17:36,
02/09/26,Gift,Telco,Present,07:59,17:27,
02/09/26,Hadiza,Telco,Late,08:53,17:25,
02/09/26,Ibrahim,OC200,Present,07:36,17:45,
02/09/26,Joy,OC200,Present,07:44,17:15,
02/09/26,Kemi,SM74,Absent,,,
02/09/26,Lekan,SM74,Present,07:47,17:05,
02/09/26,Musa,Mailer Unit,Present,07:54,17:20,
02/09/26,Ngozi,Mailer Unit,Present,07:30,17:19,
02/09/26,Obinna,CTP Unit,Late,08:58,17:36,
02/09/26,Peace,CTP Unit,Present,07:49,17:29,
02/09/26,Queen,CTP Unit,Present,07:47,17:42,
02/09/26,Rotimi,IT,Present,07:48,17:11,
02/09/26,Sade,IT,Present,07:55,17:32,
02/09/26,Tosin,Business,Present,07:50,17:20,
02/09/26,Uche,Business,Present,07:53,17:45,
02/09/26,Victor,Business,Late,08:17,17:44,
02/09/26,Wale,Business,Leave,,,
02/09/26,Yemi,Admin,Present,07:33,17:17,
02/09/26,Zainab,Admin,Present,07:47,17:13,
02/09/26,Abiola,Admin,Present,07:59,17:10,
02/09/26,Blessing,QC,Present,07:49,17:31,
02/09/26,Chiamaka,QC,Present,07:57,17:43,
02/09/26,Damilola,QC,Late,08:39,17:22,
02/09/26,Eniola,QC,Present,07:35,17:29,
02/09/26,Folake,Vault,Present,07:31,17:39,
02/09/26,Gbenga,Vault,Late,08:50,17:33,
02/09/26,Halima,Vault,Present,07:43,17:44,
02/09/26,Ifeanyi,Fulfillment,Present,07:42,17:02,
02/09/26,Jide,Fulfillment,Present,07:47,17:35,
02/09/26,Kunle,Fulfillment,Present,07:38,17:13,
02/09/26,Lara,Fulfillment,Present,07:53,17:08,
02/09/26,Mide,Fulfillment,Present,07:32,17:40,
03/09/26,Jennifer,Card Perso,Late,08:57,17:36,
03/09/26,Godday,Card Perso,Present,07:32,17:22,
03/09/26,Kingsley,Card Perso,Present,07:57,17:41,
03/09/26,Judith,Card Perso,Present,07:30,17:15,
03/09/26,Naomi,Card Perso,Present,07:46,17:00,
03/09/26,Chidinma,PMC,Present,07:45,17:43,
03/09/26,Emeka,PMC,Present,07:31,17:32,
03/09/26,Funke,PMC,Late,08:46,17:24,
03/09/26,Tunde,PMC,Present,07:44,17:30,
03/09/26,Amaka,PMC,Present,07:50,17:24,
03/09/26,Bola,PMC,Late,08:22,17:27,
03/09/26,Chuka,PMC,Present,07:34,17:36,
03/09/26,Dayo,PMC,Present,07:43,17:43,
03/09/26,Efe,Telco,Late,08:34,17:42,
03/09/26,Femi,Telco,Late,08:26,17:42,
03/09/26,Gift,Telco,Present,07:36,17:04,
03/09/26,Hadiza,Telco,Present,07:52,17:00,
03/09/26,Ibrahim,OC200,Late,08:37,17:36,
03/09/26,Joy,OC200,Present,07:40,17:07,
03/09/26,Kemi,SM74,Present,07:55,17:41,
03/09/26,Lekan,SM74,Late,08:38,17:21,
03/09/26,Musa,Mailer Unit,Present,07:33,17:25,
03/09/26,Ngozi,Mailer Unit,Present,07:58,17:01,
03/09/26,Obinna,CTP Unit,Present,07:48,17:33,
03/09/26,Peace,CTP Unit,Present,07:43,17:09,
03/09/26,Queen,CTP Unit,Present,07:49,17:27,
03/09/26,Rotimi,IT,Present,07:53,17:05,
03/09/26,Sade,IT,Present,07:44,17:37,
03/09/26,Tosin,Business,Present,07:52,17:10,
03/09/26,Uche,Business,Present,07:53,17:19,
03/09/26,Victor,Business,Present,07:33,17:25,
03/09/26,Wale,Business,Present,07:38,17:43,
03/09/26,Yemi,Admin,Present,07:40,17:11,
03/09/26,Zainab,Admin,Late,08:30,17:31,
03/09/26,Abiola,Admin,Present,07:36,17:11,
03/09/26,Blessing,QC,Late,08:34,17:39,
03/09/26,Chiamaka,QC,Present,07:50,17:10,
03/09/26,Damilola,QC,Present,07:48,17:43,
03/09/26,Eniola,QC,Present,07:38,17:26,
03/09/26,Folake,Vault,Present,07:50,17:28,
03/09/26,Gbenga,Vault,Present,07:35,17:37,
03/09/26,Halima,Vault,Late,08:39,17:23,
03/09/26,Ifeanyi,Fulfillment,Present,07:37,17:24,
03/09/26,Jide,Fulfillment,Present,07:49,17:00,
03/09/26,Kunle,Fulfillment,Present,07:58,17:02,
03/09/26,Lara,Fulfillment,Present,07:55,17:21,
03/09/26,Mide,Fulfillment,Late,08:59,17:26,
04/09/26,Jennifer,Card Perso,Present,07:45,17:00,
04/09/26,Godday,Card Perso,Present,07:38,17:09,
04/09/26,Kingsley,Card Perso,Present,07:34,17:06,
04/09/26,Judith,Card Perso,Present,07:43,17:09,
04/09/26,Naomi,Card Perso,Present,07:44,17:44,
04/09/26,Chidinma,PMC,Present,07:59,17:40,
04/09/26,Emeka,PMC,Present,07:42,17:21,
04/09/26,Funke,PMC,Present,07:43,17:12,
04/09/26,Tunde,PMC,Present,07:50,17:09,
04/09/26,Amaka,PMC,Late,08:16,17:17,
04/09/26,Bola,PMC,Present,07:49,17:37,
04/09/26,Chuka,PMC,Present,07:52,17:16,
04/09/26,Dayo,PMC,Late,08:59,17:51,
04/09/26,Efe,Telco,Present,07:39,17:37,
04/09/26,Femi,Telco,Present,07:47,17:10,
04/09/26,Gift,Telco,Present,07:35,17:37,
04/09/26,Hadiza,Telco,Present,07:35,17:38,
04/09/26,Ibrahim,OC200,Present,07:51,17:40,
04/09/26,Joy,OC200,Present,07:38,17:20,
04/09/26,Kemi,SM74,Present,07:56,17:09,
04/09/26,Lekan,SM74,Present,07:41,17:27,
04/09/26,Musa,Mailer Unit,Late,08:28,17:57,
04/09/26,Ngozi,Mailer Unit,Present,07:35,17:07,
04/09/26,Obinna,CTP Unit,Present,07:41,17:34,
04/09/26,Peace,CTP Unit,Present,07:59,17:06,
04/09/26,Queen,CTP Unit,Late,08:32,17:50,
04/09/26,Rotimi,IT,Present,07:50,17:00,
04/09/26,Sade,IT,Present,07:50,17:21,
04/09/26,Tosin,Business,Present,07:58,17:04,
04/09/26,Uche,Business,Present,07:41,17:33,
04/09/26,Victor,Business,Present,07:55,17:30,
04/09/26,Wale,Business,Present,07:40,17:34,
04/09/26,Yemi,Admin,Present,07:31,17:29,
04/09/26,Zainab,Admin,Absent,,,
04/09/26,Abiola,Admin,Present,07:32,17:25,
04/09/26,Blessing,QC,Present,07:41,17:30,
04/09/26,Chiamaka,QC,Present,07:46,17:34,
04/09/26,Damilola,QC,Present,07:51,17:10,
04/09/26,Eniola,QC,Present,07:34,17:18,
04/09/26,Folake,Vault,Present,07:47,17:18,
04/09/26,Gbenga,Vault,Present,07:40,17:25,
04/09/26,Halima,Vault,Present,07:39,17:04,
04/09/26,Ifeanyi,Fulfillment,Present,07:36,17:39,
04/09/26,Jide,Fulfillment,Present,07:50,17:36,
04/09/26,Kunle,Fulfillment,Present,07:59,17:22,
04/09/26,Lara,Fulfillment,Present,07:46,17:15,
04/09/26,Mide,Fulfillment,Present,07:30,17:38,
07/09/26,Jennifer,Card Perso,Present,07:49,17:38,
07/09/26,Godday,Card Perso,Present,07:54,17:25,
07/09/26,Kingsley,Card Perso,Present,07:54,17:01,
07/09/26,Judith,Card Perso,Present,07:43,17:23,
07/09/26,Naomi,Card Perso,Present,07:46,17:39,
07/09/26,Chidinma,PMC,Present,07:49,17:32,
07/09/26,Emeka,PMC,Present,07:41,17:38,
07/09/26,Funke,PMC,Present,07:32,17:14,
07/09/26,Tunde,PMC,Present,07:34,17:37,
07/09/26,Amaka,PMC,Late,08:16,17:40,
07/09/26,Bola,PMC,Present,07:49,17:13,
07/09/26,Chuka,PMC,Present,07:54,17:09,
07/09/26,Dayo,PMC,Present,07:32,17:07,
07/09/26,Efe,Telco,Present,07:56,17:41,
07/09/26,Femi,Telco,Present,07:32,17:26,
07/09/26,Gift,Telco,Present,07:54,17:17,
07/09/26,Hadiza,Telco,Present,07:38,17:28,
07/09/26,Ibrahim,OC200,Present,07:54,17:13,
07/09/26,Joy,OC200,Present,07:36,17:42,
07/09/26,Kemi,SM74,Present,07:35,17:27,
07/09/26,Lekan,SM74,Late,08:42,17:25,
07/09/26,Musa,Mailer Unit,Present,07:52,17:19,
07/09/26,Ngozi,Mailer Unit,Present,07:44,17:39,
07/09/26,Obinna,CTP Unit,Present,07:33,17:04,
07/09/26,Peace,CTP Unit,Present,07:37,17:20,
07/09/26,Queen,CTP Unit,Present,07:50,17:13,
07/09/26,Rotimi,IT,Present,07:55,17:23,
07/09/26,Sade,IT,Present,07:56,17:39,
07/09/26,Tosin,Business,Late,08:45,17:17,
07/09/26,Uche,Business,Present,07:41,17:07,
07/09/26,Victor,Business,Present,07:54,17:11,
07/09/26,Wale,Business,Present,07:53,17:22,
07/09/26,Yemi,Admin,Present,07:48,17:40,
07/09/26,Zainab,Admin,Late,08:26,17:51,
07/09/26,Abiola,Admin,Present,07:54,17:15,
07/09/26,Blessing,QC,Present,07:52,17:08,
07/09/26,Chiamaka,QC,Present,07:49,17:24,
07/09/26,Damilola,QC,Present,07:35,17:02,
07/09/26,Eniola,QC,Present,07:36,17:13,
07/09/26,Folake,Vault,Present,07:33,17:41,
07/09/26,Gbenga,Vault,Present,07:39,17:42,
07/09/26,Halima,Vault,Present,07:51,17:21,
07/09/26,Ifeanyi,Fulfillment,Present,07:40,17:12,
07/09/26,Jide,Fulfillment,Present,07:45,17:34,
07/09/26,Kunle,Fulfillment,Present,07:34,17:03,
07/09/26,Lara,Fulfillment,Present,07:32,17:19,
07/09/26,Mide,Fulfillment,Present,07:39,17:09,
08/09/26,Jennifer,Card Perso,Present,07:52,17:10,
08/09/26,Godday,Card Perso,Absent,,,
08/09/26,Kingsley,Card Perso,Present,07:45,17:05,
08/09/26,Judith,Card Perso,Present,07:33,17:31,
08/09/26,Naomi,Card Perso,Present,07:52,17:30,
08/09/26,Chidinma,PMC,Present,07:58,17:23,
08/09/26,Emeka,PMC,Present,07:32,17:09,
08/09/26,Funke,PMC,Present,07:51,17:38,
08/09/26,Tunde,PMC,Present,07:40,17:38,
08/09/26,Amaka,PMC,Present,07:47,17:09,
08/09/26,Bola,PMC,Present,07:39,17:02,
08/09/26,Chuka,PMC,Absent,,,
08/09/26,Dayo,PMC,Present,07:37,17:27,
08/09/26,Efe,Telco,Absent,,,
08/09/26,Femi,Telco,Absent,,,
08/09/26,Gift,Telco,Late,08:43,17:56,
08/09/26,Hadiza,Telco,Present,07:59,17:07,
08/09/26,Ibrahim,OC200,Present,07:30,17:34,
08/09/26,Joy,OC200,Late,08:27,17:23,
08/09/26,Kemi,SM74,Present,07:45,17:16,
08/09/26,Lekan,SM74,Present,07:42,17:22,
08/09/26,Musa,Mailer Unit,Present,07:53,17:44,
08/09/26,Ngozi,Mailer Unit,Present,07:45,17:25,
08/09/26,Obinna,CTP Unit,Absent,,,
08/09/26,Peace,CTP Unit,Present,07:32,17:35,
08/09/26,Queen,CTP Unit,Present,07:58,17:40,
08/09/26,Rotimi,IT,Present,07:44,17:40,
08/09/26,Sade,IT,Present,07:37,17:18,
08/09/26,Tosin,Business,Present,07:41,17:27,
08/09/26,Uche,Business,Present,07:48,17:37,
08/09/26,Victor,Business,Present,07:39,17:05,
08/09/26,Wale,Business,Present,07:48,17:11,
08/09/26,Yemi,Admin,Present,07:50,17:33,
08/09/26,Zainab,Admin,Present,07:39,17:00,
08/09/26,Abiola,Admin,Late,08:58,17:54,
08/09/26,Blessing,QC,Late,08:35,17:57,
08/09/26,Chiamaka,QC,Present,07:47,17:41,
08/09/26,Damilola,QC,Present,07:57,17:10,
08/09/26,Eniola,QC,Present,07:37,17:30,
08/09/26,Folake,Vault,Present,07:42,17:26,
08/09/26,Gbenga,Vault,Leave,,,
08/09/26,Halima,Vault,Present,07:47,17:42,
08/09/26,Ifeanyi,Fulfillment,Present,07:47,17:23,
08/09/26,Jide,Fulfillment,Present,07:57,17:01,
08/09/26,Kunle,Fulfillment,Present,07:43,17:04,
08/09/26,Lara,Fulfillment,Present,07:49,17:10,
08/09/26,Mide,Fulfillment,Late,08:49,17:51,
09/09/26,Jennifer,Card Perso,Present,07:56,17:41,
09/09/26,Godday,Card Perso,Present,07:34,17:01,
09/09/26,Kingsley,Card Perso,Present,07:55,17:20,
09/09/26,Judith,Card Perso,Present,07:49,17:09,
09/09/26,Naomi,Card Perso,Present,07:53,17:01,
09/09/26,Chidinma,PMC,Present,07:59,17:27,
09/09/26,Emeka,PMC,Present,07:45,17:00,
09/09/26,Funke,PMC,Late,08:36,17:20,
09/09/26,Tunde,PMC,Present,07:32,17:35,
09/09/26,Amaka,PMC,Present,07:58,17:37,
09/09/26,Bola,PMC,Late,08:39,17:43,
09/09/26,Chuka,PMC,Present,07:49,17:27,
09/09/26,Dayo,PMC,Present,07:45,17:23,
09/09/26,Efe,Telco,Present,07:34,17:34,
09/09/26,Femi,Telco,Present,07:39,17:02,
09/09/26,Gift,Telco,Present,07:53,17:43,
09/09/26,Hadiza,Telco,Present,07:39,17:33,
09/09/26,Ibrahim,OC200,Present,07:39,17:06,
09/09/26,Joy,OC200,Present,07:33,17:31,
09/09/26,Kemi,SM74,Present,07:55,17:04,
09/09/26,Lekan,SM74,Present,07:45,17:04,
09/09/26,Musa,Mailer Unit,Present,07:35,17:02,
09/09/26,Ngozi,Mailer Unit,Present,07:37,17:04,
09/09/26,Obinna,CTP Unit,Present,07:58,17:04,
09/09/26,Peace,CTP Unit,Present,07:33,17:15,
09/09/26,Queen,CTP Unit,Present,07:50,17:44,
09/09/26,Rotimi,IT,Present,07:50,17:14,
09/09/26,Sade,IT,Late,08:56,17:51,
09/09/26,Tosin,Business,Present,07:49,17:41,
09/09/26,Uche,Business,Present,07:38,17:02,
09/09/26,Victor,Business,Present,07:38,17:14,
09/09/26,Wale,Business,Present,07:32,17:11,
09/09/26,Yemi,Admin,Present,07:42,17:01,
09/09/26,Zainab,Admin,Present,07:51,17:05,
09/09/26,Abiola,Admin,Late,08:53,17:16,
09/09/26,Blessing,QC,Present,07:37,17:36,
09/09/26,Chiamaka,QC,Present,07:35,17:13,
09/09/26,Damilola,QC,Present,07:32,17:10,
09/09/26,Eniola,QC,Present,07:50,17:28,
09/09/26,Folake,Vault,Present,07:32,17:38,
09/09/26,Gbenga,Vault,Present,07:57,17:21,
09/09/26,Halima,Vault,Present,07:56,17:33,
09/09/26,Ifeanyi,Fulfillment,Present,07:38,17:31,
09/09/26,Jide,Fulfillment,Present,07:47,17:21,
09/09/26,Kunle,Fulfillment,Present,07:49,17:13,
09/09/26,Lara,Fulfillment,Present,07:40,17:26,
09/09/26,Mide,Fulfillment,Present,07:44,17:35,
10/09/26,Jennifer,Card Perso,Present,07:34,17:02,
10/09/26,Godday,Card Perso,Late,08:28,17:20,
10/09/26,Kingsley,Card Perso,Present,07:30,17:36,
10/09/26,Judith,Card Perso,Present,07:43,17:29,
10/09/26,Naomi,Card Perso,Present,07:51,17:22,
10/09/26,Chidinma,PMC,Present,07:48,17:18,
10/09/26,Emeka,PMC,Present,07:44,17:03,
10/09/26,Funke,PMC,Present,07:31,17:40,
10/09/26,Tunde,PMC,Present,07:43,17:11,
10/09/26,Amaka,PMC,Present,07:33,17:21,
10/09/26,Bola,PMC,Present,07:53,17:11,
10/09/26,Chuka,PMC,Present,07:40,17:08,
10/09/26,Dayo,PMC,Late,08:45,17:16,
10/09/26,Efe,Telco,Late,08:23,17:33,
10/09/26,Femi,Telco,Present,07:59,17:41,
10/09/26,Gift,Telco,Late,08:36,17:51,
10/09/26,Hadiza,Telco,Present,07:43,17:02,
10/09/26,Ibrahim,OC200,Present,07:36,17:01,
10/09/26,Joy,OC200,Present,07:32,17:08,
10/09/26,Kemi,SM74,Present,07:54,17:14,
10/09/26,Lekan,SM74,Present,07:48,17:25,
10/09/26,Musa,Mailer Unit,Present,07:34,17:24,
10/09/26,Ngozi,Mailer Unit,Present,07:40,17:42,
10/09/26,Obinna,CTP Unit,Present,07:40,17:40,
10/09/26,Peace,CTP Unit,Present,07:38,17:33,
10/09/26,Queen,CTP Unit,Present,07:59,17:39,
10/09/26,Rotimi,IT,Leave,,,
10/09/26,Sade,IT,Absent,,,
10/09/26,Tosin,Business,Late,08:36,17:53,
10/09/26,Uche,Business,Present,07:48,17:25,
10/09/26,Victor,Business,Present,07:37,17:38,
10/09/26,Wale,Business,Present,07:57,17:15,
10/09/26,Yemi,Admin,Present,07:45,17:42,
10/09/26,Zainab,Admin,Present,07:55,17:41,
10/09/26,Abiola,Admin,Present,07:48,17:45,
10/09/26,Blessing,QC,Late,08:38,17:56,
10/09/26,Chiamaka,QC,Present,07:37,17:06,
10/09/26,Damilola,QC,Present,07:30,17:24,
10/09/26,Eniola,QC,Present,07:45,17:18,
10/09/26,Folake,Vault,Present,07:47,17:32,
10/09/26,Gbenga,Vault,Present,07:38,17:05,
10/09/26,Halima,Vault,Absent,,,
10/09/26,Ifeanyi,Fulfillment,Present,07:58,17:44,
10/09/26,Jide,Fulfillment,Present,07:58,17:41,
10/09/26,Kunle,Fulfillment,Present,07:52,17:35,
10/09/26,Lara,Fulfillment,Present,07:55,17:25,
10/09/26,Mide,Fulfillment,Present,07:49,17:27,
11/09/26,Jennifer,Card Perso,Present,07:31,17:21,
11/09/26,Godday,Card Perso,Late,08:51,17:49,
11/09/26,Kingsley,Card Perso,Leave,,,
11/09/26,Judith,Card Perso,Present,07:39,17:09,
11/09/26,Naomi,Card Perso,Leave,,,
11/09/26,Chidinma,PMC,Late,08:46,17:23,
11/09/26,Emeka,PMC,Absent,,,
11/09/26,Funke,PMC,Present,07:50,17:19,
11/09/26,Tunde,PMC,Present,07:55,17:08,
11/09/26,Amaka,PMC,Present,07:56,17:00,
11/09/26,Bola,PMC,Present,07:47,17:08,
11/09/26,Chuka,PMC,Present,07:52,17:33,
11/09/26,Dayo,PMC,Present,07:55,17:03,
11/09/26,Efe,Telco,Leave,,,
11/09/26,Femi,Telco,Present,07:53,17:36,
11/09/26,Gift,Telco,Present,07:54,17:29,
11/09/26,Hadiza,Telco,Late,08:24,17:51,
11/09/26,Ibrahim,OC200,Present,07:37,17:22,
11/09/26,Joy,OC200,Present,07:59,17:40,
11/09/26,Kemi,SM74,Present,07:39,17:11,
11/09/26,Lekan,SM74,Present,07:50,17:31,
11/09/26,Musa,Mailer Unit,Late,08:44,17:53,
11/09/26,Ngozi,Mailer Unit,Present,07:48,17:36,
11/09/26,Obinna,CTP Unit,Leave,,,
11/09/26,Peace,CTP Unit,Present,07:34,17:38,
11/09/26,Queen,CTP Unit,Present,07:30,17:03,
11/09/26,Rotimi,IT,Present,07:45,17:41,
11/09/26,Sade,IT,Present,07:34,17:23,
11/09/26,Tosin,Business,Present,07:45,17:22,
11/09/26,Uche,Business,Present,07:33,17:03,
11/09/26,Victor,Business,Present,07:55,17:01,
11/09/26,Wale,Business,Present,07:53,17:18,
11/09/26,Yemi,Admin,Late,08:48,17:35,
11/09/26,Zainab,Admin,Present,07:49,17:14,
11/09/26,Abiola,Admin,Leave,,,
11/09/26,Blessing,QC,Present,07:59,17:26,
11/09/26,Chiamaka,QC,Present,07:42,17:40,
11/09/26,Damilola,QC,Present,07:51,17:30,
11/09/26,Eniola,QC,Present,07:43,17:21,
11/09/26,Folake,Vault,Present,07:56,17:06,
11/09/26,Gbenga,Vault,Present,07:36,17:36,
11/09/26,Halima,Vault,Present,07:46,17:12,
11/09/26,Ifeanyi,Fulfillment,Present,07:44,17:09,
11/09/26,Jide,Fulfillment,Present,07:38,17:00,
11/09/26,Kunle,Fulfillment,Present,07:32,17:32,
11/09/26,Lara,Fulfillment,Present,07:47,17:40,
11/09/26,Mide,Fulfillment,Present,07:32,17:38,
14/09/26,Jennifer,Card Perso,Present,07:32,17:05,
14/09/26,Godday,Card Perso,Present,07:34,17:24,
14/09/26,Kingsley,Card Perso,Present,07:36,17:10,
14/09/26,Judith,Card Perso,Present,07:37,17:22,
14/09/26,Naomi,Card Perso,Present,07:36,17:34,
14/09/26,Chidinma,PMC,Present,07:35,17:24,
14/09/26,Emeka,PMC,Present,07:43,17:08,
14/09/26,Funke,PMC,Present,07:54,17:39,
14/09/26,Tunde,PMC,Leave,,,
14/09/26,Amaka,PMC,Present,07:32,17:14,
14/09/26,Bola,PMC,Present,07:47,17:22,
14/09/26,Chuka,PMC,Present,07:58,17:00,
14/09/26,Dayo,PMC,Present,07:33,17:45,
14/09/26,Efe,Telco,Present,07:44,17:04,
14/09/26,Femi,Telco,Present,07:30,17:30,
14/09/26,Gift,Telco,Present,07:54,17:37,
14/09/26,Hadiza,Telco,Present,07:44,17:36,
14/09/26,Ibrahim,OC200,Present,07:35,17:13,
14/09/26,Joy,OC200,Present,07:30,17:01,
14/09/26,Kemi,SM74,Present,07:42,17:36,
14/09/26,Lekan,SM74,Present,07:36,17:15,
14/09/26,Musa,Mailer Unit,Present,07:46,17:22,
14/09/26,Ngozi,Mailer Unit,Present,07:47,17:00,
14/09/26,Obinna,CTP Unit,Present,07:34,17:08,
14/09/26,Peace,CTP Unit,Present,07:52,17:34,
14/09/26,Queen,CTP Unit,Present,07:54,17:26,
14/09/26,Rotimi,IT,Present,07:34,17:25,
14/09/26,Sade,IT,Present,07:57,17:13,
14/09/26,Tosin,Business,Present,07:37,17:07,
14/09/26,Uche,Business,Present,07:54,17:27,
14/09/26,Victor,Business,Late,08:33,17:16,
14/09/26,Wale,Business,Present,07:48,17:38,
14/09/26,Yemi,Admin,Present,07:45,17:37,
14/09/26,Zainab,Admin,Late,08:59,17:47,
14/09/26,Abiola,Admin,Present,07:39,17:31,
14/09/26,Blessing,QC,Present,07:36,17:09,
14/09/26,Chiamaka,QC,Present,07:41,17:06,
14/09/26,Damilola,QC,Present,07:31,17:21,
14/09/26,Eniola,QC,Present,07:50,17:29,
14/09/26,Folake,Vault,Present,07:41,17:27,
14/09/26,Gbenga,Vault,Present,07:56,17:21,
14/09/26,Halima,Vault,Absent,,,
14/09/26,Ifeanyi,Fulfillment,Late,08:22,17:57,
14/09/26,Jide,Fulfillment,Present,07:50,17:11,
14/09/26,Kunle,Fulfillment,Present,07:43,17:10,
14/09/26,Lara,Fulfillment,Present,07:44,17:26,
14/09/26,Mide,Fulfillment,Late,08:29,17:46,
15/09/26,Jennifer,Card Perso,Present,07:42,17:19,
15/09/26,Godday,Card Perso,Present,07:38,17:20,
15/09/26,Kingsley,Card Perso,Late,08:36,17:36,
15/09/26,Judith,Card Perso,Present,07:41,17:16,
15/09/26,Naomi,Card Perso,Present,07:59,17:05,
15/09/26,Chidinma,PMC,Present,07:50,17:07,
15/09/26,Emeka,PMC,Late,08:35,17:28,
15/09/26,Funke,PMC,Present,07:59,17:11,
15/09/26,Tunde,PMC,Present,07:32,17:02,
15/09/26,Amaka,PMC,Present,07:58,17:10,
15/09/26,Bola,PMC,Present,07:43,17:45,
15/09/26,Chuka,PMC,Present,07:54,17:42,
15/09/26,Dayo,PMC,Present,07:30,17:32,
15/09/26,Efe,Telco,Leave,,,
15/09/26,Femi,Telco,Present,07:33,17:13,
15/09/26,Gift,Telco,Absent,,,
15/09/26,Hadiza,Telco,Present,07:58,17:42,
15/09/26,Ibrahim,OC200,Present,07:44,17:00,
15/09/26,Joy,OC200,Present,07:52,17:28,
15/09/26,Kemi,SM74,Present,07:58,17:01,
15/09/26,Lekan,SM74,Present,07:37,17:38,
15/09/26,Musa,Mailer Unit,Present,07:40,17:38,
15/09/26,Ngozi,Mailer Unit,Present,07:32,17:41,
15/09/26,Obinna,CTP Unit,Late,08:36,17:52,
15/09/26,Peace,CTP Unit,Present,07:56,17:41,
15/09/26,Queen,CTP Unit,Absent,,,
15/09/26,Rotimi,IT,Present,07:53,17:39,
15/09/26,Sade,IT,Present,07:49,17:34,
15/09/26,Tosin,Business,Present,07:44,17:04,
15/09/26,Uche,Business,Late,08:55,17:28,
15/09/26,Victor,Business,Present,07:57,17:20,
15/09/26,Wale,Business,Leave,,,
15/09/26,Yemi,Admin,Present,07:50,17:37,
15/09/26,Zainab,Admin,Present,07:42,17:39,
15/09/26,Abiola,Admin,Present,07:38,17:19,
15/09/26,Blessing,QC,Present,07:48,17:39,
15/09/26,Chiamaka,QC,Present,07:39,17:23,
15/09/26,Damilola,QC,Late,08:16,17:32,
15/09/26,Eniola,QC,Present,07:45,17:16,
15/09/26,Folake,Vault,Present,07:58,17:17,
15/09/26,Gbenga,Vault,Late,08:22,17:40,
15/09/26,Halima,Vault,Present,07:47,17:26,
15/09/26,Ifeanyi,Fulfillment,Present,07:38,17:29,
15/09/26,Jide,Fulfillment,Present,07:44,17:45,
15/09/26,Kunle,Fulfillment,Present,07:46,17:34,
15/09/26,Lara,Fulfillment,Present,07:51,17:08,
15/09/26,Mide,Fulfillment,Late,08:24,17:57,
16/09/26,Jennifer,Card Perso,Present,07:45,17:26,
16/09/26,Godday,Card Perso,Present,07:52,17:08,
16/09/26,Kingsley,Card Perso,Present,07:42,17:12,
16/09/26,Judith,Card Perso,Present,07:32,17:23,
16/09/26,Naomi,Card Perso,Present,07:48,17:19,
16/09/26,Chidinma,PMC,Present,07:49,17:08,
16/09/26,Emeka,PMC,Present,07:34,17:18,
16/09/26,Funke,PMC,Present,07:53,17:08,
16/09/26,Tunde,PMC,Present,07:43,17:02,
16/09/26,Amaka,PMC,Present,07:52,17:05,
16/09/26,Bola,PMC,Present,07:34,17:22,
16/09/26,Chuka,PMC,Present,07:48,17:18,
16/09/26,Dayo,PMC,Present,07:41,17:24,
16/09/26,Efe,Telco,Late,08:24,17:30,
16/09/26,Femi,Telco,Present,07:41,17:44,
16/09/26,Gift,Telco,Present,07:35,17:44,
16/09/26,Hadiza,Telco,Leave,,,
16/09/26,Ibrahim,OC200,Late,08:26,17:15,
16/09/26,Joy,OC200,Present,07:59,17:36,
16/09/26,Kemi,SM74,Absent,,,
16/09/26,Lekan,SM74,Present,07:52,17:01,
16/09/26,Musa,Mailer Unit,Late,08:48,17:15,
16/09/26,Ngozi,Mailer Unit,Present,07:32,17:32,
16/09/26,Obinna,CTP Unit,Present,07:47,17:08,
16/09/26,Peace,CTP Unit,Present,07:38,17:27,
16/09/26,Queen,CTP Unit,Present,07:31,17:24,
16/09/26,Rotimi,IT,Present,07:43,17:29,
16/09/26,Sade,IT,Present,07:40,17:27,
16/09/26,Tosin,Business,Present,07:54,17:16,
16/09/26,Uche,Business,Present,07:46,17:33,
16/09/26,Victor,Business,Present,07:45,17:31,
16/09/26,Wale,Business,Late,08:54,17:50,
16/09/26,Yemi,Admin,Present,07:51,17:31,
16/09/26,Zainab,Admin,Present,07:56,17:16,
16/09/26,Abiola,Admin,Present,07:39,17:00,
16/09/26,Blessing,QC,Present,07:59,17:21,
16/09/26,Chiamaka,QC,Present,07:57,17:18,
16/09/26,Damilola,QC,Absent,,,
16/09/26,Eniola,QC,Present,07:34,17:39,
16/09/26,Folake,Vault,Late,08:51,17:36,
16/09/26,Gbenga,Vault,Present,07:52,17:19,
16/09/26,Halima,Vault,Present,07:44,17:15,
16/09/26,Ifeanyi,Fulfillment,Absent,,,
16/09/26,Jide,Fulfillment,Present,07:49,17:11,
16/09/26,Kunle,Fulfillment,Leave,,,
16/09/26,Lara,Fulfillment,Present,07:36,17:36,
16/09/26,Mide,Fulfillment,Present,07:38,17:28,
17/09/26,Jennifer,Card Perso,Present,07:57,17:02,
17/09/26,Godday,Card Perso,Present,07:39,17:26,
17/09/26,Kingsley,Card Perso,Present,07:41,17:14,
17/09/26,Judith,Card Perso,Present,07:42,17:29,
17/09/26,Naomi,Card Perso,Present,07:52,17:33,
17/09/26,Chidinma,PMC,Present,07:42,17:24,
17/09/26,Emeka,PMC,Present,07:52,17:29,
17/09/26,Funke,PMC,Present,07:53,17:16,
17/09/26,Tunde,PMC,Present,07:43,17:37,
17/09/26,Amaka,PMC,Present,07:38,17:20,
17/09/26,Bola,PMC,Present,07:37,17:11,
17/09/26,Chuka,PMC,Present,07:54,17:37,
17/09/26,Dayo,PMC,Present,07:46,17:40,
17/09/26,Efe,Telco,Present,07:57,17:41,
17/09/26,Femi,Telco,Present,07:56,17:00,
17/09/26,Gift,Telco,Present,07:42,17:08,
17/09/26,Hadiza,Telco,Late,08:34,17:47,
17/09/26,Ibrahim,OC200,Late,08:42,17:56,
17/09/26,Joy,OC200,Present,07:49,17:26,
17/09/26,Kemi,SM74,Present,07:47,17:11,
17/09/26,Lekan,SM74,Present,07:59,17:39,
17/09/26,Musa,Mailer Unit,Present,07:45,17:38,
17/09/26,Ngozi,Mailer Unit,Present,07:39,17:06,
17/09/26,Obinna,CTP Unit,Absent,,,
17/09/26,Peace,CTP Unit,Present,07:40,17:12,
17/09/26,Queen,CTP Unit,Late,08:39,17:58,
17/09/26,Rotimi,IT,Present,07:41,17:34,
17/09/26,Sade,IT,Late,08:33,17:16,
17/09/26,Tosin,Business,Present,07:33,17:00,
17/09/26,Uche,Business,Present,07:38,17:28,
17/09/26,Victor,Business,Late,08:22,17:19,
17/09/26,Wale,Business,Late,08:20,17:43,
17/09/26,Yemi,Admin,Present,07:44,17:35,
17/09/26,Zainab,Admin,Present,07:48,17:43,
17/09/26,Abiola,Admin,Present,07:40,17:05,
17/09/26,Blessing,QC,Present,07:44,17:26,
17/09/26,Chiamaka,QC,Present,07:51,17:25,
17/09/26,Damilola,QC,Present,07:54,17:09,
17/09/26,Eniola,QC,Present,07:51,17:06,
17/09/26,Folake,Vault,Present,07:58,17:18,
17/09/26,Gbenga,Vault,Present,07:43,17:09,
17/09/26,Halima,Vault,Present,07:30,17:23,
17/09/26,Ifeanyi,Fulfillment,Present,07:50,17:45,
17/09/26,Jide,Fulfillment,Present,07:57,17:28,
17/09/26,Kunle,Fulfillment,Present,07:39,17:28,
17/09/26,Lara,Fulfillment,Late,08:47,17:35,
17/09/26,Mide,Fulfillment,Absent,,,
18/09/26,Jennifer,Card Perso,Present,07:43,17:20,
18/09/26,Godday,Card Perso,Present,07:50,17:28,
18/09/26,Kingsley,Card Perso,Present,07:54,17:01,
18/09/26,Judith,Card Perso,Present,07:48,17:08,
18/09/26,Naomi,Card Perso,Present,07:38,17:44,
18/09/26,Chidinma,PMC,Late,08:19,17:58,
18/09/26,Emeka,PMC,Present,07:55,17:23,
18/09/26,Funke,PMC,Present,07:57,17:19,
18/09/26,Tunde,PMC,Present,07:45,17:12,
18/09/26,Amaka,PMC,Late,08:30,17:50,
18/09/26,Bola,PMC,Present,07:36,17:36,
18/09/26,Chuka,PMC,Present,07:30,17:36,
18/09/26,Dayo,PMC,Late,08:40,17:16,
18/09/26,Efe,Telco,Present,07:40,17:06,
18/09/26,Femi,Telco,Present,07:33,17:17,
18/09/26,Gift,Telco,Present,07:40,17:17,
18/09/26,Hadiza,Telco,Leave,,,
18/09/26,Ibrahim,OC200,Present,07:58,17:02,
18/09/26,Joy,OC200,Present,07:49,17:25,
18/09/26,Kemi,SM74,Present,07:34,17:26,
18/09/26,Lekan,SM74,Absent,,,
18/09/26,Musa,Mailer Unit,Present,07:32,17:26,
18/09/26,Ngozi,Mailer Unit,Present,07:49,17:19,
18/09/26,Obinna,CTP Unit,Late,08:35,17:44,
18/09/26,Peace,CTP Unit,Present,07:46,17:08,
18/09/26,Queen,CTP Unit,Present,07:40,17:27,
18/09/26,Rotimi,IT,Present,07:41,17:43,
18/09/26,Sade,IT,Present,07:39,17:08,
18/09/26,Tosin,Business,Present,07:36,17:32,
18/09/26,Uche,Business,Present,07:47,17:45,
18/09/26,Victor,Business,Present,07:52,17:29,
18/09/26,Wale,Business,Present,07:49,17:00,
18/09/26,Yemi,Admin,Leave,,,
18/09/26,Zainab,Admin,Present,07:45,17:06,
18/09/26,Abiola,Admin,Present,07:53,17:32,
18/09/26,Blessing,QC,Present,07:35,17:15,
18/09/26,Chiamaka,QC,Present,07:44,17:13,
18/09/26,Damilola,QC,Present,07:49,17:05,
18/09/26,Eniola,QC,Present,07:42,17:36,
18/09/26,Folake,Vault,Present,07:34,17:30,
18/09/26,Gbenga,Vault,Present,07:42,17:15,
18/09/26,Halima,Vault,Present,07:35,17:22,
18/09/26,Ifeanyi,Fulfillment,Present,07:38,17:29,
18/09/26,Jide,Fulfillment,Present,07:30,17:33,
18/09/26,Kunle,Fulfillment,Present,07:56,17:00,
18/09/26,Lara,Fulfillment,Present,07:55,17:26,
18/09/26,Mide,Fulfillment,Present,07:34,17:31,
21/09/26,Jennifer,Card Perso,Present,07:42,17:17,
21/09/26,Godday,Card Perso,Present,07:52,17:16,
21/09/26,Kingsley,Card Perso,Present,07:41,17:07,
21/09/26,Judith,Card Perso,Present,07:54,17:36,
21/09/26,Naomi,Card Perso,Present,07:49,17:15,
21/09/26,Chidinma,PMC,Present,07:30,17:18,
21/09/26,Emeka,PMC,Present,07:31,17:44,
21/09/26,Funke,PMC,Present,07:51,17:14,
21/09/26,Tunde,PMC,Present,07:39,17:24,
21/09/26,Amaka,PMC,Present,07:52,17:21,
21/09/26,Bola,PMC,Late,08:18,17:23,
21/09/26,Chuka,PMC,Present,07:31,17:24,
21/09/26,Dayo,PMC,Present,07:37,17:10,
21/09/26,Efe,Telco,Present,07:50,17:09,
21/09/26,Femi,Telco,Present,07:41,17:34,
21/09/26,Gift,Telco,Present,07:37,17:17,
21/09/26,Hadiza,Telco,Present,07:37,17:00,
21/09/26,Ibrahim,OC200,Present,07:40,17:32,
21/09/26,Joy,OC200,Present,07:38,17:42,
21/09/26,Kemi,SM74,Present,07:53,17:38,
21/09/26,Lekan,SM74,Present,07:57,17:45,
21/09/26,Musa,Mailer Unit,Present,07:42,17:05,
21/09/26,Ngozi,Mailer Unit,Present,07:34,17:00,
21/09/26,Obinna,CTP Unit,Present,07:59,17:10,
21/09/26,Peace,CTP Unit,Present,07:55,17:24,
21/09/26,Queen,CTP Unit,Present,07:31,17:01,
21/09/26,Rotimi,IT,Present,07:59,17:45,
21/09/26,Sade,IT,Present,07:52,17:29,
21/09/26,Tosin,Business,Present,07:45,17:29,
21/09/26,Uche,Business,Present,07:40,17:34,
21/09/26,Victor,Business,Leave,,,
21/09/26,Wale,Business,Late,08:56,17:21,
21/09/26,Yemi,Admin,Late,08:26,17:46,
21/09/26,Zainab,Admin,Present,07:33,17:03,
21/09/26,Abiola,Admin,Absent,,,
21/09/26,Blessing,QC,Present,07:51,17:16,
21/09/26,Chiamaka,QC,Present,07:37,17:15,
21/09/26,Damilola,QC,Late,08:17,17:17,
21/09/26,Eniola,QC,Present,07:53,17:01,
21/09/26,Folake,Vault,Present,07:59,17:43,
21/09/26,Gbenga,Vault,Present,07:33,17:30,
21/09/26,Halima,Vault,Present,07:30,17:36,
21/09/26,Ifeanyi,Fulfillment,Present,07:34,17:25,
21/09/26,Jide,Fulfillment,Late,08:53,17:15,
21/09/26,Kunle,Fulfillment,Present,07:46,17:35,
21/09/26,Lara,Fulfillment,Present,07:53,17:40,
21/09/26,Mide,Fulfillment,Present,07:34,17:27,
22/09/26,Jennifer,Card Perso,Present,07:52,17:43,
22/09/26,Godday,Card Perso,Present,07:36,17:01,
22/09/26,Kingsley,Card Perso,Absent,,,
22/09/26,Judith,Card Perso,Late,08:37,17:22,
22/09/26,Naomi,Card Perso,Present,07:55,17:29,
22/09/26,Chidinma,PMC,Late,08:19,17:58,
22/09/26,Emeka,PMC,Present,07:31,17:32,
22/09/26,Funke,PMC,Late,08:20,17:27,
22/09/26,Tunde,PMC,Late,08:52,17:22,
22/09/26,Amaka,PMC,Present,07:37,17:12,
22/09/26,Bola,PMC,Present,07:50,17:10,
22/09/26,Chuka,PMC,Present,07:37,17:15,
22/09/26,Dayo,PMC,Late,08:27,17:48,
22/09/26,Efe,Telco,Present,07:52,17:45,
22/09/26,Femi,Telco,Present,07:36,17:24,
22/09/26,Gift,Telco,Present,07:36,17:37,
22/09/26,Hadiza,Telco,Present,07:55,17:21,
22/09/26,Ibrahim,OC200,Absent,,,
22/09/26,Joy,OC200,Present,07:30,17:42,
22/09/26,Kemi,SM74,Present,07:47,17:25,
22/09/26,Lekan,SM74,Present,07:30,17:29,
22/09/26,Musa,Mailer Unit,Present,07:48,17:26,
22/09/26,Ngozi,Mailer Unit,Present,07:38,17:17,
22/09/26,Obinna,CTP Unit,Present,07:35,17:04,
22/09/26,Peace,CTP Unit,Present,07:48,17:15,
22/09/26,Queen,CTP Unit,Present,07:53,17:18,
22/09/26,Rotimi,IT,Present,07:38,17:14,
22/09/26,Sade,IT,Late,08:38,17:29,
22/09/26,Tosin,Business,Present,07:36,17:38,
22/09/26,Uche,Business,Late,08:48,17:56,
22/09/26,Victor,Business,Absent,,,
22/09/26,Wale,Business,Present,07:30,17:07,
22/09/26,Yemi,Admin,Late,08:35,17:50,
22/09/26,Zainab,Admin,Present,07:45,17:35,
22/09/26,Abiola,Admin,Leave,,,
22/09/26,Blessing,QC,Present,07:59,17:27,
22/09/26,Chiamaka,QC,Late,08:26,17:21,
22/09/26,Damilola,QC,Present,07:40,17:19,
22/09/26,Eniola,QC,Present,07:52,17:41,
22/09/26,Folake,Vault,Present,07:36,17:32,
22/09/26,Gbenga,Vault,Present,07:36,17:36,
22/09/26,Halima,Vault,Present,07:59,17:09,
22/09/26,Ifeanyi,Fulfillment,Present,07:58,17:43,
22/09/26,Jide,Fulfillment,Present,07:30,17:21,
22/09/26,Kunle,Fulfillment,Present,07:44,17:33,
22/09/26,Lara,Fulfillment,Present,07:30,17:00,
22/09/26,Mide,Fulfillment,Present,07:52,17:12,
23/09/26,Jennifer,Card Perso,Late,08:16,17:49,
23/09/26,Godday,Card Perso,Present,07:32,17:07,
23/09/26,Kingsley,Card Perso,Present,07:30,17:21,
23/09/26,Judith,Card Perso,Present,07:46,17:37,
23/09/26,Naomi,Card Perso,Present,07:41,17:06,
23/09/26,Chidinma,PMC,Present,07:39,17:15,
23/09/26,Emeka,PMC,Present,07:40,17:27,
23/09/26,Funke,PMC,Absent,,,
23/09/26,Tunde,PMC,Late,08:49,17:25,
23/09/26,Amaka,PMC,Present,07:37,17:38,
23/09/26,Bola,PMC,Present,07:34,17:15,
23/09/26,Chuka,PMC,Present,07:53,17:02,
23/09/26,Dayo,PMC,Present,07:56,17:27,
23/09/26,Efe,Telco,Present,07:41,17:35,
23/09/26,Femi,Telco,Present,07:34,17:41,
23/09/26,Gift,Telco,Present,07:55,17:05,
23/09/26,Hadiza,Telco,Present,07:53,17:41,
23/09/26,Ibrahim,OC200,Present,07:55,17:10,
23/09/26,Joy,OC200,Present,07:54,17:32,
23/09/26,Kemi,SM74,Present,07:32,17:39,
23/09/26,Lekan,SM74,Present,07:30,17:35,
23/09/26,Musa,Mailer Unit,Present,07:51,17:12,
23/09/26,Ngozi,Mailer Unit,Present,07:45,17:37,
23/09/26,Obinna,CTP Unit,Present,07:46,17:34,
23/09/26,Peace,CTP Unit,Present,07:33,17:13,
23/09/26,Queen,CTP Unit,Present,07:47,17:29,
23/09/26,Rotimi,IT,Leave,,,
23/09/26,Sade,IT,Present,07:48,17:32,
23/09/26,Tosin,Business,Present,07:31,17:01,
23/09/26,Uche,Business,Present,07:56,17:23,
23/09/26,Victor,Business,Present,07:40,17:17,
23/09/26,Wale,Business,Present,07:58,17:37,
23/09/26,Yemi,Admin,Present,07:48,17:01,
23/09/26,Zainab,Admin,Present,07:44,17:41,
23/09/26,Abiola,Admin,Present,07:32,17:26,
23/09/26,Blessing,QC,Present,07:58,17:17,
23/09/26,Chiamaka,QC,Late,08:51,17:32,
23/09/26,Damilola,QC,Present,07:46,17:36,
23/09/26,Eniola,QC,Present,07:49,17:38,
23/09/26,Folake,Vault,Present,07:43,17:22,
23/09/26,Gbenga,Vault,Present,07:56,17:09,
23/09/26,Halima,Vault,Present,07:30,17:30,
23/09/26,Ifeanyi,Fulfillment,Present,07:43,17:21,
23/09/26,Jide,Fulfillment,Present,07:56,17:43,
23/09/26,Kunle,Fulfillment,Present,07:33,17:33,
23/09/26,Lara,Fulfillment,Present,07:35,17:12,
23/09/26,Mide,Fulfillment,Late,08:17,17:54,
24/09/26,Jennifer,Card Perso,Present,07:58,17:28,
24/09/26,Godday,Card Perso,Late,08:23,17:54,
24/09/26,Kingsley,Card Perso,Present,07:46,17:27,
24/09/26,Judith,Card Perso,Present,07:58,17:29,
24/09/26,Naomi,Card Perso,Leave,,,
24/09/26,Chidinma,PMC,Late,08:41,17:18,
24/09/26,Emeka,PMC,Present,07:50,17:17,
24/09/26,Funke,PMC,Present,07:42,17:19,
24/09/26,Tunde,PMC,Present,07:39,17:04,
24/09/26,Amaka,PMC,Present,07:38,17:17,
24/09/26,Bola,PMC,Present,07:44,17:15,
24/09/26,Chuka,PMC,Present,07:40,17:08,
24/09/26,Dayo,PMC,Present,07:35,17:10,
24/09/26,Efe,Telco,Present,07:45,17:16,
24/09/26,Femi,Telco,Present,07:53,17:00,
24/09/26,Gift,Telco,Present,07:59,17:42,
24/09/26,Hadiza,Telco,Present,07:50,17:07,
24/09/26,Ibrahim,OC200,Late,08:16,17:57,
24/09/26,Joy,OC200,Present,07:49,17:22,
24/09/26,Kemi,SM74,Present,07:33,17:41,
24/09/26,Lekan,SM74,Present,07:50,17:15,
24/09/26,Musa,Mailer Unit,Present,07:47,17:41,
24/09/26,Ngozi,Mailer Unit,Present,07:34,17:30,
24/09/26,Obinna,CTP Unit,Present,07:38,17:42,
24/09/26,Peace,CTP Unit,Present,07:36,17:24,
24/09/26,Queen,CTP Unit,Absent,,,
24/09/26,Rotimi,IT,Late,08:47,17:49,
24/09/26,Sade,IT,Present,07:37,17:00,
24/09/26,Tosin,Business,Present,07:36,17:42,
24/09/26,Uche,Business,Late,08:26,17:55,
24/09/26,Victor,Business,Late,08:59,17:26,
24/09/26,Wale,Business,Absent,,,
24/09/26,Yemi,Admin,Present,07:57,17:10,
24/09/26,Zainab,Admin,Present,07:39,17:26,
24/09/26,Abiola,Admin,Absent,,,
24/09/26,Blessing,QC,Present,07:45,17:24,
24/09/26,Chiamaka,QC,Present,07:53,17:40,
24/09/26,Damilola,QC,Present,07:34,17:06,
24/09/26,Eniola,QC,Absent,,,
24/09/26,Folake,Vault,Present,07:39,17:12,
24/09/26,Gbenga,Vault,Late,08:42,17:34,
24/09/26,Halima,Vault,Late,08:46,17:16,
24/09/26,Ifeanyi,Fulfillment,Present,07:58,17:15,
24/09/26,Jide,Fulfillment,Present,07:49,17:11,
24/09/26,Kunle,Fulfillment,Present,07:55,17:14,
24/09/26,Lara,Fulfillment,Present,07:59,17:01,
24/09/26,Mide,Fulfillment,Present,07:44,17:28,
25/09/26,Jennifer,Card Perso,Present,07:41,17:16,
25/09/26,Godday,Card Perso,Present,07:33,17:27,
25/09/26,Kingsley,Card Perso,Absent,,,
25/09/26,Judith,Card Perso,Present,07:44,17:29,
25/09/26,Naomi,Card Perso,Present,07:55,17:29,
25/09/26,Chidinma,PMC,Present,07:57,17:12,
25/09/26,Emeka,PMC,Present,07:48,17:34,
25/09/26,Funke,PMC,Present,07:44,17:42,
25/09/26,Tunde,PMC,Present,07:42,17:37,
25/09/26,Amaka,PMC,Present,07:55,17:14,
25/09/26,Bola,PMC,Present,07:32,17:25,
25/09/26,Chuka,PMC,Present,07:50,17:07,
25/09/26,Dayo,PMC,Present,07:42,17:05,
25/09/26,Efe,Telco,Present,07:36,17:24,
25/09/26,Femi,Telco,Late,08:22,17:55,
25/09/26,Gift,Telco,Leave,,,
25/09/26,Hadiza,Telco,Late,08:41,17:46,
25/09/26,Ibrahim,OC200,Present,07:35,17:32,
25/09/26,Joy,OC200,Present,07:59,17:43,
25/09/26,Kemi,SM74,Present,07:41,17:12,
25/09/26,Lekan,SM74,Late,08:57,17:22,
25/09/26,Musa,Mailer Unit,Present,07:47,17:23,
25/09/26,Ngozi,Mailer Unit,Present,07:35,17:28,
25/09/26,Obinna,CTP Unit,Present,07:53,17:21,
25/09/26,Peace,CTP Unit,Present,07:30,17:02,
25/09/26,Queen,CTP Unit,Late,08:19,17:45,
25/09/26,Rotimi,IT,Present,07:34,17:15,
25/09/26,Sade,IT,Absent,,,
25/09/26,Tosin,Business,Present,07:48,17:10,
25/09/26,Uche,Business,Present,07:45,17:05,
25/09/26,Victor,Business,Present,07:58,17:43,
25/09/26,Wale,Business,Late,08:41,17:45,
25/09/26,Yemi,Admin,Present,07:45,17:25,
25/09/26,Zainab,Admin,Absent,,,
25/09/26,Abiola,Admin,Present,07:49,17:03,
25/09/26,Blessing,QC,Present,07:30,17:20,
25/09/26,Chiamaka,QC,Present,07:41,17:31,
25/09/26,Damilola,QC,Present,07:36,17:15,
25/09/26,Eniola,QC,Present,07:33,17:36,
25/09/26,Folake,Vault,Present,07:54,17:21,
25/09/26,Gbenga,Vault,Late,08:24,17:27,
25/09/26,Halima,Vault,Present,07:46,17:01,
25/09/26,Ifeanyi,Fulfillment,Present,07:40,17:16,
25/09/26,Jide,Fulfillment,Present,07:47,17:34,
25/09/26,Kunle,Fulfillment,Present,07:58,17:36,
25/09/26,Lara,Fulfillment,Present,07:32,17:26,
25/09/26,Mide,Fulfillment,Late,08:27,17:20,
28/09/26,Jennifer,Card Perso,Late,08:25,17:28,
28/09/26,Godday,Card Perso,Present,07:48,17:00,
28/09/26,Kingsley,Card Perso,Present,07:47,17:14,
28/09/26,Judith,Card Perso,Present,07:41,17:39,
28/09/26,Naomi,Card Perso,Present,07:50,17:30,
28/09/26,Chidinma,PMC,Late,08:20,17:58,
28/09/26,Emeka,PMC,Present,07:37,17:28,
28/09/26,Funke,PMC,Present,07:51,17:26,
28/09/26,Tunde,PMC,Present,07:51,17:06,
28/09/26,Amaka,PMC,Late,08:19,17:35,
28/09/26,Bola,PMC,Present,07:34,17:30,
28/09/26,Chuka,PMC,Present,07:55,17:08,
28/09/26,Dayo,PMC,Present,07:32,17:13,
28/09/26,Efe,Telco,Absent,,,
28/09/26,Femi,Telco,Present,07:51,17:01,
28/09/26,Gift,Telco,Present,07:43,17:20,
28/09/26,Hadiza,Telco,Late,08:30,17:44,
28/09/26,Ibrahim,OC200,Present,07:54,17:06,
28/09/26,Joy,OC200,Present,07:55,17:15,
28/09/26,Kemi,SM74,Leave,,,
28/09/26,Lekan,SM74,Present,07:41,17:09,
28/09/26,Musa,Mailer Unit,Present,07:34,17:04,
28/09/26,Ngozi,Mailer Unit,Present,07:35,17:39,
28/09/26,Obinna,CTP Unit,Present,07:30,17:26,
28/09/26,Peace,CTP Unit,Present,07:54,17:10,
28/09/26,Queen,CTP Unit,Present,07:56,17:03,
28/09/26,Rotimi,IT,Present,07:33,17:09,
28/09/26,Sade,IT,Present,07:45,17:36,
28/09/26,Tosin,Business,Present,07:34,17:28,
28/09/26,Uche,Business,Absent,,,
28/09/26,Victor,Business,Present,07:37,17:06,
28/09/26,Wale,Business,Present,07:51,17:27,
28/09/26,Yemi,Admin,Present,07:36,17:06,
28/09/26,Zainab,Admin,Present,07:39,17:00,
28/09/26,Abiola,Admin,Present,07:51,17:34,
28/09/26,Blessing,QC,Present,07:40,17:28,
28/09/26,Chiamaka,QC,Late,08:22,17:20,
28/09/26,Damilola,QC,Present,07:48,17:30,
28/09/26,Eniola,QC,Present,07:54,17:04,
28/09/26,Folake,Vault,Late,08:56,17:32,
28/09/26,Gbenga,Vault,Leave,,,
28/09/26,Halima,Vault,Present,07:53,17:16,
28/09/26,Ifeanyi,Fulfillment,Present,07:59,17:44,
28/09/26,Jide,Fulfillment,Present,07:49,17:13,
28/09/26,Kunle,Fulfillment,Present,07:43,17:42,
28/09/26,Lara,Fulfillment,Present,07:52,17:21,
28/09/26,Mide,Fulfillment,Present,07:37,17:28,
29/09/26,Jennifer,Card Perso,Present,07:46,17:08,
29/09/26,Godday,Card Perso,Present,07:35,17:29,
29/09/26,Kingsley,Card Perso,Present,07:47,17:10,
29/09/26,Judith,Card Perso,Present,07:35,17:45,
29/09/26,Naomi,Card Perso,Present,07:41,17:42,
29/09/26,Chidinma,PMC,Present,07:39,17:03,
29/09/26,Emeka,PMC,Present,07:54,17:23,
29/09/26,Funke,PMC,Present,07:31,17:44,
29/09/26,Tunde,PMC,Present,07:40,17:14,
29/09/26,Amaka,PMC,Present,07:38,17:41,
29/09/26,Bola,PMC,Leave,,,
29/09/26,Chuka,PMC,Present,07:31,17:26,
29/09/26,Dayo,PMC,Present,07:37,17:26,
29/09/26,Efe,Telco,Late,08:32,17:34,
29/09/26,Femi,Telco,Present,07:45,17:25,
29/09/26,Gift,Telco,Present,07:49,17:21,
29/09/26,Hadiza,Telco,Present,07:56,17:18,
29/09/26,Ibrahim,OC200,Present,07:53,17:12,
29/09/26,Joy,OC200,Present,07:46,17:25,
29/09/26,Kemi,SM74,Present,07:44,17:32,
29/09/26,Lekan,SM74,Present,07:58,17:04,
29/09/26,Musa,Mailer Unit,Present,07:41,17:32,
29/09/26,Ngozi,Mailer Unit,Present,07:47,17:31,
29/09/26,Obinna,CTP Unit,Present,07:50,17:01,
29/09/26,Peace,CTP Unit,Present,07:32,17:20,
29/09/26,Queen,CTP Unit,Present,07:54,17:03,
29/09/26,Rotimi,IT,Present,07:38,17:26,
29/09/26,Sade,IT,Present,07:58,17:26,
29/09/26,Tosin,Business,Present,07:47,17:29,
29/09/26,Uche,Business,Present,07:34,17:33,
29/09/26,Victor,Business,Present,07:32,17:19,
29/09/26,Wale,Business,Present,07:47,17:34,
29/09/26,Yemi,Admin,Present,07:42,17:05,
29/09/26,Zainab,Admin,Present,07:53,17:05,
29/09/26,Abiola,Admin,Present,07:33,17:35,
29/09/26,Blessing,QC,Present,07:53,17:16,
29/09/26,Chiamaka,QC,Present,07:46,17:06,
29/09/26,Damilola,QC,Present,07:52,17:28,
29/09/26,Eniola,QC,Present,07:52,17:03,
29/09/26,Folake,Vault,Present,07:48,17:32,
29/09/26,Gbenga,Vault,Present,07:46,17:22,
29/09/26,Halima,Vault,Present,07:50,17:44,
29/09/26,Ifeanyi,Fulfillment,Present,07:42,17:38,
29/09/26,Jide,Fulfillment,Late,08:59,17:29,
29/09/26,Kunle,Fulfillment,Present,07:31,17:24,
29/09/26,Lara,Fulfillment,Present,07:50,17:36,
29/09/26,Mide,Fulfillment,Present,07:49,17:14,
