Production Date,Unit,Shift Type,Client,Product Type,Quantity Produced,Machine Used,Operator Name
01/07/26,Card Perso,Morning,GTBank,Visa,10800,MS-1,Naomi
01/07/26,Card Perso,Morning,Access Bank,Afrigo,6000,MS-2,Judith
01/07/26,Card Perso,Morning,GTBank,Verve,3900,PT-1,Kingsley
01/07/26,Card Perso,Afternoon,Moniepoint,Mastercard,8900,MS-1,Naomi
01/07/26,Card Perso,Afternoon,Access Bank,Verve,11900,MS-2,Godday
01/07/26,Card Perso,Afternoon,Moniepoint,Verve,7600,PT-1,Jennifer
01/07/26,Card Perso,Night,Moniepoint,Visa,9500,MS-2,Judith
01/07/26,Card Perso,Night,Opay,Visa,7800,PT-1,Godday
02/07/26,Card Perso,Morning,Access Bank,Visa,10200,MS-1,Jennifer
02/07/26,Card Perso,Morning,GTBank,Verve,7700,PT-1,Kingsley
02/07/26,Card Perso,Afternoon,Access Bank,Afrigo,7000,MS-1,Kingsley
02/07/26,Card Perso,Afternoon,Zenith Bank,Visa,11500,MS-2,Naomi
02/07/26,Card Perso,Afternoon,Access Bank,Mastercard,7600,PT-1,Godday
02/07/26,Card Perso,Night,Moniepoint,Mastercard,6100,MS-1,Kingsley
03/07/26,Card Perso,Morning,Moniepoint,Visa,9800,MS-1,Kingsley
03/07/26,Card Perso,Morning,GTBank,Visa,9600,MS-2,Jennifer
03/07/26,Card Perso,Morning,GTBank,Verve,5400,PT-1,Godday
03/07/26,Card Perso,Morning,Moniepoint,Visa,3800,PT-2,Judith
03/07/26,Card Perso,Afternoon,Opay,Mastercard,10100,MS-1,Jennifer
03/07/26,Card Perso,Afternoon,Moniepoint,Verve,4600,PT-2,Naomi
03/07/26,Card Perso,Night,GTBank,Afrigo,8000,MS-2,Godday
03/07/26,Card Perso,Night,Opay,Verve,7500,PT-1,Naomi
03/07/26,Card Perso,Night,Moniepoint,Mastercard,4300,PT-2,Kingsley
06/07/26,Card Perso,Morning,Access Bank,Afrigo,10900,MS-1,Naomi
06/07/26,Card Perso,Morning,Zenith Bank,Mastercard,6700,MS-2,Jennifer
06/07/26,Card Perso,Morning,Access Bank,Afrigo,4100,PT-1,Kingsley
06/07/26,Card Perso,Afternoon,Opay,Visa,3600,PT-1,Kingsley
06/07/26,Card Perso,Afternoon,Opay,Mastercard,5900,PT-2,Jennifer
06/07/26,Card Perso,Night,Access Bank,Visa,7700,PT-1,Naomi
07/07/26,Card Perso,Morning,Zenith Bank,Verve,10500,MS-1,Judith
07/07/26,Card Perso,Morning,Access Bank,Verve,7600,MS-2,Jennifer
07/07/26,Card Perso,Morning,Zenith Bank,Afrigo,3400,PT-1,Godday
07/07/26,Card Perso,Morning,Zenith Bank,Verve,6700,PT-2,Kingsley
07/07/26,Card Perso,Afternoon,GTBank,Afrigo,7300,MS-2,Judith
07/07/26,Card Perso,Afternoon,Zenith Bank,Afrigo,6200,PT-1,Naomi
07/07/26,Card Perso,Afternoon,Moniepoint,Visa,7400,PT-2,Kingsley
07/07/26,Card Perso,Night,Moniepoint,Visa,7400,MS-1,Jennifer
07/07/26,Card Perso,Night,Moniepoint,Visa,9600,MS-2,Naomi
07/07/26,Card Perso,Night,Opay,Mastercard,3800,PT-1,Godday
07/07/26,Card Perso,Night,Polaris,Afrigo,3000,PT-2,Judith
08/07/26,Card Perso,Morning,Moniepoint,Afrigo,3900,PT-1,Kingsley
08/07/26,Card Perso,Morning,GTBank,Mastercard,7600,PT-2,Judith
08/07/26,Card Perso,Afternoon,Opay,Visa,4400,PT-1,Kingsley
08/07/26,Card Perso,Afternoon,Opay,Verve,5900,PT-2,Judith
08/07/26,Card Perso,Night,Polaris,Mastercard,8100,MS-2,Judith
09/07/26,Card Perso,Morning,Polaris,Verve,8500,MS-1,Godday
09/07/26,Card Perso,Morning,Opay,Verve,11600,MS-2,Kingsley
09/07/26,Card Perso,Morning,GTBank,Mastercard,5600,PT-2,Naomi
09/07/26,Card Perso,Afternoon,GTBank,Visa,9500,MS-2,Godday
09/07/26,Card Perso,Afternoon,Zenith Bank,Verve,6100,PT-1,Jennifer
09/07/26,Card Perso,Afternoon,GTBank,Mastercard,6200,PT-2,Naomi
09/07/26,Card Perso,Night,Moniepoint,Verve,8400,MS-1,Naomi
09/07/26,Card Perso,Night,Access Bank,Mastercard,7800,PT-1,Godday
10/07/26,Card Perso,Morning,Opay,Verve,7000,MS-2,Judith
10/07/26,Card Perso,Morning,GTBank,Mastercard,7900,PT-1,Naomi
10/07/26,Card Perso,Morning,Zenith Bank,Mastercard,3200,PT-2,Kingsley
10/07/26,Card Perso,Afternoon,GTBank,Verve,11400,MS-1,Naomi
10/07/26,Card Perso,Afternoon,Zenith Bank,Visa,8100,MS-2,Kingsley
10/07/26,Card Perso,Afternoon,Polaris,Afrigo,3200,PT-1,Jennifer
10/07/26,Card Perso,Afternoon,Opay,Mastercard,7400,PT-2,Godday
10/07/26,Card Perso,Night,Zenith Bank,Mastercard,8800,MS-2,Godday
10/07/26,Card Perso,Night,Zenith Bank,Mastercard,3500,PT-1,Kingsley
13/07/26,Card Perso,Morning,Zenith Bank,Mastercard,7900,MS-1,Jennifer
13/07/26,Card Perso,Morning,GTBank,Mastercard,8800,MS-2,Judith
13/07/26,Card Perso,Morning,Polaris,Mastercard,5900,PT-2,Kingsley
13/07/26,Card Perso,Afternoon,Zenith Bank,Visa,7300,MS-1,Godday
13/07/26,Card Perso,Afternoon,Access Bank,Verve,8900,MS-2,Judith
14/07/26,Card Perso,Morning,GTBank,Verve,9200,MS-1,Naomi
14/07/26,Card Perso,Morning,Access Bank,Afrigo,10200,MS-2,Judith
14/07/26,Card Perso,Morning,Opay,Verve,4200,PT-1,Kingsley
14/07/26,Card Perso,Morning,Zenith Bank,Visa,5700,PT-2,Godday
14/07/26,Card Perso,Afternoon,GTBank,Mastercard,8900,MS-1,Jennifer
14/07/26,Card Perso,Afternoon,Polaris,Visa,7500,MS-2,Kingsley
14/07/26,Card Perso,Afternoon,Zenith Bank,Verve,8000,PT-2,Judith
14/07/26,Card Perso,Night,Polaris,Mastercard,7400,PT-1,Judith
15/07/26,Card Perso,Morning,Moniepoint,Afrigo,10400,MS-1,Judith
15/07/26,Card Perso,Morning,Polaris,Afrigo,7000,MS-2,Godday
15/07/26,Card Perso,Morning,Opay,Mastercard,7000,PT-1,Naomi
15/07/26,Card Perso,Morning,Opay,Verve,6100,PT-2,Kingsley
15/07/26,Card Perso,Afternoon,Moniepoint,Visa,10800,MS-1,Godday
15/07/26,Card Perso,Afternoon,Moniepoint,Verve,6600,MS-2,Naomi
15/07/26,Card Perso,Afternoon,Opay,Visa,5600,PT-1,Kingsley
15/07/26,Card Perso,Afternoon,Moniepoint,Afrigo,4400,PT-2,Jennifer
15/07/26,Card Perso,Night,Polaris,Visa,7800,MS-1,Kingsley
15/07/26,Card Perso,Night,Zenith Bank,Mastercard,5900,PT-1,Jennifer
16/07/26,Card Perso,Morning,Moniepoint,Verve,8600,MS-1,Jennifer
16/07/26,Card Perso,Morning,Moniepoint,Visa,5200,PT-1,Kingsley
16/07/26,Card Perso,Morning,Polaris,Mastercard,4900,PT-2,Judith
16/07/26,Card Perso,Afternoon,Access Bank,Verve,10500,MS-1,Jennifer
16/07/26,Card Perso,Afternoon,Zenith Bank,Mastercard,11500,MS-2,Godday
16/07/26,Card Perso,Afternoon,Access Bank,Mastercard,3800,PT-2,Kingsley
17/07/26,Card Perso,Morning,GTBank,Visa,9900,MS-1,Judith
17/07/26,Card Perso,Morning,Access Bank,Mastercard,6100,MS-2,Godday
17/07/26,Card Perso,Morning,Opay,Afrigo,4000,PT-1,Jennifer
17/07/26,Card Perso,Morning,Zenith Bank,Mastercard,5700,PT-2,Naomi
17/07/26,Card Perso,Afternoon,GTBank,Verve,6800,MS-1,Godday
17/07/26,Card Perso,Afternoon,Polaris,Mastercard,7800,MS-2,Judith
17/07/26,Card Perso,Afternoon,Access Bank,Afrigo,8000,PT-1,Naomi
17/07/26,Card Perso,Afternoon,Zenith Bank,Afrigo,5500,PT-2,Jennifer
17/07/26,Card Perso,Night,Access Bank,Verve,7500,MS-1,Kingsley
17/07/26,Card Perso,Night,GTBank,Afrigo,9900,MS-2,Naomi
20/07/26,Card Perso,Morning,Opay,Visa,7100,MS-1,Jennifer
20/07/26,Card Perso,Morning,Opay,Visa,9000,MS-2,Naomi
20/07/26,Card Perso,Morning,Moniepoint,Visa,4600,PT-1,Godday
20/07/26,Card Perso,Morning,Moniepoint,Mastercard,7200,PT-2,Judith
20/07/26,Card Perso,Afternoon,Access Bank,Verve,10200,MS-2,Naomi
20/07/26,Card Perso,Afternoon,GTBank,Mastercard,7000,PT-1,Godday
20/07/26,Card Perso,Afternoon,Moniepoint,Mastercard,5900,PT-2,Kingsley
20/07/26,Card Perso,Night,GTBank,Afrigo,6200,MS-1,Godday
20/07/26,Card Perso,Night,Access Bank,Afrigo,4700,PT-2,Jennifer
21/07/26,Card Perso,Morning,Moniepoint,Visa,10400,MS-1,Naomi
21/07/26,Card Perso,Morning,GTBank,Afrigo,4200,PT-1,Godday
21/07/26,Card Perso,Morning,GTBank,Afrigo,4200,PT-2,Jennifer
21/07/26,Card Perso,Afternoon,Polaris,Mastercard,10400,MS-1,Judith
21/07/26,Card Perso,Afternoon,Zenith Bank,Mastercard,4000,PT-1,Naomi
21/07/26,Card Perso,Afternoon,Access Bank,Afrigo,4500,PT-2,Godday
21/07/26,Card Perso,Night,Moniepoint,Afrigo,7200,PT-2,Godday
22/07/26,Card Perso,Morning,Access Bank,Verve,6500,MS-1,Naomi
22/07/26,Card Perso,Morning,Opay,Mastercard,10800,MS-2,Judith
22/07/26,Card Perso,Morning,Zenith Bank,Mastercard,5700,PT-1,Jennifer
22/07/26,Card Perso,Morning,Opay,Afrigo,7100,PT-2,Kingsley
22/07/26,Card Perso,Afternoon,Polaris,Mastercard,7300,MS-1,Kingsley
22/07/26,Card Perso,Afternoon,GTBank,Visa,6500,PT-1,Judith
22/07/26,Card Perso,Afternoon,Access Bank,Mastercard,4700,PT-2,Jennifer
22/07/26,Card Perso,Night,Zenith Bank,Afrigo,3900,PT-1,Godday
23/07/26,Card Perso,Morning,Polaris,Visa,6200,MS-1,Kingsley
23/07/26,Card Perso,Morning,GTBank,Afrigo,11300,MS-2,Judith
23/07/26,Card Perso,Morning,Zenith Bank,Mastercard,5400,PT-1,Naomi
23/07/26,Card Perso,Morning,Zenith Bank,Mastercard,6300,PT-2,Godday
23/07/26,Card Perso,Afternoon,GTBank,Afrigo,8900,MS-1,Naomi
23/07/26,Card Perso,Afternoon,Access Bank,Visa,11000,MS-2,Kingsley
23/07/26,Card Perso,Night,Moniepoint,Verve,8300,MS-2,Judith
24/07/26,Card Perso,Morning,GTBank,Visa,10400,MS-1,Naomi
24/07/26,Card Perso,Morning,Opay,Afrigo,8600,MS-2,Kingsley
24/07/26,Card Perso,Morning,Polaris,Verve,3900,PT-1,Godday
24/07/26,Card Perso,Morning,Access Bank,Verve,4400,PT-2,Jennifer
24/07/26,Card Perso,Afternoon,Zenith Bank,Afrigo,8500,MS-1,Judith
24/07/26,Card Perso,Afternoon,Access Bank,Afrigo,8600,MS-2,Godday
24/07/26,Card Perso,Night,Polaris,Afrigo,6600,PT-1,Naomi
24/07/26,Card Perso,Night,Polaris,Verve,7800,PT-2,Godday
27/07/26,Card Perso,Morning,GTBank,Visa,7100,MS-1,Naomi
27/07/26,Card Perso,Morning,Moniepoint,Afrigo,10300,MS-2,Jennifer
27/07/26,Card Perso,Morning,Moniepoint,Mastercard,6500,PT-1,Kingsley
27/07/26,Card Perso,Morning,Zenith Bank,Verve,5900,PT-2,Judith
27/07/26,Card Perso,Afternoon,GTBank,Afrigo,9700,MS-1,Judith
27/07/26,Card Perso,Afternoon,Access Bank,Verve,6900,MS-2,Jennifer
27/07/26,Card Perso,Afternoon,Access Bank,Visa,3000,PT-2,Naomi
27/07/26,Card Perso,Night,Polaris,Verve,7800,MS-1,Judith
27/07/26,Card Perso,Night,Zenith Bank,Verve,9700,MS-2,Godday
27/07/26,Card Perso,Night,GTBank,Verve,5900,PT-2,Jennifer
28/07/26,Card Perso,Morning,Opay,Mastercard,3700,PT-1,Kingsley
28/07/26,Card Perso,Afternoon,Zenith Bank,Afrigo,10500,MS-1,Kingsley
28/07/26,Card Perso,Afternoon,Zenith Bank,Afrigo,10100,MS-2,Naomi
28/07/26,Card Perso,Afternoon,Opay,Mastercard,4900,PT-1,Godday
28/07/26,Card Perso,Afternoon,GTBank,Visa,6800,PT-2,Judith
28/07/26,Card Perso,Night,Polaris,Afrigo,10100,MS-1,Naomi
28/07/26,Card Perso,Night,Moniepoint,Visa,8300,MS-2,Kingsley
28/07/26,Card Perso,Night,Zenith Bank,Afrigo,6800,PT-1,Jennifer
29/07/26,Card Perso,Morning,Zenith Bank,Mastercard,7400,MS-1,Kingsley
29/07/26,Card Perso,Morning,Access Bank,Verve,7100,MS-2,Jennifer
29/07/26,Card Perso,Morning,Opay,Visa,3700,PT-1,Judith
29/07/26,Card Perso,Morning,Zenith Bank,Visa,6400,PT-2,Godday
29/07/26,Card Perso,Afternoon,Polaris,Verve,9100,MS-1,Judith
29/07/26,Card Perso,Afternoon,Polaris,Mastercard,10900,MS-2,Godday
29/07/26,Card Perso,Afternoon,Zenith Bank,Afrigo,5500,PT-2,Kingsley
29/07/26,Card Perso,Night,Polaris,Visa,7300,MS-2,Naomi
29/07/26,Card Perso,Night,GTBank,Visa,3900,PT-1,Jennifer
30/07/26,Card Perso,Morning,Polaris,Visa,11200,MS-1,Judith
30/07/26,Card Perso,Morning,Zenith Bank,Verve,9600,MS-2,Naomi
30/07/26,Card Perso,Morning,GTBank,Verve,3800,PT-1,Godday
30/07/26,Card Perso,Morning,Polaris,Mastercard,6600,PT-2,Jennifer
30/07/26,Card Perso,Afternoon,Zenith Bank,Visa,6800,PT-2,Jennifer
30/07/26,Card Perso,Night,Zenith Bank,Visa,7800,MS-1,Kingsley
30/07/26,Card Perso,Night,Zenith Bank,Mastercard,7400,MS-2,Judith
30/07/26,Card Perso,Night,Opay,Afrigo,6200,PT-1,Naomi
31/07/26,Card Perso,Morning,Zenith Bank,Mastercard,8800,MS-1,Jennifer
31/07/26,Card Perso,Morning,Access Bank,Afrigo,7400,MS-2,Godday
31/07/26,Card Perso,Morning,GTBank,Mastercard,3300,PT-1,Judith
31/07/26,Card Perso,Morning,Zenith Bank,Afrigo,5500,PT-2,Kingsley
31/07/26,Card Perso,Afternoon,GTBank,Mastercard,6300,MS-1,Godday
31/07/26,Card Perso,Afternoon,GTBank,Mastercard,10600,MS-2,Jennifer
31/07/26,Card Perso,Afternoon,Moniepoint,Visa,4800,PT-1,Kingsley
31/07/26,Card Perso,Afternoon,Zenith Bank,Mastercard,7100,PT-2,Naomi
31/07/26,Card Perso,Night,Access Bank,Mastercard,8000,MS-1,Naomi
03/08/26,Card Perso,Morning,Polaris,Visa,11100,MS-1,Godday
03/08/26,Card Perso,Morning,Access Bank,Visa,7300,MS-2,Kingsley
03/08/26,Card Perso,Afternoon,Opay,Visa,10900,MS-1,Kingsley
03/08/26,Card Perso,Afternoon,Moniepoint,Verve,9400,MS-2,Godday
03/08/26,Card Perso,Afternoon,Polaris,Mastercard,5500,PT-1,Judith
03/08/26,Card Perso,Afternoon,Opay,Verve,3500,PT-2,Naomi
03/08/26,Card Perso,Night,Moniepoint,Afrigo,4000,PT-2,Naomi
04/08/26,Card Perso,Morning,Opay,Visa,9500,MS-1,Godday
04/08/26,Card Perso,Morning,Opay,Visa,10100,MS-2,Kingsley
04/08/26,Card Perso,Morning,Opay,Visa,6900,PT-1,Naomi
04/08/26,Card Perso,Afternoon,Access Bank,Verve,8900,MS-1,Godday
04/08/26,Card Perso,Afternoon,Polaris,Verve,7200,MS-2,Naomi
04/08/26,Card Perso,Afternoon,GTBank,Mastercard,5100,PT-1,Judith
04/08/26,Card Perso,Afternoon,Access Bank,Verve,4900,PT-2,Kingsley
04/08/26,Card Perso,Night,GTBank,Mastercard,7900,MS-1,Jennifer
04/08/26,Card Perso,Night,Zenith Bank,Afrigo,7300,PT-1,Judith
05/08/26,Card Perso,Morning,Polaris,Visa,7300,MS-1,Jennifer
05/08/26,Card Perso,Morning,Moniepoint,Mastercard,8200,MS-2,Godday
05/08/26,Card Perso,Morning,Moniepoint,Verve,8000,PT-1,Naomi
05/08/26,Card Perso,Morning,Polaris,Verve,4600,PT-2,Judith
05/08/26,Card Perso,Afternoon,GTBank,Visa,11000,MS-1,Naomi
05/08/26,Card Perso,Afternoon,Access Bank,Verve,9100,MS-2,Judith
05/08/26,Card Perso,Afternoon,Access Bank,Visa,7800,PT-1,Godday
05/08/26,Card Perso,Night,Moniepoint,Visa,9800,MS-1,Judith
05/08/26,Card Perso,Night,Opay,Verve,11800,MS-2,Jennifer
05/08/26,Card Perso,Night,Moniepoint,Verve,4000,PT-1,Godday
05/08/26,Card Perso,Night,Moniepoint,Visa,5100,PT-2,Naomi
06/08/26,Card Perso,Morning,Polaris,Afrigo,6400,MS-1,Judith
06/08/26,Card Perso,Morning,Zenith Bank,Mastercard,7400,PT-2,Kingsley
06/08/26,Card Perso,Afternoon,Access Bank,Afrigo,7000,MS-1,Godday
06/08/26,Card Perso,Afternoon,Zenith Bank,Verve,6900,MS-2,Judith
06/08/26,Card Perso,Afternoon,Opay,Visa,3300,PT-1,Naomi
06/08/26,Card Perso,Afternoon,Polaris,Visa,7600,PT-2,Kingsley
06/08/26,Card Perso,Night,Access Bank,Mastercard,4200,PT-2,Godday
07/08/26,Card Perso,Morning,Access Bank,Visa,11200,MS-1,Judith
07/08/26,Card Perso,Morning,Zenith Bank,Afrigo,3000,PT-1,Kingsley
07/08/26,Card Perso,Morning,Moniepoint,Verve,4100,PT-2,Godday
07/08/26,Card Perso,Afternoon,Zenith Bank,Mastercard,6300,MS-1,Kingsley
07/08/26,Card Perso,Afternoon,Opay,Afrigo,9800,MS-2,Jennifer
07/08/26,Card Perso,Afternoon,Access Bank,Verve,5900,PT-2,Judith
07/08/26,Card Perso,Night,Polaris,Mastercard,8100,MS-1,Godday
07/08/26,Card Perso,Night,Opay,Mastercard,10400,MS-2,Naomi
07/08/26,Card Perso,Night,GTBank,Verve,7500,PT-2,Judith
10/08/26,Card Perso,Morning,GTBank,Mastercard,11600,MS-1,Judith
10/08/26,Card Perso,Morning,Opay,Visa,8100,MS-2,Kingsley
10/08/26,Card Perso,Morning,GTBank,Visa,6000,PT-1,Jennifer
10/08/26,Card Perso,Morning,Polaris,Afrigo,4500,PT-2,Naomi
10/08/26,Card Perso,Afternoon,GTBank,Mastercard,7900,MS-2,Godday
10/08/26,Card Perso,Afternoon,Zenith Bank,Mastercard,6900,PT-2,Jennifer
10/08/26,Card Perso,Night,Opay,Mastercard,11600,MS-2,Kingsley
10/08/26,Card Perso,Night,Access Bank,Verve,6900,PT-1,Godday
10/08/26,Card Perso,Night,Moniepoint,Mastercard,5400,PT-2,Naomi
11/08/26,Card Perso,Morning,Polaris,Afrigo,10400,MS-1,Judith
11/08/26,Card Perso,Morning,Opay,Verve,5600,PT-2,Naomi
11/08/26,Card Perso,Afternoon,GTBank,Afrigo,6400,MS-1,Jennifer
11/08/26,Card Perso,Afternoon,Moniepoint,Visa,11600,MS-2,Godday
11/08/26,Card Perso,Afternoon,Access Bank,Visa,3500,PT-1,Kingsley
11/08/26,Card Perso,Afternoon,Zenith Bank,Mastercard,6000,PT-2,Judith
11/08/26,Card Perso,Night,Access Bank,Visa,11600,MS-1,Godday
12/08/26,Card Perso,Morning,Opay,Mastercard,7000,MS-1,Kingsley
12/08/26,Card Perso,Morning,Polaris,Visa,7800,MS-2,Godday
12/08/26,Card Perso,Morning,Zenith Bank,Afrigo,5300,PT-1,Jennifer
12/08/26,Card Perso,Afternoon,Access Bank,Afrigo,7600,MS-2,Kingsley
12/08/26,Card Perso,Afternoon,Zenith Bank,Mastercard,4500,PT-1,Jennifer
12/08/26,Card Perso,Afternoon,Moniepoint,Visa,5300,PT-2,Godday
12/08/26,Card Perso,Night,Moniepoint,Mastercard,11800,MS-1,Naomi
12/08/26,Card Perso,Night,Polaris,Mastercard,10500,MS-2,Godday
12/08/26,Card Perso,Night,Opay,Afrigo,5200,PT-1,Jennifer
12/08/26,Card Perso,Night,Polaris,Verve,6800,PT-2,Kingsley
13/08/26,Card Perso,Morning,Moniepoint,Mastercard,11700,MS-1,Kingsley
13/08/26,Card Perso,Morning,Opay,Verve,8300,MS-2,Jennifer
13/08/26,Card Perso,Morning,Access Bank,Mastercard,3600,PT-1,Godday
13/08/26,Card Perso,Morning,Access Bank,Visa,5600,PT-2,Naomi
13/08/26,Card Perso,Afternoon,GTBank,Mastercard,7800,MS-1,Kingsley
13/08/26,Card Perso,Afternoon,Moniepoint,Mastercard,6100,MS-2,Judith
13/08/26,Card Perso,Afternoon,Zenith Bank,Mastercard,4400,PT-1,Naomi
13/08/26,Card Perso,Afternoon,GTBank,Mastercard,6900,PT-2,Godday
13/08/26,Card Perso,Night,Access Bank,Verve,7500,MS-1,Naomi
14/08/26,Card Perso,Morning,Opay,Verve,11100,MS-1,Godday
14/08/26,Card Perso,Morning,Moniepoint,Afrigo,6200,MS-2,Kingsley
14/08/26,Card Perso,Morning,Opay,Visa,3400,PT-1,Judith
14/08/26,Card Perso,Morning,Opay,Verve,6600,PT-2,Naomi
14/08/26,Card Perso,Afternoon,Access Bank,Verve,7600,MS-2,Kingsley
14/08/26,Card Perso,Afternoon,Opay,Mastercard,7300,PT-2,Judith
17/08/26,Card Perso,Morning,Opay,Afrigo,7200,PT-1,Godday
17/08/26,Card Perso,Morning,Polaris,Verve,3400,PT-2,Kingsley
17/08/26,Card Perso,Afternoon,Access Bank,Verve,9500,MS-2,Naomi
17/08/26,Card Perso,Afternoon,Access Bank,Verve,5800,PT-1,Jennifer
17/08/26,Card Perso,Night,Opay,Verve,7200,MS-2,Naomi
18/08/26,Card Perso,Morning,GTBank,Afrigo,7700,MS-1,Godday
18/08/26,Card Perso,Morning,GTBank,Verve,4600,PT-1,Jennifer
18/08/26,Card Perso,Morning,Polaris,Visa,3500,PT-2,Naomi
18/08/26,Card Perso,Afternoon,Polaris,Verve,5400,PT-1,Kingsley
18/08/26,Card Perso,Afternoon,Access Bank,Verve,6300,PT-2,Naomi
18/08/26,Card Perso,Night,Moniepoint,Verve,9200,MS-2,Kingsley
18/08/26,Card Perso,Night,Access Bank,Visa,7200,PT-1,Naomi
19/08/26,Card Perso,Morning,Opay,Visa,11600,MS-1,Naomi
19/08/26,Card Perso,Morning,Zenith Bank,Afrigo,6100,PT-1,Godday
19/08/26,Card Perso,Morning,Moniepoint,Afrigo,6300,PT-2,Judith
19/08/26,Card Perso,Afternoon,Zenith Bank,Mastercard,7300,MS-1,Judith
19/08/26,Card Perso,Afternoon,Zenith Bank,Afrigo,6200,MS-2,Kingsley
19/08/26,Card Perso,Afternoon,Zenith Bank,Mastercard,4100,PT-2,Jennifer
19/08/26,Card Perso,Night,Opay,Verve,10400,MS-1,Judith
20/08/26,Card Perso,Morning,GTBank,Verve,6900,MS-2,Judith
20/08/26,Card Perso,Morning,Polaris,Afrigo,4200,PT-1,Godday
20/08/26,Card Perso,Morning,Moniepoint,Afrigo,6100,PT-2,Naomi
20/08/26,Card Perso,Afternoon,Zenith Bank,Verve,11300,MS-1,Jennifer
20/08/26,Card Perso,Afternoon,GTBank,Afrigo,3800,PT-1,Kingsley
20/08/26,Card Perso,Night,Access Bank,Verve,3200,PT-2,Judith
21/08/26,Card Perso,Morning,Polaris,Mastercard,7800,MS-1,Jennifer
21/08/26,Card Perso,Morning,Polaris,Visa,8400,MS-2,Godday
21/08/26,Card Perso,Morning,Access Bank,Mastercard,5600,PT-1,Kingsley
21/08/26,Card Perso,Morning,Opay,Verve,4600,PT-2,Judith
21/08/26,Card Perso,Afternoon,Opay,Visa,3600,PT-1,Kingsley
21/08/26,Card Perso,Night,Opay,Visa,8800,MS-2,Jennifer
24/08/26,Card Perso,Morning,Moniepoint,Afrigo,6900,MS-1,Kingsley
24/08/26,Card Perso,Morning,Access Bank,Verve,6300,MS-2,Godday
24/08/26,Card Perso,Morning,Polaris,Verve,4200,PT-2,Judith
24/08/26,Card Perso,Afternoon,Opay,Mastercard,10400,MS-1,Godday
24/08/26,Card Perso,Afternoon,Polaris,Mastercard,7000,MS-2,Naomi
24/08/26,Card Perso,Afternoon,GTBank,Afrigo,5400,PT-1,Judith
24/08/26,Card Perso,Night,Polaris,Mastercard,7100,MS-1,Godday
24/08/26,Card Perso,Night,Zenith Bank,Verve,11900,MS-2,Jennifer
25/08/26,Card Perso,Morning,GTBank,Visa,10000,MS-1,Kingsley
25/08/26,Card Perso,Morning,Access Bank,Verve,8400,MS-2,Godday
25/08/26,Card Perso,Morning,Zenith Bank,Verve,5900,PT-1,Jennifer
25/08/26,Card Perso,Afternoon,Moniepoint,Afrigo,9700,MS-1,Godday
25/08/26,Card Perso,Afternoon,Access Bank,Mastercard,6600,MS-2,Jennifer
25/08/26,Card Perso,Afternoon,Zenith Bank,Afrigo,7000,PT-2,Judith
25/08/26,Card Perso,Night,GTBank,Afrigo,9200,MS-1,Godday
25/08/26,Card Perso,Night,Zenith Bank,Verve,6000,PT-1,Naomi
25/08/26,Card Perso,Night,Moniepoint,Verve,5300,PT-2,Jennifer
26/08/26,Card Perso,Morning,Zenith Bank,Afrigo,7900,MS-1,Naomi
26/08/26,Card Perso,Morning,Polaris,Visa,11500,MS-2,Judith
26/08/26,Card Perso,Morning,GTBank,Afrigo,6200,PT-1,Godday
26/08/26,Card Perso,Morning,GTBank,Visa,6800,PT-2,Kingsley
26/08/26,Card Perso,Afternoon,Opay,Afrigo,9800,MS-1,Jennifer
26/08/26,Card Perso,Afternoon,Polaris,Verve,8600,MS-2,Judith
26/08/26,Card Perso,Afternoon,Access Bank,Afrigo,4000,PT-2,Godday
26/08/26,Card Perso,Night,Moniepoint,Verve,9400,MS-2,Jennifer
26/08/26,Card Perso,Night,Zenith Bank,Mastercard,7500,PT-2,Godday
27/08/26,Card Perso,Morning,Opay,Visa,9400,MS-1,Naomi
27/08/26,Card Perso,Morning,GTBank,Mastercard,8000,MS-2,Kingsley
27/08/26,Card Perso,Morning,Zenith Bank,Visa,3700,PT-1,Jennifer
27/08/26,Card Perso,Morning,Opay,Verve,3200,PT-2,Judith
27/08/26,Card Perso,Afternoon,Polaris,Verve,10000,MS-2,Godday
27/08/26,Card Perso,Afternoon,Opay,Verve,6500,PT-2,Kingsley
27/08/26,Card Perso,Night,Opay,Visa,7300,MS-2,Naomi
27/08/26,Card Perso,Night,Moniepoint,Mastercard,4800,PT-2,Jennifer
28/08/26,Card Perso,Morning,Zenith Bank,Afrigo,6900,MS-1,Godday
28/08/26,Card Perso,Morning,Access Bank,Visa,9600,MS-2,Naomi
28/08/26,Card Perso,Morning,Access Bank,Afrigo,3700,PT-1,Jennifer
28/08/26,Card Perso,Morning,Moniepoint,Verve,6000,PT-2,Kingsley
28/08/26,Card Perso,Afternoon,Access Bank,Afrigo,11300,MS-2,Jennifer
28/08/26,Card Perso,Night,Opay,Afrigo,12000,MS-1,Judith
28/08/26,Card Perso,Night,Access Bank,Visa,10200,MS-2,Kingsley
31/08/26,Card Perso,Morning,Opay,Afrigo,10600,MS-1,Judith
31/08/26,Card Perso,Morning,Moniepoint,Visa,6700,MS-2,Naomi
31/08/26,Card Perso,Morning,Moniepoint,Verve,4000,PT-2,Kingsley
31/08/26,Card Perso,Afternoon,Moniepoint,Visa,8600,MS-1,Kingsley
31/08/26,Card Perso,Afternoon,Access Bank,Afrigo,6800,PT-1,Naomi
31/08/26,Card Perso,Afternoon,Opay,Visa,6300,PT-2,Godday
31/08/26,Card Perso,Night,Opay,Verve,8400,MS-1,Naomi
31/08/26,Card Perso,Night,Moniepoint,Mastercard,9400,MS-2,Jennifer
31/08/26,Card Perso,Night,Opay,Visa,6000,PT-1,Godday
01/09/26,Card Perso,Morning,Zenith Bank,Mastercard,6900,MS-2,Judith
01/09/26,Card Perso,Morning,Moniepoint,Verve,3000,PT-1,Kingsley
01/09/26,Card Perso,Morning,Opay,Afrigo,5000,PT-2,Godday
01/09/26,Card Perso,Afternoon,GTBank,Mastercard,11300,MS-1,Kingsley
01/09/26,Card Perso,Afternoon,Zenith Bank,Visa,3500,PT-1,Naomi
01/09/26,Card Perso,Afternoon,Opay,Verve,3500,PT-2,Judith
01/09/26,Card Perso,Night,Opay,Mastercard,6800,MS-1,Jennifer
01/09/26,Card Perso,Night,Moniepoint,Visa,5900,PT-2,Judith
02/09/26,Card Perso,Morning,Moniepoint,Mastercard,10700,MS-1,Godday
02/09/26,Card Perso,Morning,Zenith Bank,Verve,11100,MS-2,Judith
02/09/26,Card Perso,Morning,GTBank,Afrigo,3500,PT-1,Kingsley
02/09/26,Card Perso,Morning,GTBank,Verve,5300,PT-2,Naomi
02/09/26,Card Perso,Afternoon,Polaris,Visa,11300,MS-1,Kingsley
02/09/26,Card Perso,Afternoon,GTBank,Visa,10600,MS-2,Jennifer
02/09/26,Card Perso,Night,Moniepoint,Mastercard,11900,MS-1,Jennifer
02/09/26,Card Perso,Night,GTBank,Verve,5700,PT-1,Naomi
02/09/26,Card Perso,Night,GTBank,Mastercard,8000,PT-2,Judith
03/09/26,Card Perso,Morning,Moniepoint,Afrigo,10400,MS-1,Godday
03/09/26,Card Perso,Morning,Moniepoint,Mastercard,9600,MS-2,Jennifer
03/09/26,Card Perso,Morning,Opay,Visa,4800,PT-1,Naomi
03/09/26,Card Perso,Morning,Moniepoint,Verve,5800,PT-2,Judith
03/09/26,Card Perso,Afternoon,Zenith Bank,Visa,11300,MS-1,Naomi
03/09/26,Card Perso,Afternoon,GTBank,Verve,11300,MS-2,Godday
03/09/26,Card Perso,Afternoon,Moniepoint,Afrigo,5000,PT-1,Jennifer
03/09/26,Card Perso,Afternoon,Opay,Visa,3700,PT-2,Kingsley
03/09/26,Card Perso,Night,Zenith Bank,Visa,11300,MS-2,Kingsley
03/09/26,Card Perso,Night,GTBank,Verve,7400,PT-1,Jennifer
03/09/26,Card Perso,Night,Opay,Mastercard,5200,PT-2,Godday
04/09/26,Card Perso,Morning,Access Bank,Afrigo,6900,MS-1,Judith
04/09/26,Card Perso,Morning,Moniepoint,Afrigo,10800,MS-2,Naomi
04/09/26,Card Perso,Morning,Zenith Bank,Mastercard,5300,PT-1,Godday
04/09/26,Card Perso,Afternoon,GTBank,Verve,7100,PT-1,Jennifer
04/09/26,Card Perso,Afternoon,Polaris,Mastercard,6200,PT-2,Naomi
04/09/26,Card Perso,Night,GTBank,Mastercard,7100,MS-1,Naomi
04/09/26,Card Perso,Night,Zenith Bank,Mastercard,10500,MS-2,Judith
07/09/26,Card Perso,Morning,Access Bank,Visa,10200,MS-1,Godday
07/09/26,Card Perso,Morning,GTBank,Visa,10200,MS-2,Jennifer
07/09/26,Card Perso,Morning,Moniepoint,Visa,4000,PT-1,Kingsley
07/09/26,Card Perso,Morning,Access Bank,Visa,7400,PT-2,Judith
07/09/26,Card Perso,Afternoon,Moniepoint,Mastercard,11300,MS-2,Naomi
07/09/26,Card Perso,Afternoon,GTBank,Afrigo,6400,PT-1,Godday
07/09/26,Card Perso,Afternoon,Access Bank,Verve,7400,PT-2,Kingsley
07/09/26,Card Perso,Night,Opay,Visa,6700,PT-1,Jennifer
07/09/26,Card Perso,Night,Moniepoint,Afrigo,6300,PT-2,Judith
08/09/26,Card Perso,Morning,Polaris,Verve,7700,MS-1,Kingsley
08/09/26,Card Perso,Morning,Moniepoint,Visa,8800,MS-2,Judith
08/09/26,Card Perso,Morning,Opay,Mastercard,7400,PT-1,Godday
08/09/26,Card Perso,Morning,Opay,Visa,7000,PT-2,Jennifer
08/09/26,Card Perso,Afternoon,Opay,Verve,9200,MS-1,Godday
08/09/26,Card Perso,Afternoon,GTBank,Afrigo,4800,PT-2,Jennifer
08/09/26,Card Perso,Night,Zenith Bank,Mastercard,4700,PT-1,Naomi
08/09/26,Card Perso,Night,Moniepoint,Verve,4000,PT-2,Jennifer
09/09/26,Card Perso,Morning,Access Bank,Verve,8500,MS-1,Jennifer
09/09/26,Card Perso,Morning,Access Bank,Afrigo,7100,MS-2,Kingsley
09/09/26,Card Perso,Morning,Polaris,Verve,4400,PT-1,Godday
09/09/26,Card Perso,Morning,Moniepoint,Mastercard,4100,PT-2,Naomi
09/09/26,Card Perso,Night,GTBank,Visa,8300,MS-1,Godday
09/09/26,Card Perso,Night,Polaris,Afrigo,8500,MS-2,Judith
09/09/26,Card Perso,Night,Polaris,Verve,5500,PT-1,Naomi
10/09/26,Card Perso,Morning,Zenith Bank,Mastercard,11700,MS-2,Judith
10/09/26,Card Perso,Morning,GTBank,Mastercard,6900,PT-1,Jennifer
10/09/26,Card Perso,Afternoon,Zenith Bank,Visa,6600,MS-1,Naomi
10/09/26,Card Perso,Afternoon,Polaris,Mastercard,4200,PT-1,Jennifer
10/09/26,Card Perso,Night,Polaris,Visa,11100,MS-1,Naomi
10/09/26,Card Perso,Night,Moniepoint,Afrigo,5900,PT-1,Godday
10/09/26,Card Perso,Night,Zenith Bank,Verve,4500,PT-2,Judith
11/09/26,Card Perso,Morning,Access Bank,Verve,8600,MS-1,Jennifer
11/09/26,Card Perso,Morning,Moniepoint,Verve,11200,MS-2,Kingsley
11/09/26,Card Perso,Morning,GTBank,Afrigo,3400,PT-2,Godday
11/09/26,Card Perso,Afternoon,Access Bank,Afrigo,11800,MS-1,Jennifer
11/09/26,Card Perso,Afternoon,Polaris,Afrigo,5200,PT-1,Naomi
11/09/26,Card Perso,Afternoon,GTBank,Afrigo,3400,PT-2,Godday
11/09/26,Card Perso,Night,Polaris,Afrigo,10100,MS-2,Godday
11/09/26,Card Perso,Night,Moniepoint,Afrigo,3000,PT-1,Judith
11/09/26,Card Perso,Night,Moniepoint,Verve,6500,PT-2,Kingsley
14/09/26,Card Perso,Morning,GTBank,Afrigo,8200,MS-1,Jennifer
14/09/26,Card Perso,Morning,Moniepoint,Visa,8200,MS-2,Naomi
14/09/26,Card Perso,Morning,Moniepoint,Mastercard,3700,PT-1,Judith
14/09/26,Card Perso,Morning,GTBank,Mastercard,6000,PT-2,Godday
14/09/26,Card Perso,Afternoon,Zenith Bank,Afrigo,11800,MS-1,Kingsley
14/09/26,Card Perso,Afternoon,Access Bank,Verve,11200,MS-2,Judith
14/09/26,Card Perso,Afternoon,Polaris,Visa,4700,PT-1,Godday
14/09/26,Card Perso,Afternoon,Opay,Afrigo,6700,PT-2,Jennifer
14/09/26,Card Perso,Night,Zenith Bank,Verve,11600,MS-1,Kingsley
14/09/26,Card Perso,Night,Zenith Bank,Afrigo,6900,PT-1,Godday
14/09/26,Card Perso,Night,Access Bank,Verve,4200,PT-2,Jennifer
15/09/26,Card Perso,Morning,Zenith Bank,Afrigo,9700,MS-1,Jennifer
15/09/26,Card Perso,Morning,Opay,Visa,7600,MS-2,Judith
15/09/26,Card Perso,Morning,Opay,Verve,7700,PT-1,Naomi
15/09/26,Card Perso,Afternoon,Moniepoint,Afrigo,10000,MS-1,Jennifer
15/09/26,Card Perso,Afternoon,Moniepoint,Afrigo,9400,MS-2,Kingsley
15/09/26,Card Perso,Afternoon,Zenith Bank,Verve,5200,PT-1,Naomi
15/09/26,Card Perso,Afternoon,Polaris,Verve,3400,PT-2,Judith
15/09/26,Card Perso,Night,Opay,Mastercard,7200,MS-1,Naomi
15/09/26,Card Perso,Night,Opay,Visa,5800,PT-2,Judith
16/09/26,Card Perso,Morning,GTBank,Verve,10300,MS-1,Kingsley
16/09/26,Card Perso,Morning,GTBank,Mastercard,10400,MS-2,Naomi
16/09/26,Card Perso,Morning,GTBank,Afrigo,7300,PT-1,Jennifer
16/09/26,Card Perso,Morning,Polaris,Afrigo,7800,PT-2,Judith
16/09/26,Card Perso,Afternoon,Access Bank,Mastercard,10100,MS-1,Godday
16/09/26,Card Perso,Afternoon,Opay,Visa,6400,MS-2,Kingsley
16/09/26,Card Perso,Afternoon,Opay,Visa,7900,PT-2,Judith
16/09/26,Card Perso,Night,Access Bank,Visa,10100,MS-1,Godday
16/09/26,Card Perso,Night,GTBank,Verve,6800,PT-1,Jennifer
17/09/26,Card Perso,Morning,Moniepoint,Visa,11800,MS-1,Naomi
17/09/26,Card Perso,Morning,Access Bank,Verve,7500,MS-2,Judith
17/09/26,Card Perso,Morning,Access Bank,Afrigo,6600,PT-1,Jennifer
17/09/26,Card Perso,Morning,Moniepoint,Mastercard,6800,PT-2,Godday
17/09/26,Card Perso,Afternoon,Access Bank,Mastercard,11500,MS-1,Judith
17/09/26,Card Perso,Afternoon,Polaris,Visa,11500,MS-2,Jennifer
17/09/26,Card Perso,Afternoon,Access Bank,Afrigo,3100,PT-1,Kingsley
17/09/26,Card Perso,Afternoon,Moniepoint,Mastercard,6200,PT-2,Naomi
17/09/26,Card Perso,Night,GTBank,Afrigo,6400,MS-1,Kingsley
17/09/26,Card Perso,Night,Moniepoint,Mastercard,3100,PT-1,Judith
18/09/26,Card Perso,Morning,Zenith Bank,Visa,6200,MS-1,Kingsley
18/09/26,Card Perso,Morning,Access Bank,Mastercard,5100,PT-1,Judith
18/09/26,Card Perso,Morning,Zenith Bank,Afrigo,3700,PT-2,Jennifer
18/09/26,Card Perso,Afternoon,Moniepoint,Mastercard,11200,MS-1,Naomi
18/09/26,Card Perso,Afternoon,Moniepoint,Visa,8700,MS-2,Jennifer
18/09/26,Card Perso,Afternoon,Opay,Visa,5500,PT-1,Kingsley
18/09/26,Card Perso,Afternoon,Access Bank,Afrigo,6400,PT-2,Judith
18/09/26,Card Perso,Night,Access Bank,Visa,7700,MS-2,Kingsley
18/09/26,Card Perso,Night,Access Bank,Visa,6500,PT-1,Jennifer
18/09/26,Card Perso,Night,Access Bank,Visa,6900,PT-2,Naomi
21/09/26,Card Perso,Morning,GTBank,Mastercard,6300,MS-1,Kingsley
21/09/26,Card Perso,Morning,GTBank,Afrigo,9900,MS-2,Naomi
21/09/26,Card Perso,Morning,GTBank,Visa,5400,PT-1,Godday
21/09/26,Card Perso,Morning,GTBank,Visa,4300,PT-2,Judith
21/09/26,Card Perso,Afternoon,Zenith Bank,Verve,10100,MS-1,Naomi
21/09/26,Card Perso,Afternoon,GTBank,Afrigo,9400,MS-2,Godday
21/09/26,Card Perso,Afternoon,GTBank,Mastercard,5900,PT-1,Jennifer
21/09/26,Card Perso,Afternoon,Opay,Mastercard,4800,PT-2,Judith
22/09/26,Card Perso,Morning,Moniepoint,Verve,11700,MS-1,Kingsley
22/09/26,Card Perso,Morning,GTBank,Verve,8400,MS-2,Jennifer
22/09/26,Card Perso,Morning,Access Bank,Verve,7300,PT-1,Naomi
22/09/26,Card Perso,Morning,Access Bank,Visa,3700,PT-2,Judith
22/09/26,Card Perso,Afternoon,Access Bank,Afrigo,11400,MS-2,Godday
22/09/26,Card Perso,Afternoon,Polaris,Visa,4500,PT-1,Jennifer
22/09/26,Card Perso,Night,Moniepoint,Mastercard,8200,MS-1,Naomi
22/09/26,Card Perso,Night,GTBank,Afrigo,10500,MS-2,Godday
23/09/26,Card Perso,Morning,Zenith Bank,Mastercard,6200,MS-1,Judith
23/09/26,Card Perso,Morning,Zenith Bank,Mastercard,7900,MS-2,Naomi
23/09/26,Card Perso,Afternoon,Polaris,Verve,9600,MS-2,Judith
23/09/26,Card Perso,Afternoon,Polaris,Verve,6300,PT-2,Godday
23/09/26,Card Perso,Night,Polaris,Verve,6100,MS-2,Judith
23/09/26,Card Perso,Night,Moniepoint,Verve,3500,PT-2,Godday
24/09/26,Card Perso,Morning,Opay,Mastercard,6400,MS-1,Godday
24/09/26,Card Perso,Morning,Polaris,Visa,11100,MS-2,Naomi
24/09/26,Card Perso,Morning,Zenith Bank,Visa,6000,PT-1,Jennifer
24/09/26,Card Perso,Morning,Access Bank,Mastercard,7200,PT-2,Kingsley
24/09/26,Card Perso,Afternoon,Polaris,Afrigo,6300,MS-1,Godday
24/09/26,Card Perso,Afternoon,GTBank,Afrigo,6500,MS-2,Kingsley
24/09/26,Card Perso,Afternoon,Access Bank,Mastercard,5200,PT-1,Judith
24/09/26,Card Perso,Afternoon,Access Bank,Visa,3700,PT-2,Jennifer
24/09/26,Card Perso,Night,Opay,Mastercard,8900,MS-1,Godday
24/09/26,Card Perso,Night,Polaris,Afrigo,6600,MS-2,Jennifer
24/09/26,Card Perso,Night,Access Bank,Verve,7300,PT-2,Kingsley
25/09/26,Card Perso,Morning,Opay,Verve,7300,MS-1,Kingsley
25/09/26,Card Perso,Morning,Opay,Afrigo,11100,MS-2,Jennifer
25/09/26,Card Perso,Morning,Opay,Visa,6100,PT-1,Naomi
25/09/26,Card Perso,Afternoon,GTBank,Afrigo,8700,MS-2,Judith
25/09/26,Card Perso,Afternoon,Opay,Visa,3400,PT-2,Jennifer
25/09/26,Card Perso,Night,Moniepoint,Verve,7700,MS-1,Godday
25/09/26,Card Perso,Night,Zenith Bank,Verve,7000,MS-2,Jennifer
25/09/26,Card Perso,Night,Moniepoint,Visa,4400,PT-1,Naomi
25/09/26,Card Perso,Night,Opay,Afrigo,4400,PT-2,Kingsley
28/09/26,Card Perso,Morning,Access Bank,Verve,9100,MS-1,Judith
28/09/26,Card Perso,Morning,Zenith Bank,Afrigo,7700,MS-2,Jennifer
28/09/26,Card Perso,Morning,GTBank,Afrigo,7400,PT-1,Kingsley
28/09/26,Card Perso,Morning,Moniepoint,Verve,3300,PT-2,Godday
28/09/26,Card Perso,Afternoon,Moniepoint,Afrigo,7000,MS-2,Godday
28/09/26,Card Perso,Afternoon,Polaris,Mastercard,6900,PT-1,Judith
28/09/26,Card Perso,Afternoon,Zenith Bank,Visa,4300,PT-2,Jennifer
28/09/26,Card Perso,Night,Opay,Mastercard,7600,MS-1,Jennifer
29/09/26,Card Perso,Morning,GTBank,Visa,11700,MS-1,Kingsley
29/09/26,Card Perso,Morning,Polaris,Mastercard,5200,PT-1,Godday
29/09/26,Card Perso,Afternoon,Polaris,Verve,11900,MS-1,Godday
29/09/26,Card Perso,Afternoon,Opay,Visa,7500,PT-2,Kingsley
29/09/26,Card Perso,Night,Access Bank,Verve,10300,MS-1,Judith
29/09/26,Card Perso,Night,Polaris,Mastercard,6200,MS-2,Godday
01/07/26,PMC,Morning,GTBank,Debit Card,6800,PMC-01,Emeka
01/07/26,PMC,Morning,Zenith Bank,Prepaid Card,6800,PMC-02,Amaka
01/07/26,PMC,Morning,Zenith Bank,Debit Card,4500,PMC-06,Tunde
01/07/26,PMC,Morning,GTBank,Debit Card,8800,PMC-08,Bola
01/07/26,PMC,Morning,Access Bank,Loyalty Card,5200,PMC-09,Chuka
01/07/26,PMC,Morning,Opay,Debit Card,6000,PMC-12,Dayo
01/07/26,PMC,Morning,Zenith Bank,Loyalty Card,7300,PMC-13,Chidinma
01/07/26,PMC,Morning,GTBank,Loyalty Card,5300,PMC-14,Funke
01/07/26,PMC,Morning,Opay,Prepaid Card,6500,PMC-15,Emeka
01/07/26,PMC,Morning,Opay,ID Card,7100,PMC-16,Amaka
01/07/26,PMC,Afternoon,Moniepoint,Prepaid Card,8100,PMC-01,Emeka
01/07/26,PMC,Afternoon,GTBank,Debit Card,4100,PMC-02,Bola
01/07/26,PMC,Afternoon,Opay,ID Card,5100,PMC-03,Funke
01/07/26,PMC,Afternoon,Access Bank,Debit Card,7800,PMC-04,Amaka
01/07/26,PMC,Afternoon,Polaris,Prepaid Card,6500,PMC-05,Chuka
01/07/26,PMC,Afternoon,Zenith Bank,Loyalty Card,8800,PMC-06,Dayo
01/07/26,PMC,Afternoon,GTBank,Loyalty Card,8600,PMC-07,Chidinma
01/07/26,PMC,Afternoon,Opay,Loyalty Card,7100,PMC-08,Tunde
01/07/26,PMC,Afternoon,Polaris,Prepaid Card,4700,PMC-09,Emeka
01/07/26,PMC,Afternoon,Polaris,Debit Card,5600,PMC-10,Bola
01/07/26,PMC,Afternoon,GTBank,Debit Card,4000,PMC-12,Funke
01/07/26,PMC,Afternoon,Zenith Bank,Prepaid Card,7500,PMC-14,Amaka
01/07/26,PMC,Afternoon,Moniepoint,Loyalty Card,4300,PMC-16,Chuka
02/07/26,PMC,Morning,Access Bank,Loyalty Card,7500,PMC-01,Emeka
02/07/26,PMC,Morning,Moniepoint,Prepaid Card,5000,PMC-02,Chidinma
02/07/26,PMC,Morning,Opay,Debit Card,8100,PMC-03,Amaka
02/07/26,PMC,Morning,Access Bank,Prepaid Card,6600,PMC-04,Funke
02/07/26,PMC,Morning,Access Bank,Loyalty Card,7000,PMC-05,Tunde
02/07/26,PMC,Morning,Zenith Bank,Debit Card,8900,PMC-06,Dayo
02/07/26,PMC,Morning,Opay,Debit Card,8500,PMC-07,Bola
02/07/26,PMC,Morning,Polaris,Debit Card,5800,PMC-08,Chuka
02/07/26,PMC,Morning,Moniepoint,Loyalty Card,6200,PMC-10,Emeka
02/07/26,PMC,Morning,GTBank,Prepaid Card,6700,PMC-12,Chidinma
02/07/26,PMC,Morning,Polaris,ID Card,6800,PMC-14,Amaka
02/07/26,PMC,Morning,Opay,ID Card,7800,PMC-15,Funke
02/07/26,PMC,Morning,Access Bank,Prepaid Card,8800,PMC-16,Tunde
02/07/26,PMC,Afternoon,Polaris,ID Card,5900,PMC-01,Emeka
02/07/26,PMC,Afternoon,Moniepoint,Loyalty Card,6400,PMC-03,Dayo
02/07/26,PMC,Afternoon,Access Bank,Prepaid Card,7400,PMC-04,Chuka
02/07/26,PMC,Afternoon,GTBank,Loyalty Card,7800,PMC-05,Tunde
02/07/26,PMC,Afternoon,Polaris,Debit Card,5700,PMC-06,Funke
02/07/26,PMC,Afternoon,Opay,Loyalty Card,4900,PMC-07,Bola
02/07/26,PMC,Afternoon,Access Bank,Debit Card,7300,PMC-08,Amaka
02/07/26,PMC,Afternoon,Access Bank,ID Card,6800,PMC-10,Chidinma
02/07/26,PMC,Afternoon,Opay,Loyalty Card,5200,PMC-11,Emeka
02/07/26,PMC,Afternoon,Access Bank,Loyalty Card,4700,PMC-12,Dayo
02/07/26,PMC,Afternoon,Zenith Bank,ID Card,4400,PMC-14,Chuka
02/07/26,PMC,Afternoon,Polaris,Prepaid Card,7500,PMC-15,Tunde
02/07/26,PMC,Afternoon,GTBank,ID Card,6900,PMC-16,Funke
03/07/26,PMC,Morning,Polaris,ID Card,4600,PMC-01,Funke
03/07/26,PMC,Morning,Polaris,Debit Card,8000,PMC-02,Bola
03/07/26,PMC,Morning,GTBank,Loyalty Card,8000,PMC-03,Chuka
03/07/26,PMC,Morning,Opay,Debit Card,6200,PMC-04,Emeka
03/07/26,PMC,Morning,Polaris,Loyalty Card,5000,PMC-06,Chidinma
03/07/26,PMC,Morning,GTBank,Loyalty Card,8000,PMC-08,Tunde
03/07/26,PMC,Morning,GTBank,Loyalty Card,6800,PMC-09,Dayo
03/07/26,PMC,Morning,Zenith Bank,Prepaid Card,5100,PMC-12,Amaka
03/07/26,PMC,Morning,GTBank,Loyalty Card,5500,PMC-14,Funke
03/07/26,PMC,Morning,GTBank,Loyalty Card,8800,PMC-15,Bola
03/07/26,PMC,Morning,GTBank,Prepaid Card,5500,PMC-16,Chuka
03/07/26,PMC,Afternoon,Polaris,Loyalty Card,8700,PMC-01,Bola
03/07/26,PMC,Afternoon,Access Bank,Loyalty Card,6100,PMC-02,Dayo
03/07/26,PMC,Afternoon,Zenith Bank,ID Card,5200,PMC-04,Amaka
03/07/26,PMC,Afternoon,Opay,Loyalty Card,6700,PMC-05,Chidinma
03/07/26,PMC,Afternoon,Moniepoint,Loyalty Card,8100,PMC-06,Tunde
03/07/26,PMC,Afternoon,Access Bank,Loyalty Card,5200,PMC-07,Chuka
03/07/26,PMC,Afternoon,Polaris,Prepaid Card,8600,PMC-08,Funke
03/07/26,PMC,Afternoon,Access Bank,Debit Card,7400,PMC-11,Emeka
03/07/26,PMC,Afternoon,Zenith Bank,Prepaid Card,6700,PMC-14,Bola
06/07/26,PMC,Morning,Moniepoint,Debit Card,7800,PMC-01,Funke
06/07/26,PMC,Morning,Polaris,Loyalty Card,8600,PMC-02,Emeka
06/07/26,PMC,Morning,Access Bank,Loyalty Card,8200,PMC-03,Amaka
06/07/26,PMC,Morning,Moniepoint,Prepaid Card,7200,PMC-04,Chidinma
06/07/26,PMC,Morning,Zenith Bank,Debit Card,8200,PMC-05,Chuka
06/07/26,PMC,Morning,GTBank,Debit Card,5100,PMC-06,Bola
06/07/26,PMC,Morning,Opay,ID Card,6200,PMC-07,Dayo
06/07/26,PMC,Morning,Opay,ID Card,4700,PMC-08,Tunde
06/07/26,PMC,Morning,Opay,Debit Card,4100,PMC-10,Funke
06/07/26,PMC,Morning,Moniepoint,Prepaid Card,6200,PMC-11,Emeka
06/07/26,PMC,Morning,GTBank,Debit Card,4400,PMC-12,Amaka
06/07/26,PMC,Morning,Access Bank,Loyalty Card,5000,PMC-13,Chidinma
06/07/26,PMC,Morning,Moniepoint,Prepaid Card,8900,PMC-14,Chuka
06/07/26,PMC,Morning,Polaris,Debit Card,8600,PMC-15,Bola
06/07/26,PMC,Morning,Polaris,Loyalty Card,4700,PMC-16,Dayo
06/07/26,PMC,Afternoon,Moniepoint,Loyalty Card,5900,PMC-01,Tunde
06/07/26,PMC,Afternoon,Opay,Prepaid Card,6800,PMC-02,Chidinma
06/07/26,PMC,Afternoon,Moniepoint,Loyalty Card,4700,PMC-03,Chuka
06/07/26,PMC,Afternoon,Zenith Bank,Prepaid Card,4700,PMC-04,Dayo
06/07/26,PMC,Afternoon,Opay,ID Card,6300,PMC-05,Bola
06/07/26,PMC,Afternoon,Opay,Loyalty Card,6600,PMC-06,Funke
06/07/26,PMC,Afternoon,Moniepoint,Loyalty Card,8400,PMC-07,Amaka
06/07/26,PMC,Afternoon,GTBank,Prepaid Card,4100,PMC-08,Emeka
06/07/26,PMC,Afternoon,Moniepoint,Prepaid Card,4300,PMC-09,Tunde
06/07/26,PMC,Afternoon,Moniepoint,ID Card,8400,PMC-11,Chidinma
06/07/26,PMC,Afternoon,Access Bank,Debit Card,4600,PMC-12,Chuka
06/07/26,PMC,Afternoon,Zenith Bank,Debit Card,5100,PMC-13,Dayo
06/07/26,PMC,Afternoon,Moniepoint,Debit Card,6800,PMC-14,Bola
07/07/26,PMC,Morning,Polaris,Debit Card,7800,PMC-01,Emeka
07/07/26,PMC,Morning,Moniepoint,Debit Card,8900,PMC-03,Chidinma
07/07/26,PMC,Morning,Access Bank,Loyalty Card,4800,PMC-04,Bola
07/07/26,PMC,Morning,Opay,Debit Card,6900,PMC-06,Tunde
07/07/26,PMC,Morning,Moniepoint,ID Card,6700,PMC-07,Dayo
07/07/26,PMC,Morning,GTBank,ID Card,6700,PMC-08,Funke
07/07/26,PMC,Morning,GTBank,Loyalty Card,7200,PMC-09,Amaka
07/07/26,PMC,Morning,Opay,Loyalty Card,8100,PMC-11,Chuka
07/07/26,PMC,Morning,Polaris,Loyalty Card,8300,PMC-12,Emeka
07/07/26,PMC,Morning,Opay,Prepaid Card,5200,PMC-13,Chidinma
07/07/26,PMC,Morning,Access Bank,Loyalty Card,5600,PMC-14,Bola
07/07/26,PMC,Morning,GTBank,Debit Card,5400,PMC-15,Tunde
07/07/26,PMC,Afternoon,GTBank,Debit Card,5700,PMC-01,Amaka
07/07/26,PMC,Afternoon,Polaris,ID Card,4400,PMC-03,Bola
07/07/26,PMC,Afternoon,Access Bank,Prepaid Card,6200,PMC-04,Emeka
07/07/26,PMC,Afternoon,Opay,Debit Card,5900,PMC-05,Tunde
07/07/26,PMC,Afternoon,Zenith Bank,Prepaid Card,8100,PMC-06,Chuka
07/07/26,PMC,Afternoon,Opay,Prepaid Card,7900,PMC-07,Chidinma
07/07/26,PMC,Afternoon,Polaris,Loyalty Card,5900,PMC-10,Dayo
07/07/26,PMC,Afternoon,Zenith Bank,Prepaid Card,8300,PMC-12,Funke
07/07/26,PMC,Afternoon,Zenith Bank,ID Card,8300,PMC-14,Amaka
08/07/26,PMC,Morning,Opay,ID Card,4300,PMC-01,Chuka
08/07/26,PMC,Morning,GTBank,Debit Card,6900,PMC-02,Dayo
08/07/26,PMC,Morning,Access Bank,Loyalty Card,8000,PMC-03,Tunde
08/07/26,PMC,Morning,Opay,ID Card,7400,PMC-04,Chidinma
08/07/26,PMC,Morning,GTBank,Prepaid Card,5000,PMC-05,Bola
08/07/26,PMC,Morning,Moniepoint,Loyalty Card,4000,PMC-06,Emeka
08/07/26,PMC,Morning,GTBank,Prepaid Card,6100,PMC-07,Amaka
08/07/26,PMC,Morning,Zenith Bank,Prepaid Card,5800,PMC-09,Funke
08/07/26,PMC,Morning,Opay,Loyalty Card,4200,PMC-10,Chuka
08/07/26,PMC,Morning,Moniepoint,Loyalty Card,4500,PMC-11,Dayo
08/07/26,PMC,Morning,GTBank,ID Card,5900,PMC-13,Tunde
08/07/26,PMC,Morning,Moniepoint,Prepaid Card,8400,PMC-14,Chidinma
08/07/26,PMC,Morning,Zenith Bank,Loyalty Card,7500,PMC-15,Bola
08/07/26,PMC,Morning,Polaris,Debit Card,5400,PMC-16,Emeka
08/07/26,PMC,Afternoon,Access Bank,Prepaid Card,7200,PMC-01,Emeka
08/07/26,PMC,Afternoon,Polaris,Debit Card,8100,PMC-02,Amaka
08/07/26,PMC,Afternoon,Moniepoint,Debit Card,6800,PMC-03,Chuka
08/07/26,PMC,Afternoon,Moniepoint,Loyalty Card,8200,PMC-04,Chidinma
08/07/26,PMC,Afternoon,Zenith Bank,ID Card,4200,PMC-05,Tunde
08/07/26,PMC,Afternoon,Zenith Bank,Debit Card,5200,PMC-06,Bola
08/07/26,PMC,Afternoon,Zenith Bank,Prepaid Card,5300,PMC-07,Dayo
08/07/26,PMC,Afternoon,Polaris,Prepaid Card,6200,PMC-08,Funke
08/07/26,PMC,Afternoon,Moniepoint,ID Card,6700,PMC-09,Emeka
08/07/26,PMC,Afternoon,Opay,Loyalty Card,6100,PMC-10,Amaka
08/07/26,PMC,Afternoon,Polaris,Loyalty Card,6500,PMC-12,Chuka
08/07/26,PMC,Afternoon,Polaris,Loyalty Card,6000,PMC-13,Chidinma
08/07/26,PMC,Afternoon,Opay,Prepaid Card,4100,PMC-14,Tunde
08/07/26,PMC,Afternoon,Opay,Loyalty Card,4900,PMC-15,Bola
08/07/26,PMC,Afternoon,Polaris,Loyalty Card,5700,PMC-16,Dayo
09/07/26,PMC,Morning,Polaris,Prepaid Card,8100,PMC-01,Tunde
09/07/26,PMC,Morning,Moniepoint,Debit Card,7700,PMC-02,Dayo
09/07/26,PMC,Morning,Zenith Bank,Prepaid Card,4200,PMC-03,Funke
09/07/26,PMC,Morning,Moniepoint,ID Card,6600,PMC-04,Amaka
09/07/26,PMC,Morning,Polaris,Prepaid Card,8800,PMC-05,Emeka
09/07/26,PMC,Morning,Opay,Prepaid Card,6800,PMC-06,Chuka
09/07/26,PMC,Morning,GTBank,Debit Card,8500,PMC-07,Chidinma
09/07/26,PMC,Morning,Moniepoint,Loyalty Card,6200,PMC-09,Bola
09/07/26,PMC,Morning,Access Bank,Debit Card,8500,PMC-10,Tunde
09/07/26,PMC,Morning,Moniepoint,Loyalty Card,6100,PMC-11,Dayo
09/07/26,PMC,Morning,Polaris,Prepaid Card,8400,PMC-12,Funke
09/07/26,PMC,Morning,Zenith Bank,Prepaid Card,8900,PMC-13,Amaka
09/07/26,PMC,Morning,GTBank,Debit Card,8200,PMC-15,Emeka
09/07/26,PMC,Morning,Moniepoint,Debit Card,7600,PMC-16,Chuka
09/07/26,PMC,Afternoon,Access Bank,Loyalty Card,6300,PMC-01,Tunde
09/07/26,PMC,Afternoon,Polaris,ID Card,8100,PMC-04,Dayo
09/07/26,PMC,Afternoon,Opay,ID Card,5600,PMC-05,Emeka
09/07/26,PMC,Afternoon,Moniepoint,Prepaid Card,4900,PMC-06,Bola
09/07/26,PMC,Afternoon,Access Bank,Debit Card,7600,PMC-07,Chuka
09/07/26,PMC,Afternoon,Moniepoint,Debit Card,5000,PMC-08,Funke
09/07/26,PMC,Afternoon,Moniepoint,Debit Card,7500,PMC-09,Chidinma
09/07/26,PMC,Afternoon,Opay,Prepaid Card,4700,PMC-10,Amaka
09/07/26,PMC,Afternoon,Polaris,Prepaid Card,4800,PMC-11,Tunde
09/07/26,PMC,Afternoon,Opay,Debit Card,6100,PMC-12,Dayo
09/07/26,PMC,Afternoon,Moniepoint,Loyalty Card,6500,PMC-13,Emeka
09/07/26,PMC,Afternoon,Moniepoint,ID Card,4800,PMC-14,Bola
09/07/26,PMC,Afternoon,GTBank,Debit Card,7600,PMC-16,Chuka
10/07/26,PMC,Morning,Moniepoint,Debit Card,5100,PMC-01,Tunde
10/07/26,PMC,Morning,Polaris,Prepaid Card,6800,PMC-03,Amaka
10/07/26,PMC,Morning,Opay,Debit Card,7800,PMC-05,Funke
10/07/26,PMC,Morning,GTBank,Prepaid Card,5200,PMC-07,Dayo
10/07/26,PMC,Morning,Access Bank,Prepaid Card,5600,PMC-08,Bola
10/07/26,PMC,Morning,Zenith Bank,ID Card,8600,PMC-09,Chidinma
10/07/26,PMC,Morning,Access Bank,ID Card,6500,PMC-10,Emeka
10/07/26,PMC,Morning,GTBank,Debit Card,7900,PMC-11,Chuka
10/07/26,PMC,Morning,Access Bank,Debit Card,6000,PMC-12,Tunde
10/07/26,PMC,Morning,Moniepoint,Prepaid Card,4200,PMC-13,Amaka
10/07/26,PMC,Morning,Access Bank,ID Card,8700,PMC-14,Funke
10/07/26,PMC,Morning,Moniepoint,Debit Card,7100,PMC-15,Dayo
10/07/26,PMC,Afternoon,Moniepoint,Loyalty Card,7500,PMC-01,Chuka
10/07/26,PMC,Afternoon,Moniepoint,Loyalty Card,5600,PMC-02,Emeka
10/07/26,PMC,Afternoon,Polaris,Prepaid Card,8700,PMC-03,Amaka
10/07/26,PMC,Afternoon,Moniepoint,Prepaid Card,4200,PMC-05,Dayo
10/07/26,PMC,Afternoon,Polaris,Debit Card,6100,PMC-07,Chidinma
10/07/26,PMC,Afternoon,GTBank,Loyalty Card,5000,PMC-08,Bola
10/07/26,PMC,Afternoon,Access Bank,Prepaid Card,6900,PMC-09,Funke
10/07/26,PMC,Afternoon,Access Bank,Prepaid Card,4100,PMC-10,Tunde
10/07/26,PMC,Afternoon,Access Bank,Debit Card,4200,PMC-12,Chuka
10/07/26,PMC,Afternoon,Opay,Prepaid Card,7200,PMC-13,Emeka
10/07/26,PMC,Afternoon,Polaris,ID Card,4000,PMC-14,Amaka
10/07/26,PMC,Afternoon,Polaris,Debit Card,6500,PMC-16,Dayo
13/07/26,PMC,Morning,GTBank,ID Card,5400,PMC-01,Chuka
13/07/26,PMC,Morning,Opay,Loyalty Card,6500,PMC-03,Chidinma
13/07/26,PMC,Morning,Access Bank,ID Card,4800,PMC-04,Dayo
13/07/26,PMC,Morning,Polaris,ID Card,6500,PMC-05,Tunde
13/07/26,PMC,Morning,Access Bank,Prepaid Card,5200,PMC-06,Emeka
13/07/26,PMC,Morning,Opay,Debit Card,5300,PMC-07,Amaka
13/07/26,PMC,Morning,Polaris,Loyalty Card,8400,PMC-08,Funke
13/07/26,PMC,Morning,GTBank,Loyalty Card,4700,PMC-09,Bola
13/07/26,PMC,Morning,Opay,Prepaid Card,8500,PMC-12,Chuka
13/07/26,PMC,Morning,Polaris,Prepaid Card,6600,PMC-13,Chidinma
13/07/26,PMC,Morning,GTBank,Loyalty Card,8500,PMC-14,Dayo
13/07/26,PMC,Morning,GTBank,Prepaid Card,6600,PMC-16,Tunde
13/07/26,PMC,Afternoon,Zenith Bank,Debit Card,4000,PMC-01,Bola
13/07/26,PMC,Afternoon,Zenith Bank,ID Card,5800,PMC-02,Tunde
13/07/26,PMC,Afternoon,Zenith Bank,ID Card,8000,PMC-03,Chuka
13/07/26,PMC,Afternoon,Opay,Debit Card,7800,PMC-04,Chidinma
13/07/26,PMC,Afternoon,Polaris,Loyalty Card,5200,PMC-05,Dayo
13/07/26,PMC,Afternoon,Moniepoint,ID Card,6100,PMC-06,Funke
13/07/26,PMC,Afternoon,GTBank,Prepaid Card,5600,PMC-07,Emeka
13/07/26,PMC,Afternoon,Moniepoint,Loyalty Card,6800,PMC-10,Amaka
13/07/26,PMC,Afternoon,Moniepoint,ID Card,5500,PMC-11,Bola
13/07/26,PMC,Afternoon,Opay,ID Card,5700,PMC-14,Tunde
13/07/26,PMC,Afternoon,Polaris,ID Card,6100,PMC-15,Chuka
13/07/26,PMC,Afternoon,Moniepoint,Prepaid Card,7500,PMC-16,Chidinma
14/07/26,PMC,Morning,Polaris,Prepaid Card,8600,PMC-01,Tunde
14/07/26,PMC,Morning,Polaris,ID Card,7500,PMC-02,Emeka
14/07/26,PMC,Morning,Polaris,Debit Card,5300,PMC-03,Chidinma
14/07/26,PMC,Morning,Polaris,Prepaid Card,4300,PMC-04,Dayo
14/07/26,PMC,Morning,Opay,Prepaid Card,9000,PMC-05,Chuka
14/07/26,PMC,Morning,GTBank,ID Card,8600,PMC-06,Amaka
14/07/26,PMC,Morning,Opay,Loyalty Card,6500,PMC-08,Bola
14/07/26,PMC,Morning,Access Bank,Loyalty Card,4400,PMC-10,Funke
14/07/26,PMC,Morning,Zenith Bank,Loyalty Card,5400,PMC-12,Tunde
14/07/26,PMC,Morning,Opay,Debit Card,5600,PMC-13,Emeka
14/07/26,PMC,Morning,Access Bank,ID Card,8100,PMC-14,Chidinma
14/07/26,PMC,Morning,Moniepoint,ID Card,6000,PMC-15,Dayo
14/07/26,PMC,Morning,GTBank,Prepaid Card,7800,PMC-16,Chuka
14/07/26,PMC,Afternoon,Polaris,Loyalty Card,5100,PMC-01,Dayo
14/07/26,PMC,Afternoon,Moniepoint,Debit Card,7400,PMC-02,Emeka
14/07/26,PMC,Afternoon,Zenith Bank,ID Card,5900,PMC-05,Funke
14/07/26,PMC,Afternoon,Zenith Bank,Debit Card,5900,PMC-06,Chuka
14/07/26,PMC,Afternoon,Access Bank,Loyalty Card,8500,PMC-07,Tunde
14/07/26,PMC,Afternoon,Moniepoint,Loyalty Card,5800,PMC-08,Bola
14/07/26,PMC,Afternoon,GTBank,Debit Card,4100,PMC-09,Chidinma
14/07/26,PMC,Afternoon,Moniepoint,Debit Card,5600,PMC-10,Amaka
14/07/26,PMC,Afternoon,Moniepoint,Debit Card,8000,PMC-12,Dayo
14/07/26,PMC,Afternoon,Opay,Prepaid Card,4500,PMC-15,Emeka
15/07/26,PMC,Morning,GTBank,Loyalty Card,5200,PMC-01,Emeka
15/07/26,PMC,Morning,Moniepoint,Debit Card,5700,PMC-03,Bola
15/07/26,PMC,Morning,Polaris,Loyalty Card,8200,PMC-04,Chidinma
15/07/26,PMC,Morning,Polaris,Loyalty Card,4400,PMC-06,Amaka
15/07/26,PMC,Morning,Zenith Bank,ID Card,8300,PMC-07,Tunde
15/07/26,PMC,Morning,Polaris,Loyalty Card,5100,PMC-08,Chuka
15/07/26,PMC,Morning,Moniepoint,Debit Card,6800,PMC-09,Funke
15/07/26,PMC,Morning,Moniepoint,ID Card,8200,PMC-10,Dayo
15/07/26,PMC,Morning,Polaris,ID Card,8100,PMC-11,Emeka
15/07/26,PMC,Morning,Zenith Bank,Prepaid Card,7000,PMC-13,Bola
15/07/26,PMC,Morning,Moniepoint,Loyalty Card,4300,PMC-15,Chidinma
15/07/26,PMC,Morning,Moniepoint,Prepaid Card,7600,PMC-16,Amaka
15/07/26,PMC,Afternoon,Opay,Debit Card,8100,PMC-01,Tunde
15/07/26,PMC,Afternoon,Zenith Bank,Debit Card,6500,PMC-04,Emeka
15/07/26,PMC,Afternoon,Opay,ID Card,7300,PMC-05,Amaka
15/07/26,PMC,Afternoon,Moniepoint,Debit Card,4800,PMC-06,Bola
15/07/26,PMC,Afternoon,Moniepoint,Loyalty Card,8700,PMC-07,Chuka
15/07/26,PMC,Afternoon,Moniepoint,Prepaid Card,6800,PMC-08,Chidinma
15/07/26,PMC,Afternoon,Moniepoint,Prepaid Card,7300,PMC-11,Funke
15/07/26,PMC,Afternoon,GTBank,Loyalty Card,5000,PMC-14,Dayo
15/07/26,PMC,Afternoon,Access Bank,Prepaid Card,7800,PMC-15,Tunde
15/07/26,PMC,Afternoon,Opay,Prepaid Card,8800,PMC-16,Emeka
16/07/26,PMC,Morning,Polaris,Prepaid Card,6100,PMC-01,Chuka
16/07/26,PMC,Morning,Moniepoint,Debit Card,7000,PMC-03,Funke
16/07/26,PMC,Morning,Moniepoint,ID Card,7200,PMC-04,Amaka
16/07/26,PMC,Morning,Opay,Loyalty Card,8900,PMC-05,Tunde
16/07/26,PMC,Morning,Access Bank,Loyalty Card,5500,PMC-08,Emeka
16/07/26,PMC,Morning,Zenith Bank,ID Card,7700,PMC-11,Chidinma
16/07/26,PMC,Morning,Zenith Bank,Loyalty Card,5000,PMC-13,Bola
16/07/26,PMC,Morning,Moniepoint,Debit Card,8700,PMC-14,Dayo
16/07/26,PMC,Morning,Zenith Bank,ID Card,6200,PMC-16,Chuka
16/07/26,PMC,Afternoon,Zenith Bank,Loyalty Card,6900,PMC-01,Amaka
16/07/26,PMC,Afternoon,Polaris,Loyalty Card,5800,PMC-02,Funke
16/07/26,PMC,Afternoon,Opay,Prepaid Card,6900,PMC-03,Chidinma
16/07/26,PMC,Afternoon,Moniepoint,Debit Card,5400,PMC-04,Tunde
16/07/26,PMC,Afternoon,Polaris,Prepaid Card,8700,PMC-06,Bola
16/07/26,PMC,Afternoon,Access Bank,ID Card,7600,PMC-08,Emeka
16/07/26,PMC,Afternoon,GTBank,ID Card,7100,PMC-10,Chuka
16/07/26,PMC,Afternoon,Moniepoint,ID Card,7000,PMC-12,Dayo
16/07/26,PMC,Afternoon,Zenith Bank,Loyalty Card,6400,PMC-13,Amaka
16/07/26,PMC,Afternoon,Access Bank,Prepaid Card,5300,PMC-15,Funke
16/07/26,PMC,Afternoon,Zenith Bank,Loyalty Card,7500,PMC-16,Chidinma
17/07/26,PMC,Morning,Zenith Bank,ID Card,6700,PMC-01,Chidinma
17/07/26,PMC,Morning,Zenith Bank,Debit Card,4400,PMC-02,Funke
17/07/26,PMC,Morning,Opay,Loyalty Card,5600,PMC-03,Dayo
17/07/26,PMC,Morning,GTBank,ID Card,7100,PMC-04,Amaka
17/07/26,PMC,Morning,GTBank,Debit Card,4900,PMC-07,Bola
17/07/26,PMC,Morning,GTBank,Debit Card,4500,PMC-08,Chuka
17/07/26,PMC,Morning,Zenith Bank,Prepaid Card,7800,PMC-09,Tunde
17/07/26,PMC,Morning,GTBank,Prepaid Card,4700,PMC-10,Emeka
17/07/26,PMC,Morning,Zenith Bank,Loyalty Card,5900,PMC-11,Chidinma
17/07/26,PMC,Morning,Opay,Debit Card,5800,PMC-12,Funke
17/07/26,PMC,Morning,Opay,Loyalty Card,7800,PMC-13,Dayo
17/07/26,PMC,Morning,Opay,ID Card,8400,PMC-14,Amaka
17/07/26,PMC,Morning,Access Bank,Loyalty Card,7300,PMC-15,Bola
17/07/26,PMC,Afternoon,Opay,ID Card,8500,PMC-01,Bola
17/07/26,PMC,Afternoon,Zenith Bank,ID Card,5500,PMC-02,Chuka
17/07/26,PMC,Afternoon,GTBank,Prepaid Card,8600,PMC-03,Emeka
17/07/26,PMC,Afternoon,Moniepoint,ID Card,5200,PMC-04,Dayo
17/07/26,PMC,Afternoon,Polaris,ID Card,5700,PMC-06,Funke
17/07/26,PMC,Afternoon,Polaris,Debit Card,5200,PMC-07,Tunde
17/07/26,PMC,Afternoon,Opay,ID Card,4200,PMC-08,Amaka
17/07/26,PMC,Afternoon,Opay,Prepaid Card,6200,PMC-10,Chidinma
17/07/26,PMC,Afternoon,Opay,Loyalty Card,6900,PMC-12,Bola
17/07/26,PMC,Afternoon,Access Bank,ID Card,7000,PMC-13,Chuka
17/07/26,PMC,Afternoon,Access Bank,Loyalty Card,6200,PMC-14,Emeka
17/07/26,PMC,Afternoon,Zenith Bank,ID Card,4500,PMC-15,Dayo
20/07/26,PMC,Morning,Moniepoint,ID Card,5400,PMC-01,Amaka
20/07/26,PMC,Morning,Opay,ID Card,5200,PMC-02,Dayo
20/07/26,PMC,Morning,Moniepoint,Prepaid Card,7400,PMC-03,Bola
20/07/26,PMC,Morning,Zenith Bank,ID Card,7800,PMC-04,Chuka
20/07/26,PMC,Morning,Moniepoint,Loyalty Card,5700,PMC-05,Tunde
20/07/26,PMC,Morning,Access Bank,Debit Card,8500,PMC-07,Chidinma
20/07/26,PMC,Morning,Access Bank,ID Card,5400,PMC-08,Funke
20/07/26,PMC,Morning,GTBank,Prepaid Card,4300,PMC-09,Emeka
20/07/26,PMC,Morning,Moniepoint,ID Card,5400,PMC-10,Amaka
20/07/26,PMC,Morning,GTBank,Debit Card,7600,PMC-12,Dayo
20/07/26,PMC,Morning,Access Bank,ID Card,4100,PMC-13,Bola
20/07/26,PMC,Morning,Polaris,ID Card,5200,PMC-14,Chuka
20/07/26,PMC,Morning,Moniepoint,ID Card,5600,PMC-15,Tunde
20/07/26,PMC,Morning,Access Bank,ID Card,7900,PMC-16,Chidinma
20/07/26,PMC,Afternoon,Moniepoint,ID Card,8100,PMC-01,Dayo
20/07/26,PMC,Afternoon,Polaris,Prepaid Card,4100,PMC-03,Emeka
20/07/26,PMC,Afternoon,GTBank,Debit Card,4600,PMC-05,Amaka
20/07/26,PMC,Afternoon,Zenith Bank,Debit Card,5200,PMC-06,Funke
20/07/26,PMC,Afternoon,Moniepoint,Debit Card,4100,PMC-08,Chuka
20/07/26,PMC,Afternoon,Access Bank,Loyalty Card,6000,PMC-09,Tunde
20/07/26,PMC,Afternoon,Zenith Bank,Debit Card,8600,PMC-10,Chidinma
20/07/26,PMC,Afternoon,Polaris,Debit Card,8200,PMC-12,Bola
20/07/26,PMC,Afternoon,GTBank,ID Card,6400,PMC-15,Dayo
20/07/26,PMC,Afternoon,Polaris,Debit Card,4800,PMC-16,Emeka
21/07/26,PMC,Morning,Access Bank,Loyalty Card,5500,PMC-02,Amaka
21/07/26,PMC,Morning,Zenith Bank,Loyalty Card,8600,PMC-03,Dayo
21/07/26,PMC,Morning,Opay,ID Card,4800,PMC-04,Emeka
21/07/26,PMC,Morning,Access Bank,ID Card,6200,PMC-05,Bola
21/07/26,PMC,Morning,Zenith Bank,Debit Card,4700,PMC-08,Chuka
21/07/26,PMC,Morning,Moniepoint,ID Card,8000,PMC-09,Tunde
21/07/26,PMC,Morning,Access Bank,Prepaid Card,4800,PMC-10,Chidinma
21/07/26,PMC,Morning,Opay,Loyalty Card,6900,PMC-11,Funke
21/07/26,PMC,Morning,Zenith Bank,Debit Card,5200,PMC-12,Amaka
21/07/26,PMC,Morning,Zenith Bank,ID Card,5300,PMC-13,Dayo
21/07/26,PMC,Morning,Zenith Bank,Loyalty Card,7300,PMC-15,Emeka
21/07/26,PMC,Morning,Moniepoint,Prepaid Card,5800,PMC-16,Bola
21/07/26,PMC,Afternoon,Opay,Debit Card,5400,PMC-01,Emeka
21/07/26,PMC,Afternoon,Moniepoint,ID Card,6000,PMC-02,Amaka
21/07/26,PMC,Afternoon,Access Bank,Debit Card,7600,PMC-04,Chidinma
21/07/26,PMC,Afternoon,Zenith Bank,Prepaid Card,6900,PMC-05,Dayo
21/07/26,PMC,Afternoon,Moniepoint,Prepaid Card,4700,PMC-06,Bola
21/07/26,PMC,Afternoon,Polaris,Debit Card,8300,PMC-09,Chuka
21/07/26,PMC,Afternoon,Opay,Prepaid Card,5700,PMC-10,Funke
21/07/26,PMC,Afternoon,Polaris,Prepaid Card,5900,PMC-11,Tunde
21/07/26,PMC,Afternoon,Opay,ID Card,7900,PMC-12,Emeka
21/07/26,PMC,Afternoon,Opay,ID Card,6300,PMC-13,Amaka
21/07/26,PMC,Afternoon,Moniepoint,Debit Card,4800,PMC-14,Chidinma
21/07/26,PMC,Afternoon,GTBank,ID Card,8400,PMC-15,Dayo
21/07/26,PMC,Afternoon,Moniepoint,ID Card,4200,PMC-16,Bola
22/07/26,PMC,Morning,Opay,Debit Card,7200,PMC-03,Bola
22/07/26,PMC,Morning,Moniepoint,ID Card,5000,PMC-04,Amaka
22/07/26,PMC,Morning,GTBank,ID Card,4200,PMC-05,Chidinma
22/07/26,PMC,Morning,Opay,Loyalty Card,9000,PMC-06,Funke
22/07/26,PMC,Morning,Polaris,Loyalty Card,7500,PMC-07,Emeka
22/07/26,PMC,Morning,Moniepoint,ID Card,4100,PMC-09,Dayo
22/07/26,PMC,Morning,GTBank,Loyalty Card,5300,PMC-10,Tunde
22/07/26,PMC,Morning,GTBank,Loyalty Card,6500,PMC-11,Chuka
22/07/26,PMC,Morning,Zenith Bank,Debit Card,6700,PMC-12,Bola
22/07/26,PMC,Morning,Polaris,ID Card,6100,PMC-14,Amaka
22/07/26,PMC,Morning,Opay,Prepaid Card,7900,PMC-15,Chidinma
22/07/26,PMC,Afternoon,Moniepoint,Debit Card,8700,PMC-01,Emeka
22/07/26,PMC,Afternoon,Polaris,Prepaid Card,6600,PMC-03,Dayo
22/07/26,PMC,Afternoon,Zenith Bank,Prepaid Card,8100,PMC-04,Funke
22/07/26,PMC,Afternoon,Moniepoint,Debit Card,6100,PMC-05,Chuka
22/07/26,PMC,Afternoon,Access Bank,Prepaid Card,6400,PMC-06,Tunde
22/07/26,PMC,Afternoon,Polaris,Loyalty Card,7100,PMC-08,Chidinma
22/07/26,PMC,Afternoon,Access Bank,ID Card,7100,PMC-09,Bola
22/07/26,PMC,Afternoon,GTBank,Loyalty Card,5700,PMC-11,Amaka
22/07/26,PMC,Afternoon,Zenith Bank,Loyalty Card,4400,PMC-12,Emeka
22/07/26,PMC,Afternoon,Zenith Bank,Prepaid Card,6800,PMC-13,Dayo
22/07/26,PMC,Afternoon,Zenith Bank,Debit Card,7300,PMC-14,Funke
22/07/26,PMC,Afternoon,Zenith Bank,Debit Card,4200,PMC-15,Chuka
22/07/26,PMC,Afternoon,Zenith Bank,Loyalty Card,8200,PMC-16,Tunde
23/07/26,PMC,Morning,Zenith Bank,Loyalty Card,4000,PMC-01,Tunde
23/07/26,PMC,Morning,Moniepoint,Loyalty Card,8800,PMC-02,Emeka
23/07/26,PMC,Morning,Polaris,Debit Card,6000,PMC-03,Chidinma
23/07/26,PMC,Morning,Polaris,Debit Card,5600,PMC-04,Bola
23/07/26,PMC,Morning,Zenith Bank,Prepaid Card,8200,PMC-05,Chuka
23/07/26,PMC,Morning,Polaris,Prepaid Card,7600,PMC-06,Dayo
23/07/26,PMC,Morning,Zenith Bank,ID Card,7700,PMC-07,Funke
23/07/26,PMC,Morning,Moniepoint,ID Card,8900,PMC-08,Amaka
23/07/26,PMC,Morning,Access Bank,Prepaid Card,7700,PMC-09,Tunde
23/07/26,PMC,Morning,GTBank,Debit Card,5000,PMC-10,Emeka
23/07/26,PMC,Morning,Polaris,Prepaid Card,6900,PMC-11,Chidinma
23/07/26,PMC,Morning,Polaris,Debit Card,8000,PMC-12,Bola
23/07/26,PMC,Morning,Opay,ID Card,6900,PMC-13,Chuka
23/07/26,PMC,Morning,Access Bank,Loyalty Card,6500,PMC-14,Dayo
23/07/26,PMC,Morning,Zenith Bank,Loyalty Card,8700,PMC-15,Funke
23/07/26,PMC,Morning,Opay,Loyalty Card,8200,PMC-16,Amaka
23/07/26,PMC,Afternoon,Moniepoint,Debit Card,6500,PMC-02,Tunde
23/07/26,PMC,Afternoon,Zenith Bank,Prepaid Card,6000,PMC-03,Funke
23/07/26,PMC,Afternoon,Zenith Bank,ID Card,5000,PMC-05,Amaka
23/07/26,PMC,Afternoon,Zenith Bank,ID Card,6500,PMC-06,Bola
23/07/26,PMC,Afternoon,Moniepoint,ID Card,4700,PMC-08,Chuka
23/07/26,PMC,Afternoon,Moniepoint,Prepaid Card,5500,PMC-09,Dayo
23/07/26,PMC,Afternoon,Polaris,Prepaid Card,7800,PMC-11,Chidinma
23/07/26,PMC,Afternoon,GTBank,Loyalty Card,7900,PMC-12,Emeka
23/07/26,PMC,Afternoon,Moniepoint,Loyalty Card,6600,PMC-13,Tunde
23/07/26,PMC,Afternoon,Access Bank,ID Card,4500,PMC-14,Funke
23/07/26,PMC,Afternoon,Zenith Bank,Loyalty Card,7300,PMC-15,Amaka
23/07/26,PMC,Afternoon,Polaris,ID Card,5300,PMC-16,Bola
24/07/26,PMC,Morning,Polaris,Loyalty Card,8800,PMC-01,Tunde
24/07/26,PMC,Morning,Opay,Prepaid Card,8500,PMC-03,Funke
24/07/26,PMC,Morning,GTBank,Debit Card,4300,PMC-07,Chidinma
24/07/26,PMC,Morning,Opay,Prepaid Card,6800,PMC-08,Emeka
24/07/26,PMC,Morning,GTBank,Prepaid Card,6500,PMC-09,Amaka
24/07/26,PMC,Morning,GTBank,Loyalty Card,4500,PMC-10,Chuka
24/07/26,PMC,Morning,Zenith Bank,Debit Card,8200,PMC-11,Bola
24/07/26,PMC,Morning,Moniepoint,ID Card,5300,PMC-12,Dayo
24/07/26,PMC,Morning,GTBank,Loyalty Card,8100,PMC-13,Tunde
24/07/26,PMC,Morning,Zenith Bank,Debit Card,5500,PMC-15,Funke
24/07/26,PMC,Morning,Opay,Debit Card,8700,PMC-16,Chidinma
24/07/26,PMC,Afternoon,Polaris,Loyalty Card,6900,PMC-01,Chidinma
24/07/26,PMC,Afternoon,Access Bank,Prepaid Card,5300,PMC-02,Bola
24/07/26,PMC,Afternoon,Opay,Loyalty Card,8100,PMC-03,Funke
24/07/26,PMC,Afternoon,Moniepoint,Loyalty Card,5900,PMC-06,Emeka
24/07/26,PMC,Afternoon,Opay,Prepaid Card,4300,PMC-08,Tunde
24/07/26,PMC,Afternoon,GTBank,ID Card,4600,PMC-09,Dayo
24/07/26,PMC,Afternoon,Polaris,Debit Card,4700,PMC-10,Chuka
24/07/26,PMC,Afternoon,Polaris,Debit Card,7500,PMC-11,Amaka
24/07/26,PMC,Afternoon,Opay,Loyalty Card,8600,PMC-12,Chidinma
24/07/26,PMC,Afternoon,Access Bank,Debit Card,5600,PMC-13,Bola
24/07/26,PMC,Afternoon,GTBank,ID Card,8700,PMC-16,Funke
27/07/26,PMC,Morning,Zenith Bank,Loyalty Card,6200,PMC-01,Chuka
27/07/26,PMC,Morning,Opay,Loyalty Card,6600,PMC-02,Amaka
27/07/26,PMC,Morning,Moniepoint,ID Card,7400,PMC-03,Tunde
27/07/26,PMC,Morning,Polaris,Prepaid Card,6900,PMC-05,Dayo
27/07/26,PMC,Morning,Moniepoint,Prepaid Card,6600,PMC-06,Funke
27/07/26,PMC,Morning,Opay,Debit Card,6800,PMC-07,Emeka
27/07/26,PMC,Morning,Moniepoint,Loyalty Card,7900,PMC-08,Chidinma
27/07/26,PMC,Morning,Moniepoint,Prepaid Card,5800,PMC-09,Bola
27/07/26,PMC,Morning,Zenith Bank,Prepaid Card,5100,PMC-10,Chuka
27/07/26,PMC,Morning,Moniepoint,ID Card,7900,PMC-12,Amaka
27/07/26,PMC,Morning,Opay,Debit Card,6100,PMC-13,Tunde
27/07/26,PMC,Morning,Zenith Bank,Prepaid Card,4700,PMC-15,Dayo
27/07/26,PMC,Morning,GTBank,Debit Card,6900,PMC-16,Funke
27/07/26,PMC,Afternoon,Access Bank,ID Card,4100,PMC-02,Funke
27/07/26,PMC,Afternoon,Moniepoint,Prepaid Card,8500,PMC-03,Amaka
27/07/26,PMC,Afternoon,Opay,Debit Card,5200,PMC-06,Chuka
27/07/26,PMC,Afternoon,Moniepoint,Prepaid Card,7900,PMC-07,Tunde
27/07/26,PMC,Afternoon,Opay,Loyalty Card,6400,PMC-08,Dayo
27/07/26,PMC,Afternoon,Opay,Prepaid Card,6100,PMC-10,Emeka
27/07/26,PMC,Afternoon,Zenith Bank,Loyalty Card,6200,PMC-11,Bola
27/07/26,PMC,Afternoon,Opay,ID Card,6100,PMC-14,Chidinma
27/07/26,PMC,Afternoon,Polaris,Prepaid Card,8600,PMC-15,Funke
27/07/26,PMC,Afternoon,Polaris,Loyalty Card,8200,PMC-16,Amaka
28/07/26,PMC,Morning,Polaris,ID Card,6900,PMC-01,Tunde
28/07/26,PMC,Morning,Access Bank,Debit Card,4000,PMC-02,Funke
28/07/26,PMC,Morning,Polaris,Loyalty Card,7900,PMC-03,Emeka
28/07/26,PMC,Morning,Zenith Bank,Debit Card,4300,PMC-04,Chidinma
28/07/26,PMC,Morning,Access Bank,Prepaid Card,7100,PMC-05,Amaka
28/07/26,PMC,Morning,Opay,Debit Card,4800,PMC-08,Chuka
28/07/26,PMC,Morning,Opay,Debit Card,7400,PMC-09,Bola
28/07/26,PMC,Morning,Polaris,Debit Card,7600,PMC-10,Dayo
28/07/26,PMC,Morning,Polaris,Prepaid Card,4900,PMC-11,Tunde
28/07/26,PMC,Morning,Polaris,Loyalty Card,6200,PMC-12,Funke
28/07/26,PMC,Morning,Polaris,Prepaid Card,7900,PMC-14,Emeka
28/07/26,PMC,Afternoon,GTBank,Debit Card,8400,PMC-02,Emeka
28/07/26,PMC,Afternoon,Zenith Bank,ID Card,5100,PMC-03,Dayo
28/07/26,PMC,Afternoon,Polaris,Prepaid Card,7300,PMC-05,Funke
28/07/26,PMC,Afternoon,Moniepoint,Loyalty Card,5600,PMC-06,Amaka
28/07/26,PMC,Afternoon,Zenith Bank,Loyalty Card,4500,PMC-07,Chuka
28/07/26,PMC,Afternoon,Zenith Bank,Prepaid Card,8600,PMC-08,Tunde
28/07/26,PMC,Afternoon,Zenith Bank,Prepaid Card,7600,PMC-10,Chidinma
28/07/26,PMC,Afternoon,Moniepoint,Loyalty Card,7500,PMC-12,Bola
28/07/26,PMC,Afternoon,GTBank,Loyalty Card,5600,PMC-13,Emeka
28/07/26,PMC,Afternoon,Access Bank,Loyalty Card,8400,PMC-15,Dayo
29/07/26,PMC,Morning,Access Bank,Loyalty Card,8800,PMC-01,Emeka
29/07/26,PMC,Morning,Zenith Bank,Loyalty Card,8300,PMC-02,Chuka
29/07/26,PMC,Morning,Access Bank,Debit Card,7600,PMC-03,Dayo
29/07/26,PMC,Morning,Opay,Loyalty Card,6400,PMC-04,Bola
29/07/26,PMC,Morning,GTBank,Debit Card,6500,PMC-06,Chidinma
29/07/26,PMC,Morning,GTBank,Debit Card,8500,PMC-08,Tunde
29/07/26,PMC,Morning,Polaris,Loyalty Card,5500,PMC-11,Amaka
29/07/26,PMC,Morning,Polaris,Loyalty Card,5500,PMC-12,Funke
29/07/26,PMC,Morning,Zenith Bank,ID Card,7100,PMC-14,Emeka
29/07/26,PMC,Morning,Polaris,ID Card,6900,PMC-15,Chuka
29/07/26,PMC,Morning,Zenith Bank,Loyalty Card,4400,PMC-16,Dayo
29/07/26,PMC,Afternoon,Polaris,Prepaid Card,7800,PMC-01,Dayo
29/07/26,PMC,Afternoon,Access Bank,Loyalty Card,5900,PMC-03,Emeka
29/07/26,PMC,Afternoon,Polaris,Prepaid Card,6500,PMC-04,Funke
29/07/26,PMC,Afternoon,Access Bank,Prepaid Card,5500,PMC-05,Chidinma
29/07/26,PMC,Afternoon,Opay,Prepaid Card,7300,PMC-06,Chuka
29/07/26,PMC,Afternoon,Polaris,ID Card,6200,PMC-07,Tunde
29/07/26,PMC,Afternoon,Zenith Bank,Debit Card,7600,PMC-10,Amaka
29/07/26,PMC,Afternoon,Polaris,ID Card,7300,PMC-11,Bola
29/07/26,PMC,Afternoon,Polaris,Loyalty Card,7500,PMC-15,Dayo
30/07/26,PMC,Morning,Moniepoint,Debit Card,5000,PMC-01,Bola
30/07/26,PMC,Morning,GTBank,Loyalty Card,8200,PMC-02,Dayo
30/07/26,PMC,Morning,Opay,Loyalty Card,6200,PMC-03,Amaka
30/07/26,PMC,Morning,Opay,Loyalty Card,8500,PMC-05,Tunde
30/07/26,PMC,Morning,Zenith Bank,Loyalty Card,4100,PMC-06,Emeka
30/07/26,PMC,Morning,GTBank,Debit Card,6300,PMC-07,Chidinma
30/07/26,PMC,Morning,Moniepoint,Loyalty Card,6400,PMC-09,Chuka
30/07/26,PMC,Morning,GTBank,Debit Card,5300,PMC-10,Funke
30/07/26,PMC,Morning,Opay,Debit Card,8300,PMC-11,Bola
30/07/26,PMC,Morning,Access Bank,Prepaid Card,4400,PMC-12,Dayo
30/07/26,PMC,Morning,Polaris,Prepaid Card,6300,PMC-13,Amaka
30/07/26,PMC,Morning,Polaris,Loyalty Card,5200,PMC-14,Tunde
30/07/26,PMC,Morning,Access Bank,Prepaid Card,4400,PMC-15,Emeka
30/07/26,PMC,Morning,Zenith Bank,Debit Card,4200,PMC-16,Chidinma
30/07/26,PMC,Afternoon,Opay,Debit Card,8900,PMC-01,Bola
30/07/26,PMC,Afternoon,Zenith Bank,Prepaid Card,4300,PMC-02,Tunde
30/07/26,PMC,Afternoon,Moniepoint,Debit Card,7800,PMC-03,Chuka
30/07/26,PMC,Afternoon,Zenith Bank,Prepaid Card,5800,PMC-04,Dayo
30/07/26,PMC,Afternoon,Access Bank,Debit Card,4700,PMC-05,Amaka
30/07/26,PMC,Afternoon,Zenith Bank,Prepaid Card,5100,PMC-07,Emeka
30/07/26,PMC,Afternoon,Moniepoint,Prepaid Card,7000,PMC-09,Funke
30/07/26,PMC,Afternoon,GTBank,ID Card,7700,PMC-12,Chidinma
30/07/26,PMC,Afternoon,Polaris,Prepaid Card,8500,PMC-13,Bola
30/07/26,PMC,Afternoon,Access Bank,ID Card,4900,PMC-14,Tunde
30/07/26,PMC,Afternoon,Access Bank,ID Card,7400,PMC-15,Chuka
30/07/26,PMC,Afternoon,Access Bank,Loyalty Card,4200,PMC-16,Dayo
31/07/26,PMC,Morning,GTBank,ID Card,5100,PMC-01,Tunde
31/07/26,PMC,Morning,GTBank,ID Card,5600,PMC-02,Bola
31/07/26,PMC,Morning,Moniepoint,Debit Card,8400,PMC-03,Chidinma
31/07/26,PMC,Morning,GTBank,ID Card,4200,PMC-04,Emeka
31/07/26,PMC,Morning,Polaris,Prepaid Card,8700,PMC-05,Chuka
31/07/26,PMC,Morning,Polaris,Prepaid Card,5300,PMC-06,Funke
31/07/26,PMC,Morning,Polaris,Loyalty Card,4500,PMC-08,Dayo
31/07/26,PMC,Morning,Polaris,Prepaid Card,8100,PMC-09,Amaka
31/07/26,PMC,Morning,Opay,ID Card,5600,PMC-10,Tunde
31/07/26,PMC,Morning,Access Bank,Debit Card,6000,PMC-12,Bola
31/07/26,PMC,Morning,Moniepoint,Prepaid Card,8200,PMC-13,Chidinma
31/07/26,PMC,Morning,Zenith Bank,Debit Card,7600,PMC-14,Emeka
31/07/26,PMC,Morning,Polaris,Loyalty Card,7500,PMC-15,Chuka
31/07/26,PMC,Afternoon,Moniepoint,Debit Card,8100,PMC-01,Chidinma
31/07/26,PMC,Afternoon,Access Bank,Debit Card,6500,PMC-02,Emeka
31/07/26,PMC,Afternoon,Opay,Debit Card,8300,PMC-04,Amaka
31/07/26,PMC,Afternoon,Access Bank,Prepaid Card,5800,PMC-07,Chuka
31/07/26,PMC,Afternoon,Access Bank,ID Card,5800,PMC-08,Dayo
31/07/26,PMC,Afternoon,Opay,Debit Card,7300,PMC-10,Tunde
31/07/26,PMC,Afternoon,Moniepoint,ID Card,6100,PMC-11,Funke
31/07/26,PMC,Afternoon,Zenith Bank,Debit Card,5400,PMC-12,Bola
31/07/26,PMC,Afternoon,Opay,Loyalty Card,6000,PMC-13,Chidinma
31/07/26,PMC,Afternoon,GTBank,Loyalty Card,5000,PMC-14,Emeka
31/07/26,PMC,Afternoon,Polaris,Loyalty Card,4900,PMC-15,Amaka
31/07/26,PMC,Afternoon,GTBank,Prepaid Card,8300,PMC-16,Chuka
03/08/26,PMC,Morning,Zenith Bank,Prepaid Card,7400,PMC-01,Dayo
03/08/26,PMC,Morning,Zenith Bank,Debit Card,5000,PMC-03,Emeka
03/08/26,PMC,Morning,Opay,ID Card,7800,PMC-04,Bola
03/08/26,PMC,Morning,Polaris,Debit Card,8800,PMC-05,Tunde
03/08/26,PMC,Morning,Moniepoint,Loyalty Card,7900,PMC-06,Funke
03/08/26,PMC,Morning,Moniepoint,ID Card,6400,PMC-08,Chidinma
03/08/26,PMC,Morning,GTBank,Debit Card,7500,PMC-09,Chuka
03/08/26,PMC,Morning,GTBank,Debit Card,8000,PMC-10,Amaka
03/08/26,PMC,Morning,GTBank,Loyalty Card,6700,PMC-11,Dayo
03/08/26,PMC,Morning,Polaris,Prepaid Card,4400,PMC-12,Emeka
03/08/26,PMC,Morning,Moniepoint,Prepaid Card,8700,PMC-13,Bola
03/08/26,PMC,Morning,Opay,Debit Card,4500,PMC-15,Tunde
03/08/26,PMC,Morning,Moniepoint,Loyalty Card,7700,PMC-16,Funke
03/08/26,PMC,Afternoon,Opay,Debit Card,7900,PMC-01,Funke
03/08/26,PMC,Afternoon,Zenith Bank,Prepaid Card,6000,PMC-02,Emeka
03/08/26,PMC,Afternoon,Moniepoint,Debit Card,7100,PMC-03,Tunde
03/08/26,PMC,Afternoon,Access Bank,ID Card,8800,PMC-05,Dayo
03/08/26,PMC,Afternoon,GTBank,ID Card,8600,PMC-06,Amaka
03/08/26,PMC,Afternoon,Polaris,Prepaid Card,7600,PMC-07,Chuka
03/08/26,PMC,Afternoon,Moniepoint,Debit Card,7300,PMC-08,Bola
03/08/26,PMC,Afternoon,Opay,Prepaid Card,5500,PMC-09,Chidinma
03/08/26,PMC,Afternoon,Opay,ID Card,7500,PMC-10,Funke
03/08/26,PMC,Afternoon,Moniepoint,Debit Card,7700,PMC-11,Emeka
03/08/26,PMC,Afternoon,Polaris,Prepaid Card,4500,PMC-12,Tunde
03/08/26,PMC,Afternoon,Moniepoint,Loyalty Card,7400,PMC-15,Dayo
03/08/26,PMC,Afternoon,Polaris,Prepaid Card,7800,PMC-16,Amaka
04/08/26,PMC,Morning,Access Bank,Loyalty Card,7200,PMC-01,Funke
04/08/26,PMC,Morning,GTBank,Debit Card,8000,PMC-02,Chidinma
04/08/26,PMC,Morning,Opay,Loyalty Card,8400,PMC-03,Emeka
04/08/26,PMC,Morning,Access Bank,Loyalty Card,5000,PMC-05,Bola
04/08/26,PMC,Morning,GTBank,Prepaid Card,7000,PMC-06,Tunde
04/08/26,PMC,Morning,Opay,Debit Card,8600,PMC-07,Amaka
04/08/26,PMC,Morning,Zenith Bank,ID Card,4400,PMC-08,Dayo
04/08/26,PMC,Morning,Polaris,ID Card,5200,PMC-09,Chuka
04/08/26,PMC,Morning,Zenith Bank,ID Card,5400,PMC-12,Funke
04/08/26,PMC,Morning,Access Bank,Loyalty Card,6900,PMC-13,Chidinma
04/08/26,PMC,Morning,Opay,Loyalty Card,8200,PMC-15,Emeka
04/08/26,PMC,Morning,Moniepoint,Loyalty Card,7100,PMC-16,Bola
04/08/26,PMC,Afternoon,Zenith Bank,Debit Card,8900,PMC-01,Dayo
04/08/26,PMC,Afternoon,Access Bank,Loyalty Card,7000,PMC-04,Chuka
04/08/26,PMC,Afternoon,Polaris,Prepaid Card,5400,PMC-05,Chidinma
04/08/26,PMC,Afternoon,Opay,Loyalty Card,6900,PMC-06,Bola
04/08/26,PMC,Afternoon,Polaris,ID Card,5100,PMC-09,Emeka
04/08/26,PMC,Afternoon,Opay,Prepaid Card,4300,PMC-10,Amaka
04/08/26,PMC,Afternoon,Moniepoint,Debit Card,5200,PMC-11,Tunde
04/08/26,PMC,Afternoon,Access Bank,ID Card,5800,PMC-12,Funke
04/08/26,PMC,Afternoon,Opay,ID Card,5600,PMC-13,Dayo
04/08/26,PMC,Afternoon,Moniepoint,ID Card,7900,PMC-14,Chuka
04/08/26,PMC,Afternoon,Opay,Loyalty Card,7100,PMC-15,Chidinma
04/08/26,PMC,Afternoon,Access Bank,Prepaid Card,6000,PMC-16,Bola
05/08/26,PMC,Morning,GTBank,Loyalty Card,5000,PMC-01,Funke
05/08/26,PMC,Morning,Access Bank,Loyalty Card,7400,PMC-06,Emeka
05/08/26,PMC,Morning,Polaris,Loyalty Card,4100,PMC-08,Chuka
05/08/26,PMC,Morning,Access Bank,Loyalty Card,4600,PMC-09,Dayo
05/08/26,PMC,Morning,Zenith Bank,Debit Card,5800,PMC-10,Bola
05/08/26,PMC,Morning,Moniepoint,Prepaid Card,8500,PMC-11,Amaka
05/08/26,PMC,Morning,GTBank,Prepaid Card,7200,PMC-12,Chidinma
05/08/26,PMC,Morning,Opay,Debit Card,7400,PMC-13,Tunde
05/08/26,PMC,Morning,Moniepoint,Prepaid Card,8100,PMC-14,Funke
05/08/26,PMC,Morning,Polaris,Loyalty Card,7500,PMC-16,Emeka
05/08/26,PMC,Afternoon,Zenith Bank,Loyalty Card,8900,PMC-03,Amaka
05/08/26,PMC,Afternoon,GTBank,Loyalty Card,6700,PMC-05,Chidinma
05/08/26,PMC,Afternoon,GTBank,ID Card,6400,PMC-08,Tunde
05/08/26,PMC,Afternoon,GTBank,Prepaid Card,5900,PMC-09,Chuka
05/08/26,PMC,Afternoon,Zenith Bank,Debit Card,4600,PMC-11,Bola
05/08/26,PMC,Afternoon,GTBank,ID Card,6200,PMC-12,Funke
05/08/26,PMC,Afternoon,Polaris,Loyalty Card,5300,PMC-13,Emeka
05/08/26,PMC,Afternoon,Moniepoint,Loyalty Card,8500,PMC-14,Dayo
05/08/26,PMC,Afternoon,Moniepoint,Prepaid Card,7700,PMC-16,Amaka
06/08/26,PMC,Morning,Polaris,ID Card,7000,PMC-02,Chidinma
06/08/26,PMC,Morning,Opay,Prepaid Card,7000,PMC-03,Tunde
06/08/26,PMC,Morning,Zenith Bank,Debit Card,4400,PMC-05,Amaka
06/08/26,PMC,Morning,Zenith Bank,ID Card,6200,PMC-06,Bola
06/08/26,PMC,Morning,Zenith Bank,Loyalty Card,7300,PMC-07,Funke
06/08/26,PMC,Morning,Polaris,Prepaid Card,8200,PMC-08,Emeka
06/08/26,PMC,Morning,Access Bank,Loyalty Card,8700,PMC-09,Dayo
06/08/26,PMC,Morning,Opay,Debit Card,7400,PMC-10,Chuka
06/08/26,PMC,Morning,Polaris,Debit Card,6700,PMC-11,Chidinma
06/08/26,PMC,Morning,Moniepoint,Debit Card,4000,PMC-12,Tunde
06/08/26,PMC,Morning,Access Bank,Loyalty Card,7900,PMC-13,Amaka
06/08/26,PMC,Morning,Access Bank,Prepaid Card,8600,PMC-14,Bola
06/08/26,PMC,Morning,Access Bank,Debit Card,7100,PMC-15,Funke
06/08/26,PMC,Morning,Moniepoint,Loyalty Card,7000,PMC-16,Emeka
06/08/26,PMC,Afternoon,Opay,ID Card,4900,PMC-01,Funke
06/08/26,PMC,Afternoon,Zenith Bank,Loyalty Card,8100,PMC-02,Tunde
06/08/26,PMC,Afternoon,Polaris,ID Card,8500,PMC-03,Bola
06/08/26,PMC,Afternoon,Access Bank,ID Card,5900,PMC-05,Chidinma
06/08/26,PMC,Afternoon,GTBank,Loyalty Card,4800,PMC-07,Emeka
06/08/26,PMC,Afternoon,Polaris,Prepaid Card,7000,PMC-08,Chuka
06/08/26,PMC,Afternoon,Moniepoint,Prepaid Card,7900,PMC-09,Dayo
06/08/26,PMC,Afternoon,Access Bank,ID Card,6400,PMC-10,Amaka
06/08/26,PMC,Afternoon,Opay,ID Card,8300,PMC-11,Funke
06/08/26,PMC,Afternoon,Polaris,Prepaid Card,5400,PMC-12,Tunde
06/08/26,PMC,Afternoon,Opay,Prepaid Card,8700,PMC-13,Bola
06/08/26,PMC,Afternoon,Polaris,Prepaid Card,5300,PMC-14,Chidinma
06/08/26,PMC,Afternoon,Polaris,Prepaid Card,8800,PMC-15,Emeka
06/08/26,PMC,Afternoon,Opay,Prepaid Card,8600,PMC-16,Chuka
07/08/26,PMC,Morning,Moniepoint,Debit Card,8000,PMC-01,Tunde
07/08/26,PMC,Morning,Polaris,Loyalty Card,4500,PMC-02,Bola
07/08/26,PMC,Morning,Zenith Bank,Loyalty Card,8800,PMC-03,Chidinma
07/08/26,PMC,Morning,Polaris,Prepaid Card,5800,PMC-04,Amaka
07/08/26,PMC,Morning,Access Bank,Debit Card,7400,PMC-05,Chuka
07/08/26,PMC,Morning,Access Bank,ID Card,4200,PMC-06,Dayo
07/08/26,PMC,Morning,Moniepoint,Debit Card,6700,PMC-07,Emeka
07/08/26,PMC,Morning,Access Bank,ID Card,8000,PMC-08,Funke
07/08/26,PMC,Morning,GTBank,Loyalty Card,5600,PMC-09,Tunde
07/08/26,PMC,Morning,Zenith Bank,Debit Card,7400,PMC-10,Bola
07/08/26,PMC,Morning,Polaris,Debit Card,4700,PMC-11,Chidinma
07/08/26,PMC,Morning,GTBank,ID Card,8700,PMC-12,Amaka
07/08/26,PMC,Morning,GTBank,Debit Card,7000,PMC-13,Chuka
07/08/26,PMC,Morning,Opay,Debit Card,8700,PMC-14,Dayo
07/08/26,PMC,Morning,GTBank,ID Card,6300,PMC-15,Emeka
07/08/26,PMC,Afternoon,Polaris,Prepaid Card,7500,PMC-02,Tunde
07/08/26,PMC,Afternoon,Zenith Bank,Loyalty Card,8500,PMC-03,Bola
07/08/26,PMC,Afternoon,GTBank,Loyalty Card,6600,PMC-05,Emeka
07/08/26,PMC,Afternoon,Zenith Bank,Loyalty Card,6900,PMC-06,Dayo
07/08/26,PMC,Afternoon,Moniepoint,Loyalty Card,7900,PMC-08,Chuka
07/08/26,PMC,Afternoon,Zenith Bank,Prepaid Card,7800,PMC-09,Amaka
07/08/26,PMC,Afternoon,Zenith Bank,Prepaid Card,6700,PMC-10,Funke
07/08/26,PMC,Afternoon,Zenith Bank,ID Card,5700,PMC-11,Chidinma
07/08/26,PMC,Afternoon,Moniepoint,Prepaid Card,8000,PMC-13,Tunde
07/08/26,PMC,Afternoon,Moniepoint,Loyalty Card,4900,PMC-14,Bola
07/08/26,PMC,Afternoon,Zenith Bank,Debit Card,8100,PMC-15,Emeka
10/08/26,PMC,Morning,Opay,Prepaid Card,7300,PMC-01,Chidinma
10/08/26,PMC,Morning,Moniepoint,Debit Card,5500,PMC-03,Amaka
10/08/26,PMC,Morning,Access Bank,Loyalty Card,8900,PMC-04,Funke
10/08/26,PMC,Morning,Opay,Loyalty Card,5200,PMC-05,Tunde
10/08/26,PMC,Morning,Opay,Loyalty Card,6100,PMC-06,Dayo
10/08/26,PMC,Morning,Access Bank,ID Card,8000,PMC-07,Bola
10/08/26,PMC,Morning,Zenith Bank,ID Card,8400,PMC-08,Chuka
10/08/26,PMC,Morning,Moniepoint,Debit Card,5700,PMC-10,Emeka
10/08/26,PMC,Morning,GTBank,Debit Card,6900,PMC-12,Chidinma
10/08/26,PMC,Morning,Moniepoint,Debit Card,5000,PMC-14,Amaka
10/08/26,PMC,Morning,Polaris,Prepaid Card,7000,PMC-15,Funke
10/08/26,PMC,Afternoon,Moniepoint,Loyalty Card,7600,PMC-01,Emeka
10/08/26,PMC,Afternoon,GTBank,Debit Card,5900,PMC-02,Chuka
10/08/26,PMC,Afternoon,Moniepoint,Prepaid Card,7400,PMC-03,Funke
10/08/26,PMC,Afternoon,Polaris,ID Card,8200,PMC-04,Bola
10/08/26,PMC,Afternoon,Moniepoint,Prepaid Card,8800,PMC-05,Dayo
10/08/26,PMC,Afternoon,GTBank,Debit Card,6200,PMC-06,Amaka
10/08/26,PMC,Afternoon,GTBank,ID Card,7800,PMC-08,Tunde
10/08/26,PMC,Afternoon,Opay,Prepaid Card,4900,PMC-11,Chidinma
10/08/26,PMC,Afternoon,Moniepoint,ID Card,5300,PMC-12,Emeka
10/08/26,PMC,Afternoon,Polaris,Debit Card,5000,PMC-13,Chuka
10/08/26,PMC,Afternoon,Moniepoint,Prepaid Card,5300,PMC-14,Funke
10/08/26,PMC,Afternoon,Zenith Bank,Loyalty Card,7400,PMC-15,Bola
10/08/26,PMC,Afternoon,Polaris,Prepaid Card,6800,PMC-16,Dayo
11/08/26,PMC,Morning,GTBank,Prepaid Card,4700,PMC-01,Funke
11/08/26,PMC,Morning,Polaris,ID Card,5300,PMC-02,Emeka
11/08/26,PMC,Morning,Zenith Bank,ID Card,4500,PMC-03,Tunde
11/08/26,PMC,Morning,Moniepoint,Debit Card,6800,PMC-04,Amaka
11/08/26,PMC,Morning,GTBank,Debit Card,4900,PMC-05,Chidinma
11/08/26,PMC,Morning,Zenith Bank,Loyalty Card,8900,PMC-06,Chuka
11/08/26,PMC,Morning,Access Bank,Prepaid Card,5600,PMC-08,Bola
11/08/26,PMC,Morning,Moniepoint,ID Card,8800,PMC-10,Dayo
11/08/26,PMC,Morning,Zenith Bank,Debit Card,6800,PMC-12,Funke
11/08/26,PMC,Morning,Zenith Bank,Loyalty Card,5000,PMC-13,Emeka
11/08/26,PMC,Morning,Zenith Bank,Prepaid Card,4800,PMC-14,Tunde
11/08/26,PMC,Morning,Zenith Bank,Prepaid Card,7700,PMC-16,Amaka
11/08/26,PMC,Afternoon,Zenith Bank,ID Card,7200,PMC-02,Amaka
11/08/26,PMC,Afternoon,GTBank,Prepaid Card,4700,PMC-03,Chidinma
11/08/26,PMC,Afternoon,Polaris,Debit Card,6000,PMC-04,Chuka
11/08/26,PMC,Afternoon,Opay,Loyalty Card,6200,PMC-05,Tunde
11/08/26,PMC,Afternoon,Access Bank,Loyalty Card,4900,PMC-06,Funke
11/08/26,PMC,Afternoon,Opay,Debit Card,6300,PMC-07,Bola
11/08/26,PMC,Afternoon,Moniepoint,Prepaid Card,4600,PMC-08,Dayo
11/08/26,PMC,Afternoon,Polaris,Loyalty Card,9000,PMC-09,Emeka
11/08/26,PMC,Afternoon,Access Bank,ID Card,9000,PMC-11,Amaka
11/08/26,PMC,Afternoon,Zenith Bank,ID Card,8600,PMC-16,Chidinma
12/08/26,PMC,Morning,Opay,Prepaid Card,5500,PMC-03,Funke
12/08/26,PMC,Morning,Zenith Bank,Loyalty Card,8600,PMC-04,Amaka
12/08/26,PMC,Morning,GTBank,Prepaid Card,4500,PMC-05,Emeka
12/08/26,PMC,Morning,Zenith Bank,ID Card,6400,PMC-06,Bola
12/08/26,PMC,Morning,Moniepoint,ID Card,4600,PMC-07,Dayo
12/08/26,PMC,Morning,Opay,Debit Card,6600,PMC-08,Chidinma
12/08/26,PMC,Morning,Access Bank,ID Card,5300,PMC-09,Tunde
12/08/26,PMC,Morning,Access Bank,Prepaid Card,5300,PMC-10,Chuka
12/08/26,PMC,Morning,Opay,Loyalty Card,5300,PMC-11,Funke
12/08/26,PMC,Morning,Polaris,Loyalty Card,4400,PMC-12,Amaka
12/08/26,PMC,Morning,Access Bank,Prepaid Card,8100,PMC-14,Emeka
12/08/26,PMC,Afternoon,Polaris,Loyalty Card,7700,PMC-01,Tunde
12/08/26,PMC,Afternoon,Zenith Bank,Prepaid Card,8500,PMC-03,Amaka
12/08/26,PMC,Afternoon,Opay,ID Card,5100,PMC-04,Chuka
12/08/26,PMC,Afternoon,Opay,Prepaid Card,5600,PMC-06,Chidinma
12/08/26,PMC,Afternoon,Polaris,ID Card,8400,PMC-07,Emeka
12/08/26,PMC,Afternoon,Opay,Loyalty Card,4300,PMC-08,Funke
12/08/26,PMC,Afternoon,Opay,Loyalty Card,4400,PMC-09,Dayo
12/08/26,PMC,Afternoon,GTBank,Prepaid Card,4300,PMC-10,Bola
12/08/26,PMC,Afternoon,Moniepoint,Loyalty Card,5000,PMC-11,Tunde
12/08/26,PMC,Afternoon,Access Bank,Loyalty Card,8000,PMC-13,Amaka
12/08/26,PMC,Afternoon,Access Bank,Prepaid Card,7500,PMC-14,Chuka
13/08/26,PMC,Morning,Opay,Loyalty Card,6900,PMC-01,Bola
13/08/26,PMC,Morning,GTBank,ID Card,7500,PMC-02,Amaka
13/08/26,PMC,Morning,Opay,Debit Card,6600,PMC-03,Dayo
13/08/26,PMC,Morning,Zenith Bank,Loyalty Card,7100,PMC-04,Funke
13/08/26,PMC,Morning,Moniepoint,Debit Card,8100,PMC-05,Tunde
13/08/26,PMC,Morning,Access Bank,ID Card,7900,PMC-06,Chuka
13/08/26,PMC,Morning,Zenith Bank,ID Card,8400,PMC-07,Emeka
13/08/26,PMC,Morning,Opay,Loyalty Card,8400,PMC-08,Chidinma
13/08/26,PMC,Morning,Moniepoint,Loyalty Card,6400,PMC-09,Bola
13/08/26,PMC,Morning,Zenith Bank,Loyalty Card,8700,PMC-10,Amaka
13/08/26,PMC,Morning,Moniepoint,Prepaid Card,7200,PMC-11,Dayo
13/08/26,PMC,Morning,Polaris,Loyalty Card,7600,PMC-12,Funke
13/08/26,PMC,Morning,Access Bank,Prepaid Card,4100,PMC-13,Tunde
13/08/26,PMC,Morning,Zenith Bank,ID Card,6100,PMC-15,Chuka
13/08/26,PMC,Morning,Polaris,Debit Card,6000,PMC-16,Emeka
13/08/26,PMC,Afternoon,Opay,ID Card,6300,PMC-04,Emeka
13/08/26,PMC,Afternoon,Moniepoint,Prepaid Card,6800,PMC-05,Chuka
13/08/26,PMC,Afternoon,GTBank,ID Card,5400,PMC-06,Amaka
13/08/26,PMC,Afternoon,Access Bank,Loyalty Card,6900,PMC-07,Tunde
13/08/26,PMC,Afternoon,Polaris,Loyalty Card,4300,PMC-08,Dayo
13/08/26,PMC,Afternoon,Opay,Debit Card,5800,PMC-09,Bola
13/08/26,PMC,Afternoon,Opay,ID Card,5000,PMC-10,Chidinma
13/08/26,PMC,Afternoon,Access Bank,Prepaid Card,7400,PMC-11,Funke
13/08/26,PMC,Afternoon,Polaris,Debit Card,5200,PMC-12,Emeka
13/08/26,PMC,Afternoon,Moniepoint,Loyalty Card,7000,PMC-13,Chuka
13/08/26,PMC,Afternoon,Polaris,ID Card,8900,PMC-15,Amaka
13/08/26,PMC,Afternoon,Moniepoint,Loyalty Card,7800,PMC-16,Tunde
14/08/26,PMC,Morning,Zenith Bank,ID Card,5300,PMC-01,Chuka
14/08/26,PMC,Morning,GTBank,Loyalty Card,5900,PMC-02,Dayo
14/08/26,PMC,Morning,GTBank,Prepaid Card,6900,PMC-03,Amaka
14/08/26,PMC,Morning,Polaris,ID Card,6000,PMC-04,Tunde
14/08/26,PMC,Morning,Moniepoint,Prepaid Card,4000,PMC-05,Chidinma
14/08/26,PMC,Morning,Access Bank,Debit Card,5300,PMC-07,Bola
14/08/26,PMC,Morning,GTBank,ID Card,8900,PMC-09,Emeka
14/08/26,PMC,Morning,Zenith Bank,ID Card,7700,PMC-10,Funke
14/08/26,PMC,Morning,GTBank,Prepaid Card,4700,PMC-11,Chuka
14/08/26,PMC,Morning,Access Bank,ID Card,8800,PMC-12,Dayo
14/08/26,PMC,Morning,Opay,Prepaid Card,7000,PMC-13,Amaka
14/08/26,PMC,Morning,GTBank,ID Card,7000,PMC-15,Tunde
14/08/26,PMC,Afternoon,Access Bank,Debit Card,5300,PMC-03,Chuka
14/08/26,PMC,Afternoon,Access Bank,Loyalty Card,5200,PMC-04,Tunde
14/08/26,PMC,Afternoon,Zenith Bank,Prepaid Card,6000,PMC-06,Funke
14/08/26,PMC,Afternoon,Opay,ID Card,7300,PMC-07,Dayo
14/08/26,PMC,Afternoon,GTBank,Loyalty Card,8300,PMC-09,Amaka
14/08/26,PMC,Afternoon,Zenith Bank,Prepaid Card,4900,PMC-10,Bola
14/08/26,PMC,Afternoon,Polaris,Prepaid Card,5100,PMC-11,Emeka
14/08/26,PMC,Afternoon,Zenith Bank,Loyalty Card,7500,PMC-12,Chidinma
14/08/26,PMC,Afternoon,GTBank,Loyalty Card,4100,PMC-15,Chuka
17/08/26,PMC,Morning,Moniepoint,Loyalty Card,9000,PMC-01,Tunde
17/08/26,PMC,Morning,Zenith Bank,Debit Card,8700,PMC-02,Emeka
17/08/26,PMC,Morning,Moniepoint,Prepaid Card,7300,PMC-04,Dayo
17/08/26,PMC,Morning,Moniepoint,ID Card,7600,PMC-05,Bola
17/08/26,PMC,Morning,Polaris,Prepaid Card,6300,PMC-06,Amaka
17/08/26,PMC,Morning,Opay,ID Card,8600,PMC-07,Funke
17/08/26,PMC,Morning,Moniepoint,Prepaid Card,6200,PMC-08,Chidinma
17/08/26,PMC,Morning,Zenith Bank,ID Card,8100,PMC-09,Chuka
17/08/26,PMC,Morning,Access Bank,Loyalty Card,4700,PMC-10,Tunde
17/08/26,PMC,Morning,Polaris,Loyalty Card,8800,PMC-11,Emeka
17/08/26,PMC,Morning,Access Bank,Prepaid Card,7500,PMC-12,Dayo
17/08/26,PMC,Morning,Access Bank,Prepaid Card,6900,PMC-14,Bola
17/08/26,PMC,Morning,Access Bank,ID Card,5700,PMC-16,Amaka
17/08/26,PMC,Afternoon,GTBank,ID Card,6900,PMC-01,Chidinma
17/08/26,PMC,Afternoon,Opay,ID Card,4600,PMC-06,Dayo
17/08/26,PMC,Afternoon,Polaris,Debit Card,6100,PMC-07,Bola
17/08/26,PMC,Afternoon,Zenith Bank,ID Card,5900,PMC-08,Funke
17/08/26,PMC,Afternoon,Opay,ID Card,8300,PMC-09,Amaka
17/08/26,PMC,Afternoon,Moniepoint,Loyalty Card,6800,PMC-10,Tunde
17/08/26,PMC,Afternoon,Zenith Bank,Debit Card,5900,PMC-12,Emeka
17/08/26,PMC,Afternoon,GTBank,Prepaid Card,6500,PMC-13,Chuka
17/08/26,PMC,Afternoon,GTBank,Loyalty Card,8900,PMC-14,Chidinma
17/08/26,PMC,Afternoon,GTBank,Loyalty Card,6300,PMC-15,Dayo
18/08/26,PMC,Morning,GTBank,Prepaid Card,7200,PMC-01,Tunde
18/08/26,PMC,Morning,Moniepoint,ID Card,8600,PMC-02,Bola
18/08/26,PMC,Morning,Zenith Bank,Debit Card,6000,PMC-03,Chuka
18/08/26,PMC,Morning,Polaris,Loyalty Card,4900,PMC-04,Emeka
18/08/26,PMC,Morning,Polaris,Prepaid Card,7300,PMC-05,Chidinma
18/08/26,PMC,Morning,Access Bank,ID Card,8500,PMC-06,Amaka
18/08/26,PMC,Morning,Zenith Bank,Prepaid Card,5600,PMC-07,Dayo
18/08/26,PMC,Morning,Moniepoint,ID Card,4700,PMC-08,Funke
18/08/26,PMC,Morning,GTBank,Prepaid Card,7800,PMC-09,Tunde
18/08/26,PMC,Morning,GTBank,Loyalty Card,7400,PMC-11,Bola
18/08/26,PMC,Morning,GTBank,ID Card,4800,PMC-12,Chuka
18/08/26,PMC,Morning,Zenith Bank,Prepaid Card,6300,PMC-13,Emeka
18/08/26,PMC,Morning,GTBank,Prepaid Card,5300,PMC-14,Chidinma
18/08/26,PMC,Morning,Access Bank,Prepaid Card,8600,PMC-15,Amaka
18/08/26,PMC,Morning,Opay,Loyalty Card,5900,PMC-16,Dayo
18/08/26,PMC,Afternoon,Zenith Bank,ID Card,5300,PMC-01,Chidinma
18/08/26,PMC,Afternoon,Moniepoint,ID Card,8800,PMC-03,Bola
18/08/26,PMC,Afternoon,Zenith Bank,Loyalty Card,5200,PMC-04,Funke
18/08/26,PMC,Afternoon,Zenith Bank,ID Card,8700,PMC-05,Emeka
18/08/26,PMC,Afternoon,GTBank,Debit Card,6000,PMC-09,Tunde
18/08/26,PMC,Afternoon,Opay,Debit Card,4300,PMC-10,Dayo
18/08/26,PMC,Afternoon,Opay,Loyalty Card,4100,PMC-11,Chuka
18/08/26,PMC,Afternoon,Moniepoint,Debit Card,6400,PMC-12,Amaka
18/08/26,PMC,Afternoon,Moniepoint,Loyalty Card,8800,PMC-14,Chidinma
18/08/26,PMC,Afternoon,GTBank,Debit Card,4700,PMC-15,Bola
18/08/26,PMC,Afternoon,Access Bank,Prepaid Card,8700,PMC-16,Funke
19/08/26,PMC,Morning,Opay,Debit Card,5100,PMC-02,Chuka
19/08/26,PMC,Morning,Zenith Bank,Prepaid Card,5000,PMC-03,Dayo
19/08/26,PMC,Morning,Moniepoint,Debit Card,5600,PMC-04,Tunde
19/08/26,PMC,Morning,Zenith Bank,Prepaid Card,6400,PMC-05,Amaka
19/08/26,PMC,Morning,Moniepoint,Loyalty Card,7700,PMC-07,Funke
19/08/26,PMC,Morning,Polaris,Debit Card,8700,PMC-08,Chidinma
19/08/26,PMC,Morning,Zenith Bank,ID Card,7200,PMC-09,Emeka
19/08/26,PMC,Morning,Moniepoint,ID Card,6200,PMC-10,Bola
19/08/26,PMC,Morning,Access Bank,ID Card,4400,PMC-11,Chuka
19/08/26,PMC,Morning,Opay,Loyalty Card,4700,PMC-12,Dayo
19/08/26,PMC,Morning,Opay,Prepaid Card,5900,PMC-13,Tunde
19/08/26,PMC,Morning,Zenith Bank,Prepaid Card,7000,PMC-14,Amaka
19/08/26,PMC,Morning,Zenith Bank,Prepaid Card,4600,PMC-15,Funke
19/08/26,PMC,Morning,Moniepoint,Loyalty Card,8000,PMC-16,Chidinma
19/08/26,PMC,Afternoon,Zenith Bank,Prepaid Card,8000,PMC-01,Amaka
19/08/26,PMC,Afternoon,Zenith Bank,Loyalty Card,4400,PMC-03,Funke
19/08/26,PMC,Afternoon,Access Bank,Loyalty Card,5800,PMC-05,Dayo
19/08/26,PMC,Afternoon,GTBank,ID Card,7400,PMC-07,Emeka
19/08/26,PMC,Afternoon,Zenith Bank,ID Card,8600,PMC-08,Bola
19/08/26,PMC,Afternoon,Zenith Bank,Loyalty Card,6500,PMC-10,Tunde
19/08/26,PMC,Afternoon,Access Bank,Prepaid Card,5400,PMC-11,Chidinma
19/08/26,PMC,Afternoon,Opay,Debit Card,5700,PMC-14,Chuka
19/08/26,PMC,Afternoon,Zenith Bank,ID Card,8900,PMC-15,Amaka
19/08/26,PMC,Afternoon,GTBank,Debit Card,7600,PMC-16,Funke
20/08/26,PMC,Morning,Access Bank,Debit Card,8200,PMC-01,Chidinma
20/08/26,PMC,Morning,Zenith Bank,Debit Card,5600,PMC-02,Tunde
20/08/26,PMC,Morning,Moniepoint,Loyalty Card,7100,PMC-03,Bola
20/08/26,PMC,Morning,GTBank,Prepaid Card,4300,PMC-04,Chuka
20/08/26,PMC,Morning,Access Bank,Loyalty Card,8000,PMC-05,Emeka
20/08/26,PMC,Morning,Polaris,Prepaid Card,6100,PMC-06,Dayo
20/08/26,PMC,Morning,GTBank,Debit Card,4900,PMC-07,Funke
20/08/26,PMC,Morning,Access Bank,Debit Card,5600,PMC-08,Amaka
20/08/26,PMC,Morning,Moniepoint,Loyalty Card,7400,PMC-09,Chidinma
20/08/26,PMC,Morning,Zenith Bank,Debit Card,4600,PMC-10,Tunde
20/08/26,PMC,Morning,GTBank,Prepaid Card,5300,PMC-11,Bola
20/08/26,PMC,Morning,Zenith Bank,Prepaid Card,7700,PMC-12,Chuka
20/08/26,PMC,Morning,Zenith Bank,ID Card,7400,PMC-14,Emeka
20/08/26,PMC,Morning,Polaris,Debit Card,8500,PMC-15,Dayo
20/08/26,PMC,Morning,Moniepoint,Loyalty Card,6600,PMC-16,Funke
20/08/26,PMC,Afternoon,GTBank,Loyalty Card,6000,PMC-01,Chidinma
20/08/26,PMC,Afternoon,GTBank,ID Card,8900,PMC-02,Dayo
20/08/26,PMC,Afternoon,GTBank,Prepaid Card,7400,PMC-03,Bola
20/08/26,PMC,Afternoon,Access Bank,Loyalty Card,5600,PMC-04,Tunde
20/08/26,PMC,Afternoon,Access Bank,ID Card,4700,PMC-07,Emeka
20/08/26,PMC,Afternoon,Polaris,Prepaid Card,6200,PMC-08,Funke
20/08/26,PMC,Afternoon,Opay,Debit Card,5300,PMC-09,Chuka
20/08/26,PMC,Afternoon,Moniepoint,ID Card,6600,PMC-10,Amaka
20/08/26,PMC,Afternoon,GTBank,Debit Card,8600,PMC-11,Chidinma
20/08/26,PMC,Afternoon,Zenith Bank,Debit Card,4600,PMC-12,Dayo
20/08/26,PMC,Afternoon,Zenith Bank,ID Card,4100,PMC-13,Bola
20/08/26,PMC,Afternoon,Polaris,ID Card,8200,PMC-14,Tunde
20/08/26,PMC,Afternoon,GTBank,Prepaid Card,4700,PMC-15,Emeka
21/08/26,PMC,Morning,Zenith Bank,Debit Card,8600,PMC-03,Tunde
21/08/26,PMC,Morning,Polaris,Debit Card,5300,PMC-04,Dayo
21/08/26,PMC,Morning,Opay,Prepaid Card,8900,PMC-06,Amaka
21/08/26,PMC,Morning,Opay,Debit Card,7800,PMC-08,Emeka
21/08/26,PMC,Morning,Polaris,Debit Card,6800,PMC-09,Bola
21/08/26,PMC,Morning,Access Bank,ID Card,8100,PMC-10,Funke
21/08/26,PMC,Morning,Polaris,Prepaid Card,6100,PMC-12,Chidinma
21/08/26,PMC,Morning,Opay,Loyalty Card,8000,PMC-13,Chuka
21/08/26,PMC,Morning,Moniepoint,Prepaid Card,7600,PMC-14,Tunde
21/08/26,PMC,Morning,Access Bank,ID Card,4400,PMC-15,Dayo
21/08/26,PMC,Morning,Zenith Bank,Loyalty Card,8100,PMC-16,Amaka
21/08/26,PMC,Afternoon,GTBank,ID Card,8200,PMC-01,Funke
21/08/26,PMC,Afternoon,Zenith Bank,Debit Card,5600,PMC-02,Chuka
21/08/26,PMC,Afternoon,GTBank,ID Card,5400,PMC-05,Amaka
21/08/26,PMC,Afternoon,Opay,Loyalty Card,4600,PMC-06,Bola
21/08/26,PMC,Afternoon,Opay,Debit Card,8900,PMC-07,Emeka
21/08/26,PMC,Afternoon,Polaris,Prepaid Card,7200,PMC-08,Chidinma
21/08/26,PMC,Afternoon,Moniepoint,Loyalty Card,5800,PMC-09,Tunde
21/08/26,PMC,Afternoon,Opay,Loyalty Card,8700,PMC-11,Dayo
21/08/26,PMC,Afternoon,GTBank,Debit Card,7100,PMC-12,Funke
21/08/26,PMC,Afternoon,Moniepoint,ID Card,5000,PMC-15,Chuka
24/08/26,PMC,Morning,Moniepoint,Prepaid Card,7300,PMC-01,Amaka
24/08/26,PMC,Morning,GTBank,Debit Card,7100,PMC-02,Chidinma
24/08/26,PMC,Morning,Moniepoint,ID Card,6100,PMC-03,Tunde
24/08/26,PMC,Morning,Polaris,ID Card,4600,PMC-04,Funke
24/08/26,PMC,Morning,Moniepoint,Prepaid Card,8000,PMC-06,Bola
24/08/26,PMC,Morning,GTBank,Debit Card,4200,PMC-08,Emeka
24/08/26,PMC,Morning,Opay,Loyalty Card,6300,PMC-09,Dayo
24/08/26,PMC,Morning,Opay,ID Card,5400,PMC-11,Chuka
24/08/26,PMC,Morning,Access Bank,Debit Card,5500,PMC-13,Amaka
24/08/26,PMC,Morning,Zenith Bank,ID Card,7800,PMC-14,Chidinma
24/08/26,PMC,Morning,Access Bank,ID Card,5700,PMC-15,Tunde
24/08/26,PMC,Morning,Opay,ID Card,4100,PMC-16,Funke
24/08/26,PMC,Afternoon,Opay,Loyalty Card,4600,PMC-03,Chidinma
24/08/26,PMC,Afternoon,GTBank,Prepaid Card,6500,PMC-04,Bola
24/08/26,PMC,Afternoon,Moniepoint,ID Card,6400,PMC-05,Amaka
24/08/26,PMC,Afternoon,Polaris,ID Card,4100,PMC-08,Funke
24/08/26,PMC,Afternoon,Opay,Loyalty Card,7100,PMC-09,Dayo
24/08/26,PMC,Afternoon,GTBank,Prepaid Card,7700,PMC-10,Chuka
24/08/26,PMC,Afternoon,Moniepoint,Prepaid Card,5000,PMC-11,Tunde
24/08/26,PMC,Afternoon,Polaris,Prepaid Card,5800,PMC-14,Emeka
24/08/26,PMC,Afternoon,GTBank,Loyalty Card,6400,PMC-15,Chidinma
24/08/26,PMC,Afternoon,Opay,Loyalty Card,8500,PMC-16,Bola
25/08/26,PMC,Morning,Moniepoint,ID Card,6000,PMC-01,Dayo
25/08/26,PMC,Morning,GTBank,Loyalty Card,5700,PMC-02,Funke
25/08/26,PMC,Morning,Zenith Bank,ID Card,5000,PMC-03,Chidinma
25/08/26,PMC,Morning,Access Bank,Loyalty Card,8000,PMC-05,Tunde
25/08/26,PMC,Morning,Moniepoint,ID Card,4900,PMC-06,Emeka
25/08/26,PMC,Morning,Moniepoint,ID Card,6000,PMC-07,Amaka
25/08/26,PMC,Morning,Zenith Bank,Loyalty Card,4600,PMC-08,Chuka
25/08/26,PMC,Morning,Access Bank,Debit Card,5000,PMC-09,Bola
25/08/26,PMC,Morning,Access Bank,Loyalty Card,6600,PMC-10,Dayo
25/08/26,PMC,Morning,Access Bank,Debit Card,6800,PMC-11,Funke
25/08/26,PMC,Morning,Zenith Bank,Debit Card,7800,PMC-12,Chidinma
25/08/26,PMC,Morning,Polaris,Prepaid Card,7400,PMC-13,Tunde
25/08/26,PMC,Morning,Opay,Debit Card,4800,PMC-14,Emeka
25/08/26,PMC,Morning,Opay,Loyalty Card,5300,PMC-15,Amaka
25/08/26,PMC,Afternoon,Access Bank,Loyalty Card,4600,PMC-01,Amaka
25/08/26,PMC,Afternoon,Zenith Bank,ID Card,5900,PMC-02,Chidinma
25/08/26,PMC,Afternoon,Access Bank,Loyalty Card,6700,PMC-03,Bola
25/08/26,PMC,Afternoon,Zenith Bank,ID Card,4900,PMC-04,Funke
25/08/26,PMC,Afternoon,Opay,Debit Card,4500,PMC-05,Dayo
25/08/26,PMC,Afternoon,GTBank,Prepaid Card,6500,PMC-07,Tunde
25/08/26,PMC,Afternoon,Polaris,Loyalty Card,5300,PMC-09,Emeka
25/08/26,PMC,Afternoon,Zenith Bank,ID Card,5300,PMC-10,Chuka
25/08/26,PMC,Afternoon,Moniepoint,ID Card,7600,PMC-11,Amaka
25/08/26,PMC,Afternoon,Polaris,Prepaid Card,5200,PMC-12,Chidinma
25/08/26,PMC,Afternoon,Opay,ID Card,7900,PMC-13,Bola
25/08/26,PMC,Afternoon,Polaris,Loyalty Card,6100,PMC-14,Funke
26/08/26,PMC,Morning,Moniepoint,Debit Card,6600,PMC-02,Bola
26/08/26,PMC,Morning,Zenith Bank,ID Card,4900,PMC-03,Amaka
26/08/26,PMC,Morning,GTBank,Prepaid Card,5100,PMC-04,Dayo
26/08/26,PMC,Morning,Moniepoint,Debit Card,9000,PMC-05,Chidinma
26/08/26,PMC,Morning,Zenith Bank,Debit Card,6100,PMC-06,Emeka
26/08/26,PMC,Morning,Opay,Loyalty Card,5800,PMC-07,Funke
26/08/26,PMC,Morning,Opay,ID Card,4900,PMC-08,Chuka
26/08/26,PMC,Morning,GTBank,Prepaid Card,8700,PMC-11,Tunde
26/08/26,PMC,Morning,GTBank,ID Card,8900,PMC-12,Bola
26/08/26,PMC,Morning,Access Bank,ID Card,8100,PMC-13,Amaka
26/08/26,PMC,Morning,Access Bank,ID Card,4300,PMC-14,Dayo
26/08/26,PMC,Morning,Polaris,ID Card,7400,PMC-15,Chidinma
26/08/26,PMC,Morning,Zenith Bank,Prepaid Card,5700,PMC-16,Emeka
26/08/26,PMC,Afternoon,Access Bank,Loyalty Card,4900,PMC-01,Amaka
26/08/26,PMC,Afternoon,Zenith Bank,Loyalty Card,5700,PMC-02,Emeka
26/08/26,PMC,Afternoon,Moniepoint,Prepaid Card,7400,PMC-04,Bola
26/08/26,PMC,Afternoon,GTBank,ID Card,6400,PMC-06,Dayo
26/08/26,PMC,Afternoon,Access Bank,Loyalty Card,5600,PMC-07,Funke
26/08/26,PMC,Afternoon,Zenith Bank,Debit Card,7400,PMC-08,Chuka
26/08/26,PMC,Afternoon,Zenith Bank,Loyalty Card,8700,PMC-09,Tunde
26/08/26,PMC,Afternoon,GTBank,Prepaid Card,8800,PMC-10,Chidinma
26/08/26,PMC,Afternoon,Opay,Debit Card,6400,PMC-11,Amaka
26/08/26,PMC,Afternoon,Access Bank,Prepaid Card,7900,PMC-12,Emeka
26/08/26,PMC,Afternoon,Zenith Bank,ID Card,8500,PMC-14,Bola
26/08/26,PMC,Afternoon,Access Bank,ID Card,7200,PMC-15,Dayo
27/08/26,PMC,Morning,Opay,Prepaid Card,8500,PMC-01,Tunde
27/08/26,PMC,Morning,Access Bank,Debit Card,7000,PMC-03,Chuka
27/08/26,PMC,Morning,Opay,Loyalty Card,7700,PMC-04,Emeka
27/08/26,PMC,Morning,Polaris,Debit Card,8500,PMC-05,Dayo
27/08/26,PMC,Morning,Polaris,ID Card,7200,PMC-06,Amaka
27/08/26,PMC,Morning,Moniepoint,ID Card,8500,PMC-07,Funke
27/08/26,PMC,Morning,Polaris,Debit Card,6600,PMC-08,Bola
27/08/26,PMC,Morning,Opay,ID Card,7400,PMC-09,Chidinma
27/08/26,PMC,Morning,Opay,Loyalty Card,8900,PMC-10,Tunde
27/08/26,PMC,Morning,Access Bank,ID Card,5200,PMC-11,Chuka
27/08/26,PMC,Morning,Access Bank,ID Card,5200,PMC-12,Emeka
27/08/26,PMC,Morning,Access Bank,ID Card,7100,PMC-13,Dayo
27/08/26,PMC,Morning,Moniepoint,ID Card,7900,PMC-14,Amaka
27/08/26,PMC,Morning,Opay,ID Card,6400,PMC-15,Funke
27/08/26,PMC,Morning,Zenith Bank,ID Card,7700,PMC-16,Bola
27/08/26,PMC,Afternoon,GTBank,Loyalty Card,5900,PMC-01,Chidinma
27/08/26,PMC,Afternoon,GTBank,Prepaid Card,5700,PMC-03,Bola
27/08/26,PMC,Afternoon,Opay,Prepaid Card,4700,PMC-05,Emeka
27/08/26,PMC,Afternoon,Moniepoint,Loyalty Card,6600,PMC-06,Tunde
27/08/26,PMC,Afternoon,Opay,Prepaid Card,7500,PMC-08,Chuka
27/08/26,PMC,Afternoon,Opay,Loyalty Card,4400,PMC-09,Amaka
27/08/26,PMC,Afternoon,Zenith Bank,Prepaid Card,5000,PMC-10,Dayo
27/08/26,PMC,Afternoon,Opay,Prepaid Card,4800,PMC-12,Funke
27/08/26,PMC,Afternoon,Zenith Bank,Debit Card,5500,PMC-13,Chidinma
27/08/26,PMC,Afternoon,GTBank,ID Card,7500,PMC-14,Bola
27/08/26,PMC,Afternoon,Zenith Bank,ID Card,5800,PMC-16,Emeka
28/08/26,PMC,Morning,Opay,ID Card,6500,PMC-02,Emeka
28/08/26,PMC,Morning,Access Bank,ID Card,4300,PMC-03,Chidinma
28/08/26,PMC,Morning,Opay,Prepaid Card,6000,PMC-04,Chuka
28/08/26,PMC,Morning,Polaris,Prepaid Card,5800,PMC-05,Amaka
28/08/26,PMC,Morning,Opay,Debit Card,7700,PMC-06,Funke
28/08/26,PMC,Morning,Zenith Bank,Prepaid Card,8900,PMC-08,Tunde
28/08/26,PMC,Morning,Access Bank,ID Card,4800,PMC-10,Dayo
28/08/26,PMC,Morning,Zenith Bank,Prepaid Card,8600,PMC-11,Bola
28/08/26,PMC,Morning,Moniepoint,ID Card,8300,PMC-14,Emeka
28/08/26,PMC,Morning,Moniepoint,Loyalty Card,5700,PMC-15,Chidinma
28/08/26,PMC,Morning,Polaris,Prepaid Card,6200,PMC-16,Chuka
28/08/26,PMC,Afternoon,Opay,Prepaid Card,8900,PMC-02,Amaka
28/08/26,PMC,Afternoon,GTBank,Debit Card,5400,PMC-04,Emeka
28/08/26,PMC,Afternoon,Access Bank,ID Card,7300,PMC-05,Dayo
28/08/26,PMC,Afternoon,Moniepoint,Loyalty Card,7300,PMC-06,Chuka
28/08/26,PMC,Afternoon,Polaris,Loyalty Card,6300,PMC-07,Funke
28/08/26,PMC,Afternoon,Polaris,Prepaid Card,5900,PMC-08,Bola
28/08/26,PMC,Afternoon,Opay,ID Card,6300,PMC-09,Tunde
28/08/26,PMC,Afternoon,Moniepoint,Debit Card,5200,PMC-10,Chidinma
28/08/26,PMC,Afternoon,Zenith Bank,Loyalty Card,7000,PMC-11,Amaka
28/08/26,PMC,Afternoon,Access Bank,Debit Card,7300,PMC-12,Emeka
28/08/26,PMC,Afternoon,GTBank,Debit Card,6000,PMC-13,Dayo
28/08/26,PMC,Afternoon,Access Bank,Loyalty Card,5800,PMC-14,Chuka
28/08/26,PMC,Afternoon,Moniepoint,Loyalty Card,4200,PMC-15,Funke
28/08/26,PMC,Afternoon,GTBank,Debit Card,7600,PMC-16,Bola
31/08/26,PMC,Morning,Access Bank,Prepaid Card,8400,PMC-02,Chidinma
31/08/26,PMC,Morning,Moniepoint,Loyalty Card,8000,PMC-04,Dayo
31/08/26,PMC,Morning,Polaris,ID Card,4400,PMC-05,Bola
31/08/26,PMC,Morning,Moniepoint,Loyalty Card,6800,PMC-06,Emeka
31/08/26,PMC,Morning,Polaris,Prepaid Card,6100,PMC-08,Funke
31/08/26,PMC,Morning,Zenith Bank,ID Card,6700,PMC-10,Amaka
31/08/26,PMC,Morning,Zenith Bank,ID Card,6000,PMC-11,Chuka
31/08/26,PMC,Morning,Zenith Bank,Debit Card,7700,PMC-14,Tunde
31/08/26,PMC,Morning,Zenith Bank,Debit Card,7400,PMC-15,Chidinma
31/08/26,PMC,Morning,Polaris,Debit Card,8400,PMC-16,Dayo
31/08/26,PMC,Afternoon,Access Bank,Debit Card,8800,PMC-01,Dayo
31/08/26,PMC,Afternoon,Moniepoint,Debit Card,8700,PMC-03,Bola
31/08/26,PMC,Afternoon,GTBank,ID Card,6900,PMC-04,Tunde
31/08/26,PMC,Afternoon,Moniepoint,Debit Card,5400,PMC-05,Amaka
31/08/26,PMC,Afternoon,Opay,ID Card,4300,PMC-06,Chidinma
31/08/26,PMC,Afternoon,Polaris,Debit Card,6300,PMC-07,Chuka
31/08/26,PMC,Afternoon,Moniepoint,Prepaid Card,6000,PMC-08,Funke
31/08/26,PMC,Afternoon,Moniepoint,ID Card,5900,PMC-09,Emeka
31/08/26,PMC,Afternoon,Zenith Bank,Prepaid Card,4400,PMC-12,Dayo
31/08/26,PMC,Afternoon,Access Bank,ID Card,8600,PMC-13,Bola
31/08/26,PMC,Afternoon,Zenith Bank,Loyalty Card,7600,PMC-14,Tunde
31/08/26,PMC,Afternoon,Zenith Bank,ID Card,6600,PMC-15,Amaka
01/09/26,PMC,Morning,GTBank,Prepaid Card,5800,PMC-01,Funke
01/09/26,PMC,Morning,Polaris,Loyalty Card,7900,PMC-03,Bola
01/09/26,PMC,Morning,Zenith Bank,ID Card,4100,PMC-04,Emeka
01/09/26,PMC,Morning,GTBank,ID Card,7600,PMC-05,Tunde
01/09/26,PMC,Morning,Moniepoint,Prepaid Card,7400,PMC-06,Dayo
01/09/26,PMC,Morning,Zenith Bank,Debit Card,4600,PMC-07,Amaka
01/09/26,PMC,Morning,Zenith Bank,Debit Card,4600,PMC-08,Chidinma
01/09/26,PMC,Morning,GTBank,Loyalty Card,4900,PMC-09,Chuka
01/09/26,PMC,Morning,GTBank,Prepaid Card,4400,PMC-10,Funke
01/09/26,PMC,Morning,Moniepoint,Prepaid Card,8300,PMC-11,Bola
01/09/26,PMC,Morning,Access Bank,Debit Card,4300,PMC-12,Emeka
01/09/26,PMC,Morning,Zenith Bank,Loyalty Card,6000,PMC-15,Tunde
01/09/26,PMC,Morning,Access Bank,Loyalty Card,4800,PMC-16,Dayo
01/09/26,PMC,Afternoon,Zenith Bank,Loyalty Card,6500,PMC-01,Bola
01/09/26,PMC,Afternoon,Access Bank,ID Card,4800,PMC-03,Amaka
01/09/26,PMC,Afternoon,Polaris,Prepaid Card,8100,PMC-04,Chidinma
01/09/26,PMC,Afternoon,Opay,ID Card,4500,PMC-06,Dayo
01/09/26,PMC,Afternoon,Polaris,Loyalty Card,7400,PMC-08,Emeka
01/09/26,PMC,Afternoon,Zenith Bank,Loyalty Card,5800,PMC-09,Funke
01/09/26,PMC,Afternoon,Opay,Loyalty Card,5500,PMC-10,Tunde
01/09/26,PMC,Afternoon,Moniepoint,ID Card,6000,PMC-11,Chuka
01/09/26,PMC,Afternoon,Access Bank,ID Card,8100,PMC-12,Bola
01/09/26,PMC,Afternoon,Opay,Debit Card,6300,PMC-14,Amaka
01/09/26,PMC,Afternoon,Opay,Prepaid Card,7800,PMC-16,Chidinma
02/09/26,PMC,Morning,Polaris,Prepaid Card,5500,PMC-01,Amaka
02/09/26,PMC,Morning,Polaris,Loyalty Card,6500,PMC-04,Emeka
02/09/26,PMC,Morning,Opay,ID Card,9000,PMC-05,Chidinma
02/09/26,PMC,Morning,Access Bank,Prepaid Card,6400,PMC-06,Funke
02/09/26,PMC,Morning,Opay,Prepaid Card,6200,PMC-07,Dayo
02/09/26,PMC,Morning,Polaris,ID Card,7700,PMC-08,Chuka
02/09/26,PMC,Morning,Zenith Bank,Prepaid Card,4500,PMC-09,Tunde
02/09/26,PMC,Morning,Opay,Loyalty Card,8100,PMC-11,Bola
02/09/26,PMC,Morning,Polaris,Loyalty Card,4700,PMC-12,Amaka
02/09/26,PMC,Morning,Opay,ID Card,8000,PMC-13,Emeka
02/09/26,PMC,Morning,Zenith Bank,Loyalty Card,6400,PMC-14,Chidinma
02/09/26,PMC,Morning,Access Bank,ID Card,5300,PMC-15,Funke
02/09/26,PMC,Afternoon,GTBank,Debit Card,6400,PMC-01,Funke
02/09/26,PMC,Afternoon,Access Bank,ID Card,6000,PMC-02,Chidinma
02/09/26,PMC,Afternoon,Access Bank,ID Card,8800,PMC-03,Tunde
02/09/26,PMC,Afternoon,Opay,Prepaid Card,6400,PMC-04,Bola
02/09/26,PMC,Afternoon,Zenith Bank,Loyalty Card,6200,PMC-05,Amaka
02/09/26,PMC,Afternoon,Zenith Bank,Loyalty Card,4100,PMC-06,Dayo
02/09/26,PMC,Afternoon,Zenith Bank,Loyalty Card,5600,PMC-08,Chuka
02/09/26,PMC,Afternoon,Opay,Prepaid Card,6700,PMC-14,Emeka
02/09/26,PMC,Afternoon,Polaris,ID Card,7200,PMC-15,Funke
03/09/26,PMC,Morning,GTBank,Prepaid Card,8600,PMC-01,Funke
03/09/26,PMC,Morning,GTBank,Prepaid Card,5000,PMC-02,Bola
03/09/26,PMC,Morning,Opay,Prepaid Card,7700,PMC-04,Dayo
03/09/26,PMC,Morning,Access Bank,Loyalty Card,7000,PMC-06,Emeka
03/09/26,PMC,Morning,Polaris,Prepaid Card,7000,PMC-08,Chuka
03/09/26,PMC,Morning,Zenith Bank,Debit Card,6500,PMC-09,Tunde
03/09/26,PMC,Morning,Access Bank,Prepaid Card,5300,PMC-10,Amaka
03/09/26,PMC,Morning,Zenith Bank,ID Card,5800,PMC-11,Chidinma
03/09/26,PMC,Morning,Polaris,Debit Card,9000,PMC-12,Funke
03/09/26,PMC,Morning,Access Bank,Loyalty Card,6600,PMC-13,Bola
03/09/26,PMC,Morning,Zenith Bank,Debit Card,5900,PMC-14,Dayo
03/09/26,PMC,Morning,Access Bank,Debit Card,7100,PMC-15,Emeka
03/09/26,PMC,Afternoon,Opay,Loyalty Card,8400,PMC-01,Dayo
03/09/26,PMC,Afternoon,Moniepoint,Prepaid Card,5400,PMC-02,Chidinma
03/09/26,PMC,Afternoon,Polaris,Prepaid Card,4400,PMC-06,Bola
03/09/26,PMC,Afternoon,Moniepoint,Prepaid Card,4700,PMC-07,Emeka
03/09/26,PMC,Afternoon,Access Bank,Loyalty Card,8400,PMC-08,Funke
03/09/26,PMC,Afternoon,Polaris,Loyalty Card,5900,PMC-10,Chuka
03/09/26,PMC,Afternoon,Opay,Debit Card,5700,PMC-11,Tunde
03/09/26,PMC,Afternoon,Moniepoint,ID Card,8100,PMC-12,Amaka
03/09/26,PMC,Afternoon,Moniepoint,Prepaid Card,4500,PMC-14,Dayo
03/09/26,PMC,Afternoon,Opay,Prepaid Card,6500,PMC-15,Chidinma
03/09/26,PMC,Afternoon,Access Bank,ID Card,6700,PMC-16,Bola
04/09/26,PMC,Morning,Zenith Bank,Loyalty Card,5700,PMC-04,Bola
04/09/26,PMC,Morning,Polaris,Loyalty Card,6300,PMC-05,Chuka
04/09/26,PMC,Morning,Zenith Bank,Prepaid Card,5000,PMC-06,Funke
04/09/26,PMC,Morning,Zenith Bank,Prepaid Card,8900,PMC-08,Amaka
04/09/26,PMC,Morning,Zenith Bank,ID Card,8300,PMC-09,Chidinma
04/09/26,PMC,Morning,Moniepoint,Prepaid Card,6800,PMC-10,Emeka
04/09/26,PMC,Morning,GTBank,Loyalty Card,6300,PMC-11,Tunde
04/09/26,PMC,Morning,Moniepoint,Loyalty Card,5300,PMC-12,Dayo
04/09/26,PMC,Morning,Access Bank,ID Card,8900,PMC-13,Bola
04/09/26,PMC,Morning,Zenith Bank,Debit Card,7800,PMC-14,Chuka
04/09/26,PMC,Morning,Opay,Loyalty Card,4300,PMC-15,Funke
04/09/26,PMC,Morning,GTBank,Prepaid Card,9000,PMC-16,Amaka
04/09/26,PMC,Afternoon,Access Bank,Debit Card,6700,PMC-01,Chidinma
04/09/26,PMC,Afternoon,GTBank,ID Card,5000,PMC-06,Chuka
04/09/26,PMC,Afternoon,GTBank,ID Card,6500,PMC-07,Tunde
04/09/26,PMC,Afternoon,Opay,Loyalty Card,8300,PMC-10,Funke
04/09/26,PMC,Afternoon,Access Bank,Loyalty Card,6400,PMC-11,Bola
04/09/26,PMC,Afternoon,Zenith Bank,ID Card,5100,PMC-15,Dayo
04/09/26,PMC,Afternoon,Opay,ID Card,7500,PMC-16,Emeka
07/09/26,PMC,Morning,Polaris,ID Card,8600,PMC-01,Chidinma
07/09/26,PMC,Morning,Zenith Bank,Debit Card,8100,PMC-03,Tunde
07/09/26,PMC,Morning,Opay,Prepaid Card,7500,PMC-04,Emeka
07/09/26,PMC,Morning,Access Bank,Debit Card,5500,PMC-05,Amaka
07/09/26,PMC,Morning,Polaris,Prepaid Card,8800,PMC-07,Chuka
07/09/26,PMC,Morning,Zenith Bank,Debit Card,4000,PMC-08,Funke
07/09/26,PMC,Morning,Access Bank,Loyalty Card,5900,PMC-10,Dayo
07/09/26,PMC,Morning,Opay,Prepaid Card,5400,PMC-11,Bola
07/09/26,PMC,Morning,GTBank,Prepaid Card,8500,PMC-14,Chidinma
07/09/26,PMC,Morning,Access Bank,Debit Card,6100,PMC-16,Tunde
07/09/26,PMC,Afternoon,Opay,Prepaid Card,4600,PMC-02,Funke
07/09/26,PMC,Afternoon,Opay,Debit Card,6100,PMC-03,Chuka
07/09/26,PMC,Afternoon,Zenith Bank,ID Card,7600,PMC-04,Amaka
07/09/26,PMC,Afternoon,GTBank,ID Card,4700,PMC-05,Dayo
07/09/26,PMC,Afternoon,Opay,Prepaid Card,6400,PMC-07,Emeka
07/09/26,PMC,Afternoon,Access Bank,ID Card,8400,PMC-09,Tunde
07/09/26,PMC,Afternoon,Opay,Debit Card,5000,PMC-10,Chidinma
07/09/26,PMC,Afternoon,Access Bank,Debit Card,4100,PMC-11,Bola
07/09/26,PMC,Afternoon,Opay,Prepaid Card,5900,PMC-12,Funke
07/09/26,PMC,Afternoon,Polaris,Debit Card,6600,PMC-13,Chuka
07/09/26,PMC,Afternoon,Access Bank,Prepaid Card,5600,PMC-15,Amaka
07/09/26,PMC,Afternoon,GTBank,Prepaid Card,7100,PMC-16,Dayo
08/09/26,PMC,Morning,Moniepoint,Debit Card,6000,PMC-01,Chidinma
08/09/26,PMC,Morning,Access Bank,ID Card,7300,PMC-02,Chuka
08/09/26,PMC,Morning,Access Bank,ID Card,6500,PMC-04,Bola
08/09/26,PMC,Morning,Opay,Prepaid Card,8000,PMC-06,Amaka
08/09/26,PMC,Morning,Zenith Bank,Debit Card,5100,PMC-07,Dayo
08/09/26,PMC,Morning,GTBank,ID Card,5200,PMC-08,Funke
08/09/26,PMC,Morning,Access Bank,ID Card,4500,PMC-09,Tunde
08/09/26,PMC,Morning,Opay,Debit Card,6500,PMC-10,Emeka
08/09/26,PMC,Morning,Polaris,Loyalty Card,8600,PMC-11,Chidinma
08/09/26,PMC,Morning,GTBank,Debit Card,7900,PMC-12,Chuka
08/09/26,PMC,Morning,Opay,Loyalty Card,7300,PMC-13,Bola
08/09/26,PMC,Morning,Polaris,Prepaid Card,4900,PMC-14,Amaka
08/09/26,PMC,Morning,GTBank,Debit Card,6100,PMC-16,Dayo
08/09/26,PMC,Afternoon,Zenith Bank,Debit Card,6800,PMC-01,Dayo
08/09/26,PMC,Afternoon,Zenith Bank,Prepaid Card,6300,PMC-02,Emeka
08/09/26,PMC,Afternoon,Opay,ID Card,6400,PMC-03,Amaka
08/09/26,PMC,Afternoon,Access Bank,Loyalty Card,5600,PMC-05,Bola
08/09/26,PMC,Afternoon,GTBank,Debit Card,6900,PMC-06,Funke
08/09/26,PMC,Afternoon,GTBank,Debit Card,9000,PMC-08,Chuka
08/09/26,PMC,Afternoon,GTBank,Loyalty Card,8000,PMC-10,Tunde
08/09/26,PMC,Afternoon,GTBank,Loyalty Card,7300,PMC-12,Chidinma
08/09/26,PMC,Afternoon,Zenith Bank,ID Card,5800,PMC-13,Dayo
08/09/26,PMC,Afternoon,Moniepoint,Prepaid Card,5700,PMC-14,Emeka
08/09/26,PMC,Afternoon,GTBank,ID Card,8100,PMC-15,Amaka
09/09/26,PMC,Morning,Polaris,ID Card,4300,PMC-01,Tunde
09/09/26,PMC,Morning,Access Bank,Loyalty Card,8000,PMC-02,Bola
09/09/26,PMC,Morning,Opay,Loyalty Card,7900,PMC-03,Funke
09/09/26,PMC,Morning,Polaris,Prepaid Card,4500,PMC-04,Emeka
09/09/26,PMC,Morning,Access Bank,Loyalty Card,6200,PMC-05,Chidinma
09/09/26,PMC,Morning,Polaris,Prepaid Card,5100,PMC-08,Chuka
09/09/26,PMC,Morning,Moniepoint,Debit Card,5400,PMC-09,Dayo
09/09/26,PMC,Morning,Opay,Prepaid Card,8900,PMC-12,Amaka
09/09/26,PMC,Morning,GTBank,Loyalty Card,7300,PMC-13,Tunde
09/09/26,PMC,Morning,Opay,ID Card,8800,PMC-14,Bola
09/09/26,PMC,Morning,Zenith Bank,Loyalty Card,6900,PMC-15,Funke
09/09/26,PMC,Morning,Opay,ID Card,8900,PMC-16,Emeka
09/09/26,PMC,Afternoon,Zenith Bank,Debit Card,7400,PMC-01,Funke
09/09/26,PMC,Afternoon,GTBank,Prepaid Card,5000,PMC-04,Chidinma
09/09/26,PMC,Afternoon,Access Bank,Debit Card,5000,PMC-05,Chuka
09/09/26,PMC,Afternoon,Access Bank,Prepaid Card,5600,PMC-07,Bola
09/09/26,PMC,Afternoon,Moniepoint,Loyalty Card,5000,PMC-08,Amaka
09/09/26,PMC,Afternoon,Moniepoint,Prepaid Card,8100,PMC-09,Dayo
09/09/26,PMC,Afternoon,Access Bank,ID Card,8200,PMC-10,Tunde
09/09/26,PMC,Afternoon,Polaris,Prepaid Card,7200,PMC-11,Emeka
09/09/26,PMC,Afternoon,Polaris,Prepaid Card,7700,PMC-13,Funke
09/09/26,PMC,Afternoon,Moniepoint,ID Card,4800,PMC-16,Chidinma
10/09/26,PMC,Morning,Polaris,Loyalty Card,6400,PMC-01,Chuka
10/09/26,PMC,Morning,Opay,Prepaid Card,7100,PMC-02,Tunde
10/09/26,PMC,Morning,GTBank,Loyalty Card,8600,PMC-04,Bola
10/09/26,PMC,Morning,Opay,Loyalty Card,5500,PMC-05,Chidinma
10/09/26,PMC,Morning,Zenith Bank,ID Card,7200,PMC-06,Funke
10/09/26,PMC,Morning,Polaris,Loyalty Card,7400,PMC-07,Amaka
10/09/26,PMC,Morning,Opay,ID Card,6000,PMC-08,Emeka
10/09/26,PMC,Morning,Moniepoint,Loyalty Card,8400,PMC-09,Dayo
10/09/26,PMC,Morning,GTBank,Debit Card,6800,PMC-10,Chuka
10/09/26,PMC,Morning,Zenith Bank,Debit Card,7000,PMC-11,Tunde
10/09/26,PMC,Morning,Moniepoint,Loyalty Card,8600,PMC-12,Bola
10/09/26,PMC,Morning,Moniepoint,Debit Card,5400,PMC-13,Chidinma
10/09/26,PMC,Morning,Opay,Debit Card,5200,PMC-14,Funke
10/09/26,PMC,Morning,Access Bank,Debit Card,4600,PMC-15,Amaka
10/09/26,PMC,Morning,GTBank,Loyalty Card,5700,PMC-16,Emeka
10/09/26,PMC,Afternoon,Opay,Loyalty Card,5600,PMC-01,Funke
10/09/26,PMC,Afternoon,Access Bank,Prepaid Card,5600,PMC-02,Tunde
10/09/26,PMC,Afternoon,Polaris,ID Card,6300,PMC-04,Chidinma
10/09/26,PMC,Afternoon,Polaris,Loyalty Card,5500,PMC-05,Amaka
10/09/26,PMC,Afternoon,GTBank,Debit Card,5300,PMC-06,Emeka
10/09/26,PMC,Afternoon,GTBank,Debit Card,6000,PMC-08,Dayo
10/09/26,PMC,Afternoon,Access Bank,Debit Card,7800,PMC-09,Chuka
10/09/26,PMC,Afternoon,Moniepoint,Debit Card,5400,PMC-12,Bola
10/09/26,PMC,Afternoon,Zenith Bank,Prepaid Card,8700,PMC-14,Funke
10/09/26,PMC,Afternoon,Zenith Bank,Loyalty Card,4200,PMC-15,Tunde
10/09/26,PMC,Afternoon,Opay,ID Card,7900,PMC-16,Chidinma
11/09/26,PMC,Morning,Zenith Bank,Prepaid Card,6900,PMC-01,Funke
11/09/26,PMC,Morning,Opay,Debit Card,6100,PMC-02,Emeka
11/09/26,PMC,Morning,Polaris,ID Card,6800,PMC-03,Dayo
11/09/26,PMC,Morning,Access Bank,ID Card,5700,PMC-04,Amaka
11/09/26,PMC,Morning,GTBank,ID Card,8800,PMC-05,Tunde
11/09/26,PMC,Morning,Access Bank,Prepaid Card,8500,PMC-06,Chuka
11/09/26,PMC,Morning,GTBank,Prepaid Card,4600,PMC-07,Bola
11/09/26,PMC,Morning,Moniepoint,Prepaid Card,8400,PMC-08,Chidinma
11/09/26,PMC,Morning,Polaris,Prepaid Card,4100,PMC-09,Funke
11/09/26,PMC,Morning,Polaris,ID Card,7400,PMC-12,Emeka
11/09/26,PMC,Morning,Moniepoint,Prepaid Card,6400,PMC-16,Dayo
11/09/26,PMC,Afternoon,Access Bank,ID Card,8500,PMC-01,Bola
11/09/26,PMC,Afternoon,Zenith Bank,Debit Card,4500,PMC-02,Amaka
11/09/26,PMC,Afternoon,Moniepoint,Loyalty Card,6700,PMC-03,Funke
11/09/26,PMC,Afternoon,Opay,Prepaid Card,5200,PMC-04,Tunde
11/09/26,PMC,Afternoon,Opay,Prepaid Card,6600,PMC-05,Dayo
11/09/26,PMC,Afternoon,Opay,Loyalty Card,5300,PMC-07,Emeka
11/09/26,PMC,Afternoon,Opay,ID Card,7100,PMC-09,Chidinma
11/09/26,PMC,Afternoon,Access Bank,Debit Card,6300,PMC-11,Chuka
11/09/26,PMC,Afternoon,Moniepoint,ID Card,6000,PMC-12,Bola
11/09/26,PMC,Afternoon,Zenith Bank,ID Card,4700,PMC-14,Amaka
11/09/26,PMC,Afternoon,Moniepoint,Prepaid Card,8300,PMC-16,Funke
14/09/26,PMC,Morning,Moniepoint,Prepaid Card,7700,PMC-01,Amaka
14/09/26,PMC,Morning,Opay,ID Card,6500,PMC-02,Emeka
14/09/26,PMC,Morning,Polaris,Debit Card,7800,PMC-04,Dayo
14/09/26,PMC,Morning,Zenith Bank,Debit Card,5500,PMC-05,Tunde
14/09/26,PMC,Morning,Moniepoint,ID Card,4100,PMC-06,Chuka
14/09/26,PMC,Morning,Zenith Bank,Debit Card,5400,PMC-07,Funke
14/09/26,PMC,Morning,GTBank,ID Card,4300,PMC-09,Chidinma
14/09/26,PMC,Morning,Opay,Loyalty Card,4200,PMC-10,Bola
14/09/26,PMC,Morning,Opay,Debit Card,5600,PMC-12,Amaka
14/09/26,PMC,Morning,Opay,Prepaid Card,4200,PMC-14,Emeka
14/09/26,PMC,Morning,Moniepoint,Debit Card,6700,PMC-15,Dayo
14/09/26,PMC,Morning,GTBank,Loyalty Card,5500,PMC-16,Tunde
14/09/26,PMC,Afternoon,Access Bank,Debit Card,4200,PMC-01,Emeka
14/09/26,PMC,Afternoon,Polaris,Debit Card,5300,PMC-02,Tunde
14/09/26,PMC,Afternoon,Opay,Debit Card,7000,PMC-03,Bola
14/09/26,PMC,Afternoon,Access Bank,Loyalty Card,5600,PMC-04,Chuka
14/09/26,PMC,Afternoon,Polaris,Prepaid Card,4200,PMC-05,Dayo
14/09/26,PMC,Afternoon,Polaris,Loyalty Card,5300,PMC-06,Chidinma
14/09/26,PMC,Afternoon,Polaris,Loyalty Card,8400,PMC-07,Amaka
14/09/26,PMC,Afternoon,Zenith Bank,ID Card,7900,PMC-08,Funke
14/09/26,PMC,Afternoon,Moniepoint,ID Card,8700,PMC-09,Emeka
14/09/26,PMC,Afternoon,Access Bank,Debit Card,6100,PMC-10,Tunde
14/09/26,PMC,Afternoon,Access Bank,Debit Card,4900,PMC-11,Bola
14/09/26,PMC,Afternoon,Access Bank,ID Card,6400,PMC-12,Chuka
14/09/26,PMC,Afternoon,GTBank,Debit Card,8700,PMC-13,Dayo
14/09/26,PMC,Afternoon,Polaris,ID Card,7100,PMC-14,Chidinma
14/09/26,PMC,Afternoon,Access Bank,ID Card,6700,PMC-15,Amaka
15/09/26,PMC,Morning,Moniepoint,Loyalty Card,8500,PMC-01,Funke
15/09/26,PMC,Morning,Opay,Prepaid Card,4700,PMC-02,Chuka
15/09/26,PMC,Morning,Polaris,ID Card,7000,PMC-03,Bola
15/09/26,PMC,Morning,GTBank,Prepaid Card,5200,PMC-04,Chidinma
15/09/26,PMC,Morning,Zenith Bank,Loyalty Card,6500,PMC-05,Amaka
15/09/26,PMC,Morning,Zenith Bank,ID Card,6400,PMC-08,Dayo
15/09/26,PMC,Morning,GTBank,Loyalty Card,6700,PMC-09,Emeka
15/09/26,PMC,Morning,Moniepoint,Prepaid Card,7200,PMC-10,Tunde
15/09/26,PMC,Morning,Opay,ID Card,4900,PMC-12,Funke
15/09/26,PMC,Morning,GTBank,Loyalty Card,4800,PMC-13,Chuka
15/09/26,PMC,Morning,Moniepoint,Prepaid Card,8600,PMC-14,Bola
15/09/26,PMC,Morning,Zenith Bank,Prepaid Card,7700,PMC-15,Chidinma
15/09/26,PMC,Afternoon,Opay,ID Card,8000,PMC-01,Emeka
15/09/26,PMC,Afternoon,GTBank,ID Card,5100,PMC-02,Tunde
15/09/26,PMC,Afternoon,Polaris,Debit Card,4700,PMC-03,Funke
15/09/26,PMC,Afternoon,Moniepoint,Debit Card,5500,PMC-06,Bola
15/09/26,PMC,Afternoon,Opay,ID Card,7900,PMC-07,Dayo
15/09/26,PMC,Afternoon,Opay,Loyalty Card,6200,PMC-08,Chuka
15/09/26,PMC,Afternoon,Access Bank,ID Card,6200,PMC-09,Amaka
15/09/26,PMC,Afternoon,GTBank,ID Card,4100,PMC-10,Chidinma
15/09/26,PMC,Afternoon,Opay,Loyalty Card,8200,PMC-11,Emeka
15/09/26,PMC,Afternoon,Access Bank,Prepaid Card,6300,PMC-12,Tunde
15/09/26,PMC,Afternoon,Opay,Prepaid Card,4400,PMC-14,Funke
15/09/26,PMC,Afternoon,Access Bank,Loyalty Card,4900,PMC-16,Bola
16/09/26,PMC,Morning,GTBank,Loyalty Card,8200,PMC-01,Bola
16/09/26,PMC,Morning,Access Bank,Prepaid Card,8200,PMC-02,Amaka
16/09/26,PMC,Morning,GTBank,ID Card,7700,PMC-03,Tunde
16/09/26,PMC,Morning,Moniepoint,Prepaid Card,7200,PMC-04,Chidinma
16/09/26,PMC,Morning,Zenith Bank,ID Card,6600,PMC-05,Dayo
16/09/26,PMC,Morning,Polaris,ID Card,7500,PMC-07,Funke
16/09/26,PMC,Morning,Zenith Bank,ID Card,6000,PMC-08,Chuka
16/09/26,PMC,Morning,Opay,Prepaid Card,8300,PMC-09,Emeka
16/09/26,PMC,Morning,Opay,Prepaid Card,5100,PMC-10,Bola
16/09/26,PMC,Morning,Opay,Debit Card,5100,PMC-11,Amaka
16/09/26,PMC,Morning,Zenith Bank,ID Card,6900,PMC-12,Tunde
16/09/26,PMC,Morning,Zenith Bank,Loyalty Card,8300,PMC-13,Chidinma
16/09/26,PMC,Morning,Access Bank,Debit Card,7700,PMC-14,Dayo
16/09/26,PMC,Morning,Moniepoint,Debit Card,8400,PMC-15,Funke
16/09/26,PMC,Morning,Moniepoint,ID Card,8700,PMC-16,Chuka
16/09/26,PMC,Afternoon,Zenith Bank,Debit Card,5200,PMC-02,Funke
16/09/26,PMC,Afternoon,Moniepoint,ID Card,8100,PMC-03,Bola
16/09/26,PMC,Afternoon,Moniepoint,Loyalty Card,4600,PMC-05,Chuka
16/09/26,PMC,Afternoon,Moniepoint,Loyalty Card,4900,PMC-06,Tunde
16/09/26,PMC,Afternoon,Moniepoint,Debit Card,5000,PMC-07,Dayo
16/09/26,PMC,Afternoon,Moniepoint,Prepaid Card,5800,PMC-08,Emeka
16/09/26,PMC,Afternoon,Opay,Loyalty Card,8600,PMC-10,Amaka
16/09/26,PMC,Afternoon,Moniepoint,Debit Card,6900,PMC-12,Chidinma
16/09/26,PMC,Afternoon,Opay,ID Card,4100,PMC-13,Funke
16/09/26,PMC,Afternoon,Access Bank,ID Card,8600,PMC-14,Bola
16/09/26,PMC,Afternoon,Opay,Loyalty Card,4100,PMC-15,Chuka
16/09/26,PMC,Afternoon,Polaris,Debit Card,5600,PMC-16,Tunde
17/09/26,PMC,Morning,Access Bank,Prepaid Card,7500,PMC-01,Chuka
17/09/26,PMC,Morning,Access Bank,ID Card,7300,PMC-02,Funke
17/09/26,PMC,Morning,Polaris,Prepaid Card,6100,PMC-03,Emeka
17/09/26,PMC,Morning,GTBank,Debit Card,8200,PMC-04,Chidinma
17/09/26,PMC,Morning,GTBank,Loyalty Card,5700,PMC-05,Amaka
17/09/26,PMC,Morning,Polaris,Loyalty Card,5200,PMC-06,Dayo
17/09/26,PMC,Morning,Opay,Prepaid Card,7600,PMC-07,Tunde
17/09/26,PMC,Morning,Moniepoint,ID Card,6800,PMC-08,Bola
17/09/26,PMC,Morning,GTBank,Prepaid Card,6600,PMC-11,Chuka
17/09/26,PMC,Morning,GTBank,Prepaid Card,4500,PMC-13,Funke
17/09/26,PMC,Morning,GTBank,Loyalty Card,6400,PMC-14,Emeka
17/09/26,PMC,Morning,GTBank,Debit Card,4200,PMC-15,Chidinma
17/09/26,PMC,Morning,Opay,Prepaid Card,8100,PMC-16,Amaka
17/09/26,PMC,Afternoon,GTBank,ID Card,8200,PMC-01,Funke
17/09/26,PMC,Afternoon,GTBank,Prepaid Card,4800,PMC-02,Tunde
17/09/26,PMC,Afternoon,Access Bank,Debit Card,8200,PMC-03,Chuka
17/09/26,PMC,Afternoon,Access Bank,Loyalty Card,7100,PMC-04,Bola
17/09/26,PMC,Afternoon,Polaris,Loyalty Card,7200,PMC-05,Amaka
17/09/26,PMC,Afternoon,Moniepoint,Loyalty Card,8800,PMC-07,Emeka
17/09/26,PMC,Afternoon,Polaris,ID Card,5600,PMC-10,Chidinma
17/09/26,PMC,Afternoon,Moniepoint,Prepaid Card,6800,PMC-11,Dayo
17/09/26,PMC,Afternoon,GTBank,ID Card,4100,PMC-12,Funke
17/09/26,PMC,Afternoon,Zenith Bank,Debit Card,5200,PMC-14,Tunde
17/09/26,PMC,Afternoon,GTBank,Prepaid Card,7800,PMC-15,Chuka
17/09/26,PMC,Afternoon,Opay,ID Card,4900,PMC-16,Bola
18/09/26,PMC,Morning,Zenith Bank,Loyalty Card,7000,PMC-01,Dayo
18/09/26,PMC,Morning,Zenith Bank,Prepaid Card,4100,PMC-02,Tunde
18/09/26,PMC,Morning,Access Bank,Loyalty Card,7400,PMC-04,Funke
18/09/26,PMC,Morning,Moniepoint,Debit Card,4900,PMC-05,Chuka
18/09/26,PMC,Morning,Moniepoint,Prepaid Card,5200,PMC-06,Amaka
18/09/26,PMC,Morning,Moniepoint,Prepaid Card,4300,PMC-07,Bola
18/09/26,PMC,Morning,Zenith Bank,Prepaid Card,5700,PMC-08,Chidinma
18/09/26,PMC,Morning,Opay,Debit Card,8600,PMC-09,Emeka
18/09/26,PMC,Morning,Access Bank,Prepaid Card,4200,PMC-10,Dayo
18/09/26,PMC,Morning,Access Bank,Prepaid Card,5700,PMC-12,Tunde
18/09/26,PMC,Morning,GTBank,Debit Card,7400,PMC-13,Funke
18/09/26,PMC,Morning,Polaris,ID Card,8700,PMC-14,Chuka
18/09/26,PMC,Morning,GTBank,Prepaid Card,6400,PMC-15,Amaka
18/09/26,PMC,Morning,Access Bank,Loyalty Card,4900,PMC-16,Bola
18/09/26,PMC,Afternoon,Opay,Prepaid Card,5800,PMC-04,Chidinma
18/09/26,PMC,Afternoon,Access Bank,Prepaid Card,4900,PMC-05,Amaka
18/09/26,PMC,Afternoon,Access Bank,Prepaid Card,8200,PMC-08,Funke
18/09/26,PMC,Afternoon,Access Bank,ID Card,5800,PMC-09,Emeka
18/09/26,PMC,Afternoon,Access Bank,ID Card,6900,PMC-11,Dayo
18/09/26,PMC,Afternoon,GTBank,ID Card,8400,PMC-13,Bola
18/09/26,PMC,Afternoon,Moniepoint,Loyalty Card,6700,PMC-14,Tunde
18/09/26,PMC,Afternoon,Zenith Bank,Debit Card,8400,PMC-15,Chuka
21/09/26,PMC,Morning,Polaris,Loyalty Card,7200,PMC-01,Emeka
21/09/26,PMC,Morning,Moniepoint,ID Card,8100,PMC-02,Chidinma
21/09/26,PMC,Morning,Zenith Bank,ID Card,6500,PMC-04,Dayo
21/09/26,PMC,Morning,Zenith Bank,Debit Card,4500,PMC-06,Tunde
21/09/26,PMC,Morning,Polaris,ID Card,5300,PMC-07,Bola
21/09/26,PMC,Morning,Polaris,Prepaid Card,4600,PMC-08,Chuka
21/09/26,PMC,Morning,GTBank,Prepaid Card,6100,PMC-09,Funke
21/09/26,PMC,Morning,Access Bank,Debit Card,6900,PMC-12,Amaka
21/09/26,PMC,Morning,Polaris,Loyalty Card,5300,PMC-13,Emeka
21/09/26,PMC,Morning,Zenith Bank,Prepaid Card,5700,PMC-14,Chidinma
21/09/26,PMC,Morning,Moniepoint,Debit Card,4400,PMC-15,Dayo
21/09/26,PMC,Morning,GTBank,Prepaid Card,4400,PMC-16,Tunde
21/09/26,PMC,Afternoon,Zenith Bank,Loyalty Card,7000,PMC-01,Chidinma
21/09/26,PMC,Afternoon,GTBank,Loyalty Card,5800,PMC-02,Funke
21/09/26,PMC,Afternoon,Opay,Prepaid Card,8700,PMC-03,Amaka
21/09/26,PMC,Afternoon,Opay,Prepaid Card,8600,PMC-04,Chuka
21/09/26,PMC,Afternoon,Access Bank,Debit Card,6700,PMC-05,Tunde
21/09/26,PMC,Afternoon,Opay,ID Card,6600,PMC-06,Dayo
21/09/26,PMC,Afternoon,Access Bank,Prepaid Card,5800,PMC-10,Bola
21/09/26,PMC,Afternoon,GTBank,Prepaid Card,5600,PMC-13,Emeka
21/09/26,PMC,Afternoon,Zenith Bank,Loyalty Card,8600,PMC-14,Chidinma
21/09/26,PMC,Afternoon,Zenith Bank,Debit Card,8500,PMC-15,Funke
22/09/26,PMC,Morning,Access Bank,Loyalty Card,5800,PMC-01,Tunde
22/09/26,PMC,Morning,Opay,ID Card,6300,PMC-03,Emeka
22/09/26,PMC,Morning,Polaris,Loyalty Card,7600,PMC-04,Dayo
22/09/26,PMC,Morning,GTBank,Prepaid Card,6200,PMC-05,Funke
22/09/26,PMC,Morning,Moniepoint,ID Card,8900,PMC-06,Amaka
22/09/26,PMC,Morning,Zenith Bank,Prepaid Card,4000,PMC-07,Chidinma
22/09/26,PMC,Morning,Opay,Loyalty Card,5300,PMC-09,Bola
22/09/26,PMC,Morning,Access Bank,Prepaid Card,4900,PMC-10,Chuka
22/09/26,PMC,Morning,Access Bank,Prepaid Card,8400,PMC-11,Tunde
22/09/26,PMC,Morning,Access Bank,Prepaid Card,8900,PMC-12,Emeka
22/09/26,PMC,Morning,Polaris,Debit Card,8700,PMC-13,Dayo
22/09/26,PMC,Morning,Zenith Bank,ID Card,8900,PMC-14,Funke
22/09/26,PMC,Morning,Access Bank,Loyalty Card,7600,PMC-15,Amaka
22/09/26,PMC,Morning,GTBank,ID Card,7300,PMC-16,Chidinma
22/09/26,PMC,Afternoon,GTBank,Loyalty Card,4100,PMC-02,Chidinma
22/09/26,PMC,Afternoon,Polaris,ID Card,7400,PMC-03,Emeka
22/09/26,PMC,Afternoon,Polaris,Debit Card,6400,PMC-04,Dayo
22/09/26,PMC,Afternoon,Zenith Bank,Debit Card,4600,PMC-06,Bola
22/09/26,PMC,Afternoon,Zenith Bank,ID Card,4500,PMC-10,Tunde
22/09/26,PMC,Afternoon,Zenith Bank,Prepaid Card,4600,PMC-11,Chuka
22/09/26,PMC,Afternoon,GTBank,Prepaid Card,6200,PMC-12,Amaka
22/09/26,PMC,Afternoon,Zenith Bank,Prepaid Card,5500,PMC-14,Funke
22/09/26,PMC,Afternoon,GTBank,Loyalty Card,4200,PMC-16,Chidinma
23/09/26,PMC,Morning,Opay,Debit Card,8100,PMC-01,Tunde
23/09/26,PMC,Morning,Polaris,Prepaid Card,4800,PMC-02,Chidinma
23/09/26,PMC,Morning,GTBank,ID Card,5800,PMC-03,Dayo
23/09/26,PMC,Morning,Moniepoint,Prepaid Card,8600,PMC-04,Bola
23/09/26,PMC,Morning,Zenith Bank,Debit Card,4300,PMC-05,Amaka
23/09/26,PMC,Morning,Polaris,Prepaid Card,5200,PMC-06,Funke
23/09/26,PMC,Morning,Polaris,ID Card,6300,PMC-07,Emeka
23/09/26,PMC,Morning,Polaris,Prepaid Card,6800,PMC-08,Chuka
23/09/26,PMC,Morning,Access Bank,Loyalty Card,5600,PMC-09,Tunde
23/09/26,PMC,Morning,Opay,ID Card,4500,PMC-10,Chidinma
23/09/26,PMC,Morning,GTBank,Prepaid Card,4100,PMC-12,Dayo
23/09/26,PMC,Morning,Opay,ID Card,4300,PMC-13,Bola
23/09/26,PMC,Morning,GTBank,ID Card,4100,PMC-15,Amaka
23/09/26,PMC,Morning,Polaris,Prepaid Card,4000,PMC-16,Funke
23/09/26,PMC,Afternoon,Moniepoint,ID Card,4100,PMC-01,Bola
23/09/26,PMC,Afternoon,Access Bank,Prepaid Card,4900,PMC-03,Amaka
23/09/26,PMC,Afternoon,Opay,Loyalty Card,8000,PMC-04,Chidinma
23/09/26,PMC,Afternoon,Zenith Bank,Debit Card,7500,PMC-06,Funke
23/09/26,PMC,Afternoon,GTBank,Prepaid Card,8400,PMC-07,Dayo
23/09/26,PMC,Afternoon,Access Bank,ID Card,8600,PMC-09,Tunde
23/09/26,PMC,Afternoon,Zenith Bank,Loyalty Card,4900,PMC-10,Chuka
23/09/26,PMC,Afternoon,Polaris,Loyalty Card,5300,PMC-12,Emeka
23/09/26,PMC,Afternoon,Polaris,Prepaid Card,4400,PMC-13,Bola
23/09/26,PMC,Afternoon,Opay,Debit Card,6000,PMC-14,Amaka
23/09/26,PMC,Afternoon,Access Bank,Debit Card,8000,PMC-15,Chidinma
23/09/26,PMC,Afternoon,Polaris,Prepaid Card,7000,PMC-16,Funke
24/09/26,PMC,Morning,Polaris,Prepaid Card,5200,PMC-01,Amaka
24/09/26,PMC,Morning,GTBank,Prepaid Card,4900,PMC-02,Chidinma
24/09/26,PMC,Morning,Zenith Bank,ID Card,8100,PMC-03,Tunde
24/09/26,PMC,Morning,Polaris,Prepaid Card,5700,PMC-04,Bola
24/09/26,PMC,Morning,Zenith Bank,Debit Card,7600,PMC-05,Dayo
24/09/26,PMC,Morning,Zenith Bank,ID Card,8400,PMC-07,Emeka
24/09/26,PMC,Morning,Moniepoint,Loyalty Card,6800,PMC-08,Chuka
24/09/26,PMC,Morning,Polaris,Prepaid Card,8000,PMC-09,Funke
24/09/26,PMC,Morning,Zenith Bank,Prepaid Card,7000,PMC-10,Amaka
24/09/26,PMC,Morning,GTBank,Loyalty Card,8100,PMC-12,Chidinma
24/09/26,PMC,Morning,Access Bank,Loyalty Card,6400,PMC-13,Tunde
24/09/26,PMC,Morning,Access Bank,ID Card,6000,PMC-14,Bola
24/09/26,PMC,Morning,GTBank,ID Card,7600,PMC-15,Dayo
24/09/26,PMC,Morning,Moniepoint,Loyalty Card,7700,PMC-16,Emeka
24/09/26,PMC,Afternoon,GTBank,Debit Card,8800,PMC-01,Emeka
24/09/26,PMC,Afternoon,Access Bank,Loyalty Card,5600,PMC-02,Dayo
24/09/26,PMC,Afternoon,Opay,Debit Card,7200,PMC-03,Funke
24/09/26,PMC,Afternoon,GTBank,Loyalty Card,4700,PMC-04,Chuka
24/09/26,PMC,Afternoon,Opay,Debit Card,5700,PMC-05,Amaka
24/09/26,PMC,Afternoon,Opay,ID Card,4900,PMC-07,Chidinma
24/09/26,PMC,Afternoon,Zenith Bank,Loyalty Card,8400,PMC-08,Tunde
24/09/26,PMC,Afternoon,Opay,Loyalty Card,6400,PMC-09,Bola
24/09/26,PMC,Afternoon,Access Bank,ID Card,8300,PMC-10,Emeka
24/09/26,PMC,Afternoon,Access Bank,Prepaid Card,6000,PMC-12,Dayo
24/09/26,PMC,Afternoon,GTBank,Debit Card,7400,PMC-13,Funke
24/09/26,PMC,Afternoon,Opay,Prepaid Card,8900,PMC-14,Chuka
24/09/26,PMC,Afternoon,GTBank,Loyalty Card,5200,PMC-15,Amaka
24/09/26,PMC,Afternoon,GTBank,ID Card,5800,PMC-16,Chidinma
25/09/26,PMC,Morning,Moniepoint,Loyalty Card,5100,PMC-01,Chidinma
25/09/26,PMC,Morning,Access Bank,ID Card,6500,PMC-02,Chuka
25/09/26,PMC,Morning,Moniepoint,Debit Card,7900,PMC-05,Tunde
25/09/26,PMC,Morning,Access Bank,Loyalty Card,8300,PMC-06,Funke
25/09/26,PMC,Morning,GTBank,Prepaid Card,5500,PMC-07,Emeka
25/09/26,PMC,Morning,Moniepoint,Loyalty Card,8500,PMC-08,Amaka
25/09/26,PMC,Morning,GTBank,Loyalty Card,5000,PMC-09,Dayo
25/09/26,PMC,Morning,Opay,Debit Card,6500,PMC-10,Bola
25/09/26,PMC,Morning,Zenith Bank,Prepaid Card,6500,PMC-12,Chidinma
25/09/26,PMC,Morning,Access Bank,ID Card,5800,PMC-14,Chuka
25/09/26,PMC,Morning,Access Bank,Loyalty Card,4000,PMC-15,Tunde
25/09/26,PMC,Afternoon,Polaris,Debit Card,5700,PMC-01,Funke
25/09/26,PMC,Afternoon,Zenith Bank,Debit Card,4500,PMC-02,Chidinma
25/09/26,PMC,Afternoon,Zenith Bank,Debit Card,6500,PMC-03,Chuka
25/09/26,PMC,Afternoon,Access Bank,Prepaid Card,4700,PMC-05,Dayo
25/09/26,PMC,Afternoon,Opay,Prepaid Card,5200,PMC-06,Bola
25/09/26,PMC,Afternoon,Polaris,ID Card,9000,PMC-07,Amaka
25/09/26,PMC,Afternoon,Access Bank,Debit Card,7700,PMC-11,Emeka
25/09/26,PMC,Afternoon,Zenith Bank,Prepaid Card,6200,PMC-12,Tunde
25/09/26,PMC,Afternoon,Zenith Bank,Loyalty Card,7600,PMC-13,Funke
25/09/26,PMC,Afternoon,Opay,Prepaid Card,7100,PMC-16,Chidinma
28/09/26,PMC,Morning,Access Bank,Prepaid Card,8200,PMC-01,Bola
28/09/26,PMC,Morning,GTBank,ID Card,4600,PMC-02,Funke
28/09/26,PMC,Morning,GTBank,ID Card,6600,PMC-03,Chuka
28/09/26,PMC,Morning,Moniepoint,Debit Card,8800,PMC-04,Chidinma
28/09/26,PMC,Morning,Opay,Debit Card,8800,PMC-05,Tunde
28/09/26,PMC,Morning,Polaris,ID Card,4500,PMC-07,Dayo
28/09/26,PMC,Morning,Polaris,Prepaid Card,8600,PMC-08,Amaka
28/09/26,PMC,Morning,GTBank,Debit Card,5600,PMC-10,Emeka
28/09/26,PMC,Morning,Zenith Bank,Loyalty Card,6200,PMC-11,Bola
28/09/26,PMC,Morning,Polaris,ID Card,5500,PMC-13,Funke
28/09/26,PMC,Morning,GTBank,Loyalty Card,4400,PMC-14,Chuka
28/09/26,PMC,Morning,Opay,Debit Card,8600,PMC-16,Chidinma
28/09/26,PMC,Afternoon,Zenith Bank,Loyalty Card,7200,PMC-01,Emeka
28/09/26,PMC,Afternoon,Access Bank,Loyalty Card,6600,PMC-02,Chidinma
28/09/26,PMC,Afternoon,Zenith Bank,ID Card,4300,PMC-03,Chuka
28/09/26,PMC,Afternoon,Zenith Bank,Debit Card,6200,PMC-06,Funke
28/09/26,PMC,Afternoon,Moniepoint,Loyalty Card,4200,PMC-08,Dayo
28/09/26,PMC,Afternoon,Access Bank,ID Card,4200,PMC-10,Tunde
28/09/26,PMC,Afternoon,Zenith Bank,Prepaid Card,6600,PMC-11,Amaka
28/09/26,PMC,Afternoon,Polaris,ID Card,8100,PMC-12,Bola
28/09/26,PMC,Afternoon,Moniepoint,Debit Card,7600,PMC-14,Emeka
28/09/26,PMC,Afternoon,Access Bank,ID Card,8000,PMC-16,Chidinma
29/09/26,PMC,Morning,GTBank,Prepaid Card,5300,PMC-01,Tunde
29/09/26,PMC,Morning,Opay,ID Card,6800,PMC-02,Dayo
29/09/26,PMC,Morning,Moniepoint,ID Card,5900,PMC-05,Amaka
29/09/26,PMC,Morning,Opay,Loyalty Card,7300,PMC-06,Bola
29/09/26,PMC,Morning,GTBank,ID Card,4300,PMC-07,Funke
29/09/26,PMC,Morning,Polaris,ID Card,6500,PMC-08,Chuka
29/09/26,PMC,Morning,GTBank,Loyalty Card,8700,PMC-09,Emeka
29/09/26,PMC,Morning,Polaris,ID Card,7100,PMC-12,Chidinma
29/09/26,PMC,Morning,Access Bank,ID Card,8900,PMC-14,Tunde
29/09/26,PMC,Morning,Moniepoint,Prepaid Card,5200,PMC-15,Dayo
29/09/26,PMC,Morning,Zenith Bank,ID Card,5800,PMC-16,Amaka
29/09/26,PMC,Afternoon,Moniepoint,Prepaid Card,4400,PMC-01,Amaka
29/09/26,PMC,Afternoon,Opay,Prepaid Card,7600,PMC-02,Emeka
29/09/26,PMC,Afternoon,Polaris,ID Card,5100,PMC-03,Chuka
29/09/26,PMC,Afternoon,Moniepoint,ID Card,4000,PMC-05,Dayo
29/09/26,PMC,Afternoon,Zenith Bank,Debit Card,6700,PMC-06,Funke
29/09/26,PMC,Afternoon,Access Bank,Loyalty Card,4700,PMC-07,Tunde
29/09/26,PMC,Afternoon,Access Bank,Loyalty Card,5000,PMC-08,Bola
29/09/26,PMC,Afternoon,GTBank,Loyalty Card,8100,PMC-09,Chidinma
29/09/26,PMC,Afternoon,Polaris,Loyalty Card,5500,PMC-10,Amaka
29/09/26,PMC,Afternoon,Access Bank,Prepaid Card,6800,PMC-11,Emeka
29/09/26,PMC,Afternoon,Zenith Bank,Prepaid Card,7800,PMC-14,Chuka
29/09/26,PMC,Afternoon,Opay,Debit Card,4400,PMC-15,Dayo
29/09/26,PMC,Afternoon,Moniepoint,Prepaid Card,7400,PMC-16,Funke
01/07/26,Telco,Morning,Polaris,SIM 4FF,8400,TEL-1,Femi
01/07/26,Telco,Morning,GTBank,eSIM Kit,7500,TEL-2,Efe
01/07/26,Telco,Morning,Opay,Scratch Card,6500,TEL-3,Gift
01/07/26,Telco,Morning,Moniepoint,eSIM Kit,9800,TEL-4,Hadiza
01/07/26,Telco,Afternoon,Moniepoint,Starter Pack,5900,TEL-1,Efe
01/07/26,Telco,Afternoon,Polaris,Starter Pack,7200,TEL-2,Gift
01/07/26,Telco,Afternoon,Access Bank,Starter Pack,7000,TEL-3,Hadiza
01/07/26,Telco,Afternoon,Polaris,SIM 4FF,8900,TEL-4,Femi
01/07/26,Telco,Afternoon,Polaris,Starter Pack,6700,TEL-5,Efe
01/07/26,Telco,Afternoon,Zenith Bank,Starter Pack,8700,TEL-6,Gift
02/07/26,Telco,Morning,Moniepoint,Starter Pack,8600,TEL-1,Femi
02/07/26,Telco,Morning,Zenith Bank,SIM 4FF,5600,TEL-2,Hadiza
02/07/26,Telco,Morning,Moniepoint,Starter Pack,6700,TEL-3,Efe
02/07/26,Telco,Morning,Access Bank,Starter Pack,9900,TEL-5,Gift
02/07/26,Telco,Morning,Opay,SIM 4FF,7000,TEL-6,Femi
02/07/26,Telco,Afternoon,Zenith Bank,Scratch Card,7000,TEL-1,Efe
02/07/26,Telco,Afternoon,GTBank,Starter Pack,6100,TEL-2,Gift
02/07/26,Telco,Afternoon,Opay,eSIM Kit,6000,TEL-4,Hadiza
02/07/26,Telco,Afternoon,Access Bank,eSIM Kit,8900,TEL-6,Femi
03/07/26,Telco,Morning,Opay,Scratch Card,9400,TEL-1,Hadiza
03/07/26,Telco,Morning,Polaris,SIM 4FF,6900,TEL-2,Efe
03/07/26,Telco,Morning,Polaris,SIM 4FF,8400,TEL-3,Femi
03/07/26,Telco,Morning,Polaris,Starter Pack,9900,TEL-4,Gift
03/07/26,Telco,Morning,Opay,SIM 4FF,9700,TEL-6,Hadiza
03/07/26,Telco,Afternoon,Opay,SIM 4FF,6800,TEL-1,Hadiza
03/07/26,Telco,Afternoon,Polaris,Scratch Card,6600,TEL-2,Efe
03/07/26,Telco,Afternoon,GTBank,Scratch Card,9600,TEL-3,Femi
03/07/26,Telco,Afternoon,GTBank,SIM 4FF,8900,TEL-4,Gift
03/07/26,Telco,Afternoon,Opay,eSIM Kit,5600,TEL-6,Hadiza
06/07/26,Telco,Morning,Access Bank,Scratch Card,5400,TEL-2,Femi
06/07/26,Telco,Morning,Polaris,Scratch Card,9000,TEL-4,Efe
06/07/26,Telco,Morning,Moniepoint,eSIM Kit,7500,TEL-5,Gift
06/07/26,Telco,Morning,Opay,eSIM Kit,8900,TEL-6,Hadiza
06/07/26,Telco,Afternoon,Polaris,Scratch Card,9400,TEL-1,Hadiza
06/07/26,Telco,Afternoon,Moniepoint,Starter Pack,8500,TEL-3,Femi
06/07/26,Telco,Afternoon,Polaris,eSIM Kit,5400,TEL-6,Efe
07/07/26,Telco,Morning,Zenith Bank,eSIM Kit,7300,TEL-1,Efe
07/07/26,Telco,Morning,Zenith Bank,Starter Pack,6400,TEL-2,Gift
07/07/26,Telco,Morning,Polaris,SIM 4FF,9100,TEL-3,Femi
07/07/26,Telco,Morning,Moniepoint,Scratch Card,7600,TEL-5,Hadiza
07/07/26,Telco,Morning,Opay,Starter Pack,7200,TEL-6,Efe
07/07/26,Telco,Afternoon,Access Bank,SIM 4FF,5300,TEL-1,Efe
07/07/26,Telco,Afternoon,Access Bank,eSIM Kit,6700,TEL-2,Hadiza
07/07/26,Telco,Afternoon,Moniepoint,Scratch Card,6100,TEL-3,Femi
07/07/26,Telco,Afternoon,Access Bank,Scratch Card,8100,TEL-4,Gift
08/07/26,Telco,Morning,Access Bank,SIM 4FF,5400,TEL-1,Femi
08/07/26,Telco,Morning,Polaris,Starter Pack,6600,TEL-2,Efe
08/07/26,Telco,Morning,GTBank,Scratch Card,5700,TEL-4,Hadiza
08/07/26,Telco,Morning,Access Bank,SIM 4FF,5700,TEL-5,Gift
08/07/26,Telco,Morning,Polaris,Starter Pack,5200,TEL-6,Femi
08/07/26,Telco,Afternoon,GTBank,SIM 4FF,6400,TEL-1,Gift
08/07/26,Telco,Afternoon,Zenith Bank,eSIM Kit,5700,TEL-2,Femi
08/07/26,Telco,Afternoon,Opay,Scratch Card,7900,TEL-3,Efe
08/07/26,Telco,Afternoon,Zenith Bank,eSIM Kit,6200,TEL-4,Hadiza
08/07/26,Telco,Afternoon,GTBank,Scratch Card,6500,TEL-5,Gift
08/07/26,Telco,Afternoon,Zenith Bank,eSIM Kit,5700,TEL-6,Femi
09/07/26,Telco,Morning,Opay,Scratch Card,5100,TEL-2,Femi
09/07/26,Telco,Morning,Opay,eSIM Kit,7200,TEL-3,Gift
09/07/26,Telco,Morning,Moniepoint,SIM 4FF,8900,TEL-4,Efe
09/07/26,Telco,Morning,Moniepoint,eSIM Kit,5400,TEL-5,Hadiza
09/07/26,Telco,Afternoon,Zenith Bank,Scratch Card,7400,TEL-3,Efe
09/07/26,Telco,Afternoon,Zenith Bank,SIM 4FF,8400,TEL-5,Femi
10/07/26,Telco,Morning,Polaris,Scratch Card,9200,TEL-1,Femi
10/07/26,Telco,Morning,GTBank,Starter Pack,5800,TEL-2,Hadiza
10/07/26,Telco,Morning,Opay,eSIM Kit,7700,TEL-3,Efe
10/07/26,Telco,Morning,Zenith Bank,SIM 4FF,6400,TEL-4,Gift
10/07/26,Telco,Morning,GTBank,Scratch Card,9900,TEL-5,Femi
10/07/26,Telco,Morning,Access Bank,SIM 4FF,9500,TEL-6,Hadiza
10/07/26,Telco,Afternoon,Opay,eSIM Kit,8800,TEL-1,Efe
10/07/26,Telco,Afternoon,Moniepoint,eSIM Kit,8800,TEL-2,Hadiza
10/07/26,Telco,Afternoon,Opay,eSIM Kit,9800,TEL-5,Gift
10/07/26,Telco,Afternoon,Access Bank,Scratch Card,6100,TEL-6,Femi
13/07/26,Telco,Morning,Moniepoint,eSIM Kit,5400,TEL-1,Hadiza
13/07/26,Telco,Morning,Opay,eSIM Kit,8900,TEL-2,Femi
13/07/26,Telco,Morning,Zenith Bank,Scratch Card,6400,TEL-3,Efe
13/07/26,Telco,Morning,Zenith Bank,Starter Pack,6000,TEL-4,Gift
13/07/26,Telco,Morning,Moniepoint,eSIM Kit,8400,TEL-5,Hadiza
13/07/26,Telco,Morning,Polaris,Scratch Card,6100,TEL-6,Femi
13/07/26,Telco,Afternoon,Opay,Scratch Card,7100,TEL-1,Efe
13/07/26,Telco,Afternoon,Zenith Bank,Starter Pack,5700,TEL-3,Gift
13/07/26,Telco,Afternoon,Access Bank,Starter Pack,9500,TEL-6,Hadiza
14/07/26,Telco,Morning,Access Bank,Starter Pack,8200,TEL-1,Femi
14/07/26,Telco,Morning,Opay,Scratch Card,6500,TEL-3,Gift
14/07/26,Telco,Morning,Polaris,Scratch Card,7500,TEL-4,Efe
14/07/26,Telco,Morning,Moniepoint,Starter Pack,8100,TEL-5,Hadiza
14/07/26,Telco,Morning,Moniepoint,SIM 4FF,7600,TEL-6,Femi
14/07/26,Telco,Afternoon,Access Bank,Starter Pack,7000,TEL-1,Efe
14/07/26,Telco,Afternoon,Moniepoint,Starter Pack,7700,TEL-2,Gift
14/07/26,Telco,Afternoon,Access Bank,Starter Pack,8500,TEL-3,Hadiza
14/07/26,Telco,Afternoon,Moniepoint,Scratch Card,5400,TEL-4,Femi
14/07/26,Telco,Afternoon,Polaris,eSIM Kit,6600,TEL-5,Efe
14/07/26,Telco,Afternoon,Access Bank,Starter Pack,5400,TEL-6,Gift
15/07/26,Telco,Morning,Moniepoint,Starter Pack,7600,TEL-1,Hadiza
15/07/26,Telco,Morning,Polaris,Scratch Card,8000,TEL-2,Efe
15/07/26,Telco,Morning,Access Bank,Scratch Card,8400,TEL-3,Femi
15/07/26,Telco,Morning,GTBank,Scratch Card,9100,TEL-4,Gift
15/07/26,Telco,Morning,GTBank,Starter Pack,5500,TEL-5,Hadiza
15/07/26,Telco,Morning,GTBank,eSIM Kit,9900,TEL-6,Efe
15/07/26,Telco,Afternoon,Moniepoint,Scratch Card,8000,TEL-1,Gift
15/07/26,Telco,Afternoon,Zenith Bank,SIM 4FF,6300,TEL-2,Efe
15/07/26,Telco,Afternoon,Access Bank,SIM 4FF,7400,TEL-3,Hadiza
15/07/26,Telco,Afternoon,Moniepoint,Scratch Card,6600,TEL-4,Femi
15/07/26,Telco,Afternoon,Opay,SIM 4FF,6800,TEL-5,Gift
16/07/26,Telco,Morning,Opay,Scratch Card,7000,TEL-2,Hadiza
16/07/26,Telco,Morning,Access Bank,Scratch Card,9800,TEL-3,Femi
16/07/26,Telco,Morning,Moniepoint,Starter Pack,9300,TEL-4,Efe
16/07/26,Telco,Morning,Access Bank,Scratch Card,7800,TEL-5,Gift
16/07/26,Telco,Morning,GTBank,Scratch Card,5200,TEL-6,Hadiza
16/07/26,Telco,Afternoon,Zenith Bank,Starter Pack,7600,TEL-1,Gift
16/07/26,Telco,Afternoon,Polaris,SIM 4FF,9400,TEL-3,Femi
16/07/26,Telco,Afternoon,Access Bank,SIM 4FF,6800,TEL-5,Efe
17/07/26,Telco,Morning,Zenith Bank,eSIM Kit,9400,TEL-1,Femi
17/07/26,Telco,Morning,Polaris,Scratch Card,9200,TEL-2,Efe
17/07/26,Telco,Morning,GTBank,SIM 4FF,6200,TEL-3,Gift
17/07/26,Telco,Morning,Polaris,SIM 4FF,8000,TEL-4,Hadiza
17/07/26,Telco,Morning,Opay,eSIM Kit,8300,TEL-5,Femi
17/07/26,Telco,Morning,Polaris,SIM 4FF,6100,TEL-6,Efe
17/07/26,Telco,Afternoon,Polaris,Starter Pack,5300,TEL-1,Hadiza
17/07/26,Telco,Afternoon,Moniepoint,Scratch Card,6700,TEL-2,Efe
17/07/26,Telco,Afternoon,Polaris,Starter Pack,8100,TEL-3,Femi
17/07/26,Telco,Afternoon,Access Bank,Scratch Card,9000,TEL-4,Gift
17/07/26,Telco,Afternoon,Moniepoint,Scratch Card,7000,TEL-5,Hadiza
17/07/26,Telco,Afternoon,Polaris,eSIM Kit,8400,TEL-6,Efe
20/07/26,Telco,Morning,Opay,SIM 4FF,6600,TEL-1,Gift
20/07/26,Telco,Morning,Zenith Bank,Starter Pack,9300,TEL-2,Hadiza
20/07/26,Telco,Morning,Polaris,SIM 4FF,6600,TEL-3,Efe
20/07/26,Telco,Morning,Polaris,Scratch Card,8400,TEL-4,Femi
20/07/26,Telco,Morning,GTBank,Scratch Card,9000,TEL-5,Gift
20/07/26,Telco,Morning,Zenith Bank,Scratch Card,5100,TEL-6,Hadiza
20/07/26,Telco,Afternoon,Moniepoint,Scratch Card,9100,TEL-1,Efe
20/07/26,Telco,Afternoon,Moniepoint,Starter Pack,9800,TEL-2,Hadiza
20/07/26,Telco,Afternoon,Access Bank,Scratch Card,9500,TEL-3,Femi
20/07/26,Telco,Afternoon,Moniepoint,Scratch Card,7000,TEL-4,Gift
20/07/26,Telco,Afternoon,Moniepoint,SIM 4FF,9700,TEL-5,Efe
20/07/26,Telco,Afternoon,Zenith Bank,Starter Pack,5000,TEL-6,Hadiza
21/07/26,Telco,Morning,Zenith Bank,SIM 4FF,6700,TEL-1,Efe
21/07/26,Telco,Morning,Moniepoint,SIM 4FF,9700,TEL-2,Femi
21/07/26,Telco,Morning,GTBank,eSIM Kit,8700,TEL-3,Gift
21/07/26,Telco,Morning,Zenith Bank,eSIM Kit,6200,TEL-4,Hadiza
21/07/26,Telco,Morning,Opay,Starter Pack,6300,TEL-5,Efe
21/07/26,Telco,Morning,Moniepoint,Scratch Card,6700,TEL-6,Femi
21/07/26,Telco,Afternoon,Opay,Starter Pack,8000,TEL-1,Gift
21/07/26,Telco,Afternoon,Access Bank,Scratch Card,7800,TEL-2,Femi
21/07/26,Telco,Afternoon,Moniepoint,eSIM Kit,8200,TEL-3,Hadiza
21/07/26,Telco,Afternoon,Moniepoint,SIM 4FF,7700,TEL-4,Efe
21/07/26,Telco,Afternoon,Moniepoint,Starter Pack,7500,TEL-5,Gift
21/07/26,Telco,Afternoon,Moniepoint,Scratch Card,8900,TEL-6,Femi
22/07/26,Telco,Morning,GTBank,Scratch Card,6900,TEL-1,Hadiza
22/07/26,Telco,Morning,GTBank,SIM 4FF,8800,TEL-2,Efe
22/07/26,Telco,Morning,Opay,Scratch Card,6400,TEL-3,Gift
22/07/26,Telco,Morning,Moniepoint,Scratch Card,9900,TEL-4,Femi
22/07/26,Telco,Afternoon,Polaris,Starter Pack,5600,TEL-2,Femi
22/07/26,Telco,Afternoon,Moniepoint,Scratch Card,8000,TEL-4,Efe
23/07/26,Telco,Morning,Polaris,eSIM Kit,5700,TEL-1,Efe
23/07/26,Telco,Morning,Access Bank,eSIM Kit,9800,TEL-2,Gift
23/07/26,Telco,Morning,Moniepoint,eSIM Kit,6800,TEL-3,Hadiza
23/07/26,Telco,Morning,Polaris,eSIM Kit,7000,TEL-4,Femi
23/07/26,Telco,Morning,Moniepoint,Starter Pack,9000,TEL-5,Efe
23/07/26,Telco,Morning,Opay,eSIM Kit,7500,TEL-6,Gift
23/07/26,Telco,Afternoon,Zenith Bank,SIM 4FF,7000,TEL-1,Gift
23/07/26,Telco,Afternoon,Access Bank,Scratch Card,9400,TEL-2,Efe
23/07/26,Telco,Afternoon,Zenith Bank,Scratch Card,6000,TEL-3,Femi
23/07/26,Telco,Afternoon,Opay,SIM 4FF,8300,TEL-5,Hadiza
23/07/26,Telco,Afternoon,Opay,Starter Pack,6700,TEL-6,Gift
24/07/26,Telco,Morning,Moniepoint,Scratch Card,6100,TEL-1,Hadiza
24/07/26,Telco,Morning,Access Bank,eSIM Kit,7200,TEL-2,Gift
24/07/26,Telco,Morning,Moniepoint,eSIM Kit,6500,TEL-3,Efe
24/07/26,Telco,Morning,Access Bank,Scratch Card,7500,TEL-4,Femi
24/07/26,Telco,Morning,Opay,Starter Pack,5700,TEL-5,Hadiza
24/07/26,Telco,Morning,Zenith Bank,eSIM Kit,5600,TEL-6,Gift
24/07/26,Telco,Afternoon,Polaris,Starter Pack,8000,TEL-4,Efe
24/07/26,Telco,Afternoon,GTBank,eSIM Kit,8400,TEL-5,Hadiza
27/07/26,Telco,Morning,Zenith Bank,Scratch Card,8900,TEL-1,Hadiza
27/07/26,Telco,Morning,Access Bank,Starter Pack,8600,TEL-2,Gift
27/07/26,Telco,Morning,Access Bank,eSIM Kit,6400,TEL-3,Femi
27/07/26,Telco,Morning,Opay,SIM 4FF,7400,TEL-4,Efe
27/07/26,Telco,Morning,Moniepoint,eSIM Kit,8200,TEL-5,Hadiza
27/07/26,Telco,Morning,GTBank,eSIM Kit,5000,TEL-6,Gift
27/07/26,Telco,Afternoon,Opay,SIM 4FF,9800,TEL-1,Femi
27/07/26,Telco,Afternoon,Access Bank,SIM 4FF,6300,TEL-2,Gift
27/07/26,Telco,Afternoon,Access Bank,SIM 4FF,7600,TEL-4,Hadiza
27/07/26,Telco,Afternoon,Access Bank,Scratch Card,5300,TEL-5,Efe
27/07/26,Telco,Afternoon,Moniepoint,Scratch Card,5600,TEL-6,Femi
28/07/26,Telco,Morning,Zenith Bank,eSIM Kit,5900,TEL-1,Hadiza
28/07/26,Telco,Morning,Moniepoint,Scratch Card,6900,TEL-2,Efe
28/07/26,Telco,Morning,Opay,Scratch Card,8500,TEL-3,Femi
28/07/26,Telco,Morning,Polaris,Scratch Card,5400,TEL-4,Gift
28/07/26,Telco,Morning,Opay,SIM 4FF,5800,TEL-5,Hadiza
28/07/26,Telco,Morning,Access Bank,Starter Pack,5100,TEL-6,Efe
28/07/26,Telco,Afternoon,Zenith Bank,SIM 4FF,6300,TEL-2,Hadiza
28/07/26,Telco,Afternoon,Access Bank,SIM 4FF,6800,TEL-3,Gift
28/07/26,Telco,Afternoon,GTBank,Starter Pack,8000,TEL-5,Femi
28/07/26,Telco,Afternoon,Opay,eSIM Kit,8900,TEL-6,Efe
29/07/26,Telco,Morning,GTBank,Scratch Card,9400,TEL-1,Efe
29/07/26,Telco,Morning,Moniepoint,eSIM Kit,5500,TEL-2,Hadiza
29/07/26,Telco,Morning,Access Bank,Starter Pack,5000,TEL-3,Gift
29/07/26,Telco,Morning,Polaris,Scratch Card,7800,TEL-4,Femi
29/07/26,Telco,Morning,Polaris,SIM 4FF,9000,TEL-5,Efe
29/07/26,Telco,Afternoon,GTBank,eSIM Kit,9900,TEL-5,Hadiza
29/07/26,Telco,Afternoon,Polaris,Starter Pack,6800,TEL-6,Femi
30/07/26,Telco,Morning,Access Bank,SIM 4FF,6700,TEL-1,Hadiza
30/07/26,Telco,Morning,GTBank,Scratch Card,7800,TEL-2,Femi
30/07/26,Telco,Morning,Opay,Scratch Card,9000,TEL-4,Gift
30/07/26,Telco,Morning,Opay,eSIM Kit,7300,TEL-6,Efe
30/07/26,Telco,Afternoon,Moniepoint,eSIM Kit,5200,TEL-1,Hadiza
30/07/26,Telco,Afternoon,Moniepoint,Scratch Card,5800,TEL-2,Femi
30/07/26,Telco,Afternoon,Polaris,Scratch Card,9500,TEL-4,Gift
30/07/26,Telco,Afternoon,Opay,Starter Pack,9800,TEL-5,Efe
30/07/26,Telco,Afternoon,Opay,Scratch Card,5500,TEL-6,Hadiza
31/07/26,Telco,Morning,Polaris,SIM 4FF,5900,TEL-1,Hadiza
31/07/26,Telco,Morning,Opay,eSIM Kit,5900,TEL-2,Femi
31/07/26,Telco,Morning,GTBank,eSIM Kit,7900,TEL-3,Efe
31/07/26,Telco,Morning,Zenith Bank,Starter Pack,5600,TEL-4,Gift
31/07/26,Telco,Morning,Access Bank,eSIM Kit,9800,TEL-5,Hadiza
31/07/26,Telco,Morning,Moniepoint,Starter Pack,9000,TEL-6,Femi
31/07/26,Telco,Afternoon,Polaris,SIM 4FF,8200,TEL-1,Femi
31/07/26,Telco,Afternoon,Access Bank,eSIM Kit,5500,TEL-3,Gift
31/07/26,Telco,Afternoon,Polaris,eSIM Kit,9000,TEL-4,Efe
31/07/26,Telco,Afternoon,Polaris,Scratch Card,7600,TEL-5,Hadiza
31/07/26,Telco,Afternoon,Polaris,Scratch Card,7900,TEL-6,Femi
03/08/26,Telco,Morning,Zenith Bank,eSIM Kit,8400,TEL-2,Hadiza
03/08/26,Telco,Morning,Moniepoint,SIM 4FF,8500,TEL-3,Femi
03/08/26,Telco,Morning,Moniepoint,eSIM Kit,7200,TEL-4,Gift
03/08/26,Telco,Morning,Polaris,SIM 4FF,7400,TEL-6,Efe
03/08/26,Telco,Afternoon,Zenith Bank,Starter Pack,8200,TEL-2,Efe
03/08/26,Telco,Afternoon,Access Bank,Scratch Card,5800,TEL-4,Femi
03/08/26,Telco,Afternoon,Opay,SIM 4FF,6000,TEL-5,Hadiza
03/08/26,Telco,Afternoon,Moniepoint,Scratch Card,9500,TEL-6,Gift
04/08/26,Telco,Morning,Zenith Bank,SIM 4FF,6900,TEL-3,Efe
04/08/26,Telco,Morning,Polaris,Scratch Card,9600,TEL-4,Gift
04/08/26,Telco,Morning,Polaris,SIM 4FF,8000,TEL-6,Femi
04/08/26,Telco,Afternoon,Opay,Starter Pack,6000,TEL-1,Femi
04/08/26,Telco,Afternoon,Zenith Bank,Scratch Card,7000,TEL-2,Hadiza
04/08/26,Telco,Afternoon,GTBank,Scratch Card,5400,TEL-5,Efe
05/08/26,Telco,Morning,Opay,eSIM Kit,9800,TEL-1,Efe
05/08/26,Telco,Morning,Polaris,Scratch Card,9900,TEL-2,Gift
05/08/26,Telco,Morning,GTBank,Scratch Card,6400,TEL-4,Hadiza
05/08/26,Telco,Morning,Polaris,Starter Pack,7800,TEL-6,Femi
05/08/26,Telco,Afternoon,Opay,Starter Pack,8800,TEL-2,Efe
05/08/26,Telco,Afternoon,Moniepoint,Starter Pack,6700,TEL-4,Femi
05/08/26,Telco,Afternoon,Moniepoint,Scratch Card,6400,TEL-5,Gift
05/08/26,Telco,Afternoon,Polaris,SIM 4FF,9800,TEL-6,Hadiza
06/08/26,Telco,Morning,Polaris,SIM 4FF,8400,TEL-1,Gift
06/08/26,Telco,Morning,Access Bank,SIM 4FF,8800,TEL-2,Femi
06/08/26,Telco,Morning,Polaris,SIM 4FF,7400,TEL-3,Efe
06/08/26,Telco,Morning,Access Bank,SIM 4FF,9300,TEL-5,Hadiza
06/08/26,Telco,Morning,Opay,eSIM Kit,5600,TEL-6,Gift
06/08/26,Telco,Afternoon,Moniepoint,Scratch Card,7900,TEL-1,Efe
06/08/26,Telco,Afternoon,Polaris,Scratch Card,8500,TEL-2,Hadiza
06/08/26,Telco,Afternoon,GTBank,Scratch Card,8000,TEL-3,Femi
06/08/26,Telco,Afternoon,Moniepoint,eSIM Kit,5100,TEL-4,Gift
06/08/26,Telco,Afternoon,GTBank,eSIM Kit,9400,TEL-5,Efe
07/08/26,Telco,Morning,Polaris,Starter Pack,8000,TEL-1,Gift
07/08/26,Telco,Morning,GTBank,Starter Pack,5300,TEL-2,Femi
07/08/26,Telco,Morning,GTBank,Starter Pack,9800,TEL-3,Efe
07/08/26,Telco,Morning,GTBank,Scratch Card,5100,TEL-4,Hadiza
07/08/26,Telco,Afternoon,Polaris,SIM 4FF,8500,TEL-3,Femi
07/08/26,Telco,Afternoon,Access Bank,SIM 4FF,8200,TEL-5,Hadiza
10/08/26,Telco,Morning,Opay,SIM 4FF,8300,TEL-1,Femi
10/08/26,Telco,Morning,GTBank,eSIM Kit,6700,TEL-2,Efe
10/08/26,Telco,Morning,Opay,Starter Pack,9200,TEL-3,Hadiza
10/08/26,Telco,Morning,GTBank,eSIM Kit,6900,TEL-4,Gift
10/08/26,Telco,Morning,Polaris,eSIM Kit,9500,TEL-5,Femi
10/08/26,Telco,Afternoon,Access Bank,eSIM Kit,7800,TEL-2,Gift
10/08/26,Telco,Afternoon,Access Bank,Starter Pack,9800,TEL-3,Hadiza
10/08/26,Telco,Afternoon,Moniepoint,Starter Pack,9800,TEL-4,Femi
11/08/26,Telco,Morning,GTBank,Scratch Card,6600,TEL-2,Efe
11/08/26,Telco,Morning,GTBank,SIM 4FF,8500,TEL-3,Hadiza
11/08/26,Telco,Morning,Access Bank,Scratch Card,8300,TEL-4,Gift
11/08/26,Telco,Morning,GTBank,SIM 4FF,9000,TEL-5,Femi
11/08/26,Telco,Morning,Polaris,eSIM Kit,8100,TEL-6,Efe
11/08/26,Telco,Afternoon,Moniepoint,Scratch Card,6600,TEL-1,Gift
11/08/26,Telco,Afternoon,GTBank,SIM 4FF,6400,TEL-2,Hadiza
11/08/26,Telco,Afternoon,Zenith Bank,eSIM Kit,8300,TEL-3,Efe
11/08/26,Telco,Afternoon,Access Bank,eSIM Kit,6900,TEL-4,Femi
11/08/26,Telco,Afternoon,Access Bank,Starter Pack,9500,TEL-5,Gift
11/08/26,Telco,Afternoon,GTBank,eSIM Kit,6400,TEL-6,Hadiza
12/08/26,Telco,Morning,Polaris,eSIM Kit,9400,TEL-2,Femi
12/08/26,Telco,Morning,Moniepoint,SIM 4FF,5800,TEL-3,Hadiza
12/08/26,Telco,Morning,Access Bank,SIM 4FF,7500,TEL-4,Efe
12/08/26,Telco,Morning,Polaris,eSIM Kit,7800,TEL-5,Gift
12/08/26,Telco,Afternoon,GTBank,Starter Pack,7200,TEL-2,Femi
12/08/26,Telco,Afternoon,Moniepoint,SIM 4FF,8600,TEL-3,Hadiza
12/08/26,Telco,Afternoon,Moniepoint,Starter Pack,6200,TEL-5,Efe
12/08/26,Telco,Afternoon,Opay,Starter Pack,10000,TEL-6,Gift
13/08/26,Telco,Morning,Zenith Bank,SIM 4FF,7800,TEL-1,Femi
13/08/26,Telco,Morning,Zenith Bank,Scratch Card,8500,TEL-2,Hadiza
13/08/26,Telco,Morning,Zenith Bank,SIM 4FF,8600,TEL-3,Efe
13/08/26,Telco,Morning,Access Bank,Starter Pack,7100,TEL-4,Gift
13/08/26,Telco,Morning,Polaris,eSIM Kit,6100,TEL-5,Femi
13/08/26,Telco,Morning,Polaris,Starter Pack,6600,TEL-6,Hadiza
13/08/26,Telco,Afternoon,Moniepoint,Scratch Card,6400,TEL-1,Efe
13/08/26,Telco,Afternoon,Polaris,eSIM Kit,8400,TEL-4,Gift
13/08/26,Telco,Afternoon,Zenith Bank,Starter Pack,8700,TEL-5,Hadiza
14/08/26,Telco,Morning,Access Bank,SIM 4FF,9200,TEL-1,Efe
14/08/26,Telco,Morning,Zenith Bank,Scratch Card,7900,TEL-2,Hadiza
14/08/26,Telco,Morning,Moniepoint,eSIM Kit,9000,TEL-4,Gift
14/08/26,Telco,Morning,GTBank,eSIM Kit,9400,TEL-5,Femi
14/08/26,Telco,Morning,Moniepoint,Starter Pack,9900,TEL-6,Efe
14/08/26,Telco,Afternoon,Zenith Bank,SIM 4FF,6600,TEL-3,Hadiza
14/08/26,Telco,Afternoon,GTBank,Scratch Card,7700,TEL-4,Gift
14/08/26,Telco,Afternoon,Moniepoint,SIM 4FF,9500,TEL-6,Femi
17/08/26,Telco,Morning,Moniepoint,Starter Pack,6300,TEL-2,Hadiza
17/08/26,Telco,Morning,Access Bank,SIM 4FF,6300,TEL-3,Gift
17/08/26,Telco,Morning,Opay,eSIM Kit,6500,TEL-4,Femi
17/08/26,Telco,Morning,GTBank,eSIM Kit,9000,TEL-5,Efe
17/08/26,Telco,Morning,Moniepoint,SIM 4FF,8100,TEL-6,Hadiza
17/08/26,Telco,Afternoon,Access Bank,SIM 4FF,8600,TEL-2,Gift
17/08/26,Telco,Afternoon,Moniepoint,eSIM Kit,9500,TEL-3,Efe
17/08/26,Telco,Afternoon,Moniepoint,eSIM Kit,7900,TEL-4,Hadiza
17/08/26,Telco,Afternoon,Polaris,SIM 4FF,9300,TEL-6,Femi
18/08/26,Telco,Morning,Access Bank,SIM 4FF,8000,TEL-1,Femi
18/08/26,Telco,Morning,Zenith Bank,SIM 4FF,6300,TEL-2,Efe
18/08/26,Telco,Morning,Access Bank,SIM 4FF,10000,TEL-3,Hadiza
18/08/26,Telco,Morning,GTBank,SIM 4FF,9400,TEL-4,Gift
18/08/26,Telco,Morning,Opay,eSIM Kit,8000,TEL-5,Femi
18/08/26,Telco,Morning,GTBank,SIM 4FF,7200,TEL-6,Efe
18/08/26,Telco,Afternoon,Access Bank,Starter Pack,8500,TEL-2,Gift
18/08/26,Telco,Afternoon,Zenith Bank,Starter Pack,5600,TEL-3,Efe
18/08/26,Telco,Afternoon,Polaris,Starter Pack,6300,TEL-4,Femi
18/08/26,Telco,Afternoon,Access Bank,SIM 4FF,5800,TEL-6,Hadiza
19/08/26,Telco,Morning,Opay,SIM 4FF,9200,TEL-1,Femi
19/08/26,Telco,Morning,Access Bank,Scratch Card,5300,TEL-2,Hadiza
19/08/26,Telco,Morning,Moniepoint,Scratch Card,7200,TEL-3,Gift
19/08/26,Telco,Morning,GTBank,SIM 4FF,8300,TEL-4,Efe
19/08/26,Telco,Morning,Moniepoint,Starter Pack,7600,TEL-5,Femi
19/08/26,Telco,Morning,Moniepoint,eSIM Kit,5300,TEL-6,Hadiza
19/08/26,Telco,Afternoon,Zenith Bank,Starter Pack,5800,TEL-1,Femi
19/08/26,Telco,Afternoon,Zenith Bank,SIM 4FF,5400,TEL-2,Efe
19/08/26,Telco,Afternoon,Zenith Bank,Scratch Card,9300,TEL-3,Gift
19/08/26,Telco,Afternoon,GTBank,eSIM Kit,9800,TEL-4,Hadiza
20/08/26,Telco,Morning,Zenith Bank,Scratch Card,5600,TEL-1,Efe
20/08/26,Telco,Morning,Polaris,eSIM Kit,7300,TEL-2,Hadiza
20/08/26,Telco,Morning,Opay,Starter Pack,7300,TEL-3,Gift
20/08/26,Telco,Morning,GTBank,Starter Pack,9500,TEL-5,Femi
20/08/26,Telco,Afternoon,Zenith Bank,Starter Pack,6000,TEL-2,Gift
20/08/26,Telco,Afternoon,Access Bank,Starter Pack,9800,TEL-3,Hadiza
20/08/26,Telco,Afternoon,Polaris,Scratch Card,7100,TEL-5,Efe
20/08/26,Telco,Afternoon,Opay,SIM 4FF,6400,TEL-6,Femi
21/08/26,Telco,Morning,GTBank,eSIM Kit,7600,TEL-1,Hadiza
21/08/26,Telco,Morning,GTBank,eSIM Kit,8900,TEL-2,Gift
21/08/26,Telco,Morning,Access Bank,SIM 4FF,9700,TEL-3,Efe
21/08/26,Telco,Morning,Opay,SIM 4FF,8500,TEL-4,Femi
21/08/26,Telco,Morning,Opay,eSIM Kit,7900,TEL-5,Hadiza
21/08/26,Telco,Morning,Zenith Bank,Starter Pack,5700,TEL-6,Gift
21/08/26,Telco,Afternoon,Opay,SIM 4FF,9900,TEL-3,Hadiza
21/08/26,Telco,Afternoon,GTBank,SIM 4FF,8100,TEL-4,Gift
21/08/26,Telco,Afternoon,GTBank,SIM 4FF,6000,TEL-6,Efe
24/08/26,Telco,Morning,GTBank,Scratch Card,7700,TEL-1,Hadiza
24/08/26,Telco,Morning,Opay,Starter Pack,9900,TEL-2,Gift
24/08/26,Telco,Morning,Access Bank,Starter Pack,7100,TEL-3,Efe
24/08/26,Telco,Morning,Opay,Scratch Card,7200,TEL-4,Femi
24/08/26,Telco,Morning,Polaris,Scratch Card,5300,TEL-5,Hadiza
24/08/26,Telco,Morning,Access Bank,eSIM Kit,8500,TEL-6,Gift
24/08/26,Telco,Afternoon,Polaris,Scratch Card,9200,TEL-1,Efe
24/08/26,Telco,Afternoon,Opay,Scratch Card,8300,TEL-2,Femi
24/08/26,Telco,Afternoon,Opay,SIM 4FF,5600,TEL-3,Hadiza
24/08/26,Telco,Afternoon,GTBank,SIM 4FF,6300,TEL-4,Gift
24/08/26,Telco,Afternoon,Access Bank,Scratch Card,6200,TEL-5,Efe
24/08/26,Telco,Afternoon,GTBank,SIM 4FF,8100,TEL-6,Femi
25/08/26,Telco,Morning,Opay,Starter Pack,5500,TEL-1,Femi
25/08/26,Telco,Morning,Moniepoint,eSIM Kit,5200,TEL-2,Hadiza
25/08/26,Telco,Morning,Opay,Scratch Card,8500,TEL-3,Efe
25/08/26,Telco,Morning,Moniepoint,eSIM Kit,9800,TEL-4,Gift
25/08/26,Telco,Morning,Opay,Starter Pack,7800,TEL-5,Femi
25/08/26,Telco,Morning,Access Bank,Starter Pack,6900,TEL-6,Hadiza
25/08/26,Telco,Afternoon,GTBank,Starter Pack,8200,TEL-1,Efe
25/08/26,Telco,Afternoon,Polaris,Starter Pack,6400,TEL-3,Hadiza
25/08/26,Telco,Afternoon,GTBank,eSIM Kit,7200,TEL-4,Gift
26/08/26,Telco,Morning,Zenith Bank,SIM 4FF,6000,TEL-1,Gift
26/08/26,Telco,Morning,Moniepoint,eSIM Kit,6000,TEL-2,Efe
26/08/26,Telco,Morning,Zenith Bank,eSIM Kit,9200,TEL-3,Femi
26/08/26,Telco,Morning,Opay,eSIM Kit,5900,TEL-4,Hadiza
26/08/26,Telco,Morning,Opay,Scratch Card,7500,TEL-5,Gift
26/08/26,Telco,Morning,GTBank,eSIM Kit,9600,TEL-6,Efe
26/08/26,Telco,Afternoon,Polaris,eSIM Kit,8100,TEL-2,Efe
26/08/26,Telco,Afternoon,GTBank,Scratch Card,7600,TEL-3,Hadiza
26/08/26,Telco,Afternoon,Access Bank,SIM 4FF,9000,TEL-4,Femi
26/08/26,Telco,Afternoon,Access Bank,eSIM Kit,8500,TEL-5,Gift
26/08/26,Telco,Afternoon,Access Bank,Scratch Card,7300,TEL-6,Efe
27/08/26,Telco,Morning,Access Bank,eSIM Kit,9700,TEL-1,Efe
27/08/26,Telco,Morning,Opay,Scratch Card,9900,TEL-2,Hadiza
27/08/26,Telco,Morning,Zenith Bank,Scratch Card,8400,TEL-3,Femi
27/08/26,Telco,Morning,GTBank,Starter Pack,9200,TEL-4,Gift
27/08/26,Telco,Morning,Access Bank,Starter Pack,6100,TEL-5,Efe
27/08/26,Telco,Morning,Polaris,SIM 4FF,7700,TEL-6,Hadiza
27/08/26,Telco,Afternoon,Polaris,SIM 4FF,5400,TEL-1,Gift
27/08/26,Telco,Afternoon,Opay,eSIM Kit,7200,TEL-2,Efe
27/08/26,Telco,Afternoon,Access Bank,Starter Pack,9900,TEL-4,Hadiza
27/08/26,Telco,Afternoon,Polaris,Scratch Card,7400,TEL-5,Femi
28/08/26,Telco,Morning,Moniepoint,Starter Pack,8700,TEL-1,Gift
28/08/26,Telco,Morning,Moniepoint,eSIM Kit,7000,TEL-2,Femi
28/08/26,Telco,Morning,GTBank,Scratch Card,8000,TEL-3,Hadiza
28/08/26,Telco,Morning,GTBank,SIM 4FF,8000,TEL-4,Efe
28/08/26,Telco,Morning,Moniepoint,Scratch Card,8000,TEL-5,Gift
28/08/26,Telco,Afternoon,Zenith Bank,SIM 4FF,8200,TEL-1,Femi
28/08/26,Telco,Afternoon,Polaris,eSIM Kit,5700,TEL-3,Gift
28/08/26,Telco,Afternoon,Moniepoint,eSIM Kit,8500,TEL-4,Efe
28/08/26,Telco,Afternoon,Moniepoint,SIM 4FF,7400,TEL-5,Hadiza
28/08/26,Telco,Afternoon,Polaris,eSIM Kit,5300,TEL-6,Femi
31/08/26,Telco,Morning,Zenith Bank,SIM 4FF,7200,TEL-1,Gift
31/08/26,Telco,Morning,Access Bank,Starter Pack,6500,TEL-2,Hadiza
31/08/26,Telco,Morning,Polaris,Scratch Card,9500,TEL-3,Efe
31/08/26,Telco,Morning,Moniepoint,SIM 4FF,5900,TEL-5,Femi
31/08/26,Telco,Morning,Polaris,Starter Pack,8200,TEL-6,Gift
31/08/26,Telco,Afternoon,Opay,Scratch Card,6300,TEL-1,Hadiza
31/08/26,Telco,Afternoon,GTBank,Scratch Card,6900,TEL-4,Femi
31/08/26,Telco,Afternoon,Access Bank,SIM 4FF,6300,TEL-6,Efe
01/09/26,Telco,Morning,Moniepoint,SIM 4FF,5400,TEL-1,Efe
01/09/26,Telco,Morning,Moniepoint,eSIM Kit,5800,TEL-2,Femi
01/09/26,Telco,Morning,Opay,Scratch Card,5400,TEL-3,Gift
01/09/26,Telco,Morning,Polaris,eSIM Kit,5800,TEL-4,Hadiza
01/09/26,Telco,Morning,Opay,SIM 4FF,6300,TEL-5,Efe
01/09/26,Telco,Morning,GTBank,eSIM Kit,7800,TEL-6,Femi
01/09/26,Telco,Afternoon,Zenith Bank,SIM 4FF,5900,TEL-1,Gift
01/09/26,Telco,Afternoon,GTBank,eSIM Kit,9900,TEL-2,Femi
01/09/26,Telco,Afternoon,Opay,Starter Pack,6900,TEL-5,Hadiza
01/09/26,Telco,Afternoon,Moniepoint,Starter Pack,8400,TEL-6,Efe
02/09/26,Telco,Morning,Polaris,Scratch Card,5600,TEL-1,Gift
02/09/26,Telco,Morning,Moniepoint,Scratch Card,9800,TEL-2,Hadiza
02/09/26,Telco,Morning,Polaris,SIM 4FF,7300,TEL-4,Efe
02/09/26,Telco,Morning,GTBank,Starter Pack,9600,TEL-6,Femi
02/09/26,Telco,Afternoon,Access Bank,SIM 4FF,5800,TEL-1,Efe
02/09/26,Telco,Afternoon,Opay,Scratch Card,7200,TEL-2,Hadiza
02/09/26,Telco,Afternoon,Moniepoint,Scratch Card,6600,TEL-3,Gift
02/09/26,Telco,Afternoon,Opay,Starter Pack,5000,TEL-4,Femi
02/09/26,Telco,Afternoon,Moniepoint,Starter Pack,8700,TEL-5,Efe
02/09/26,Telco,Afternoon,Zenith Bank,Starter Pack,6700,TEL-6,Hadiza
03/09/26,Telco,Morning,Opay,SIM 4FF,5500,TEL-2,Efe
03/09/26,Telco,Morning,Polaris,Starter Pack,9800,TEL-3,Femi
03/09/26,Telco,Morning,Zenith Bank,eSIM Kit,6900,TEL-4,Hadiza
03/09/26,Telco,Morning,GTBank,SIM 4FF,9300,TEL-5,Gift
03/09/26,Telco,Morning,Moniepoint,SIM 4FF,8800,TEL-6,Efe
03/09/26,Telco,Afternoon,Access Bank,SIM 4FF,8600,TEL-1,Efe
03/09/26,Telco,Afternoon,Opay,eSIM Kit,6900,TEL-2,Gift
03/09/26,Telco,Afternoon,Zenith Bank,SIM 4FF,8400,TEL-3,Hadiza
03/09/26,Telco,Afternoon,GTBank,eSIM Kit,7200,TEL-6,Femi
04/09/26,Telco,Morning,Access Bank,Starter Pack,8800,TEL-1,Hadiza
04/09/26,Telco,Morning,Opay,eSIM Kit,7200,TEL-4,Efe
04/09/26,Telco,Morning,Moniepoint,Scratch Card,8900,TEL-5,Gift
04/09/26,Telco,Afternoon,Moniepoint,Scratch Card,8100,TEL-1,Hadiza
04/09/26,Telco,Afternoon,Polaris,SIM 4FF,6900,TEL-2,Gift
04/09/26,Telco,Afternoon,Moniepoint,SIM 4FF,9000,TEL-3,Efe
04/09/26,Telco,Afternoon,Access Bank,SIM 4FF,6800,TEL-6,Femi
07/09/26,Telco,Morning,Moniepoint,eSIM Kit,7600,TEL-2,Femi
07/09/26,Telco,Morning,Polaris,Starter Pack,9300,TEL-3,Gift
07/09/26,Telco,Morning,Moniepoint,SIM 4FF,8700,TEL-4,Hadiza
07/09/26,Telco,Morning,Zenith Bank,SIM 4FF,8800,TEL-5,Efe
07/09/26,Telco,Morning,Opay,SIM 4FF,9500,TEL-6,Femi
07/09/26,Telco,Afternoon,Moniepoint,Starter Pack,8200,TEL-2,Gift
07/09/26,Telco,Afternoon,GTBank,Starter Pack,5700,TEL-3,Efe
07/09/26,Telco,Afternoon,Zenith Bank,SIM 4FF,7500,TEL-4,Femi
07/09/26,Telco,Afternoon,Moniepoint,Scratch Card,5000,TEL-5,Hadiza
07/09/26,Telco,Afternoon,Zenith Bank,eSIM Kit,6100,TEL-6,Gift
08/09/26,Telco,Morning,Access Bank,eSIM Kit,8900,TEL-1,Hadiza
08/09/26,Telco,Morning,Opay,eSIM Kit,5900,TEL-2,Gift
08/09/26,Telco,Morning,GTBank,Starter Pack,7600,TEL-3,Femi
08/09/26,Telco,Morning,GTBank,SIM 4FF,6000,TEL-5,Efe
08/09/26,Telco,Morning,Moniepoint,eSIM Kit,6000,TEL-6,Hadiza
08/09/26,Telco,Afternoon,GTBank,eSIM Kit,7700,TEL-1,Gift
08/09/26,Telco,Afternoon,Moniepoint,eSIM Kit,8900,TEL-2,Efe
08/09/26,Telco,Afternoon,GTBank,SIM 4FF,6100,TEL-3,Femi
08/09/26,Telco,Afternoon,Moniepoint,Starter Pack,8300,TEL-4,Hadiza
08/09/26,Telco,Afternoon,GTBank,Scratch Card,6300,TEL-6,Gift
09/09/26,Telco,Morning,GTBank,SIM 4FF,6400,TEL-1,Gift
09/09/26,Telco,Morning,GTBank,SIM 4FF,7400,TEL-4,Hadiza
09/09/26,Telco,Afternoon,Access Bank,SIM 4FF,7700,TEL-1,Efe
09/09/26,Telco,Afternoon,Polaris,SIM 4FF,5100,TEL-2,Femi
09/09/26,Telco,Afternoon,Opay,Scratch Card,5400,TEL-4,Gift
09/09/26,Telco,Afternoon,Access Bank,SIM 4FF,6400,TEL-5,Hadiza
09/09/26,Telco,Afternoon,Moniepoint,eSIM Kit,9800,TEL-6,Efe
10/09/26,Telco,Morning,Polaris,eSIM Kit,6600,TEL-1,Hadiza
10/09/26,Telco,Morning,Moniepoint,Starter Pack,5000,TEL-2,Gift
10/09/26,Telco,Morning,Polaris,eSIM Kit,6500,TEL-3,Femi
10/09/26,Telco,Morning,Access Bank,eSIM Kit,6400,TEL-4,Efe
10/09/26,Telco,Morning,Opay,Scratch Card,6200,TEL-5,Hadiza
10/09/26,Telco,Morning,GTBank,Starter Pack,5000,TEL-6,Gift
10/09/26,Telco,Afternoon,Zenith Bank,eSIM Kit,7100,TEL-1,Efe
10/09/26,Telco,Afternoon,GTBank,SIM 4FF,6200,TEL-2,Femi
10/09/26,Telco,Afternoon,Polaris,Scratch Card,8300,TEL-3,Hadiza
10/09/26,Telco,Afternoon,Zenith Bank,Scratch Card,5400,TEL-4,Gift
10/09/26,Telco,Afternoon,Moniepoint,Starter Pack,7100,TEL-5,Efe
10/09/26,Telco,Afternoon,GTBank,Scratch Card,8800,TEL-6,Femi
11/09/26,Telco,Morning,Access Bank,eSIM Kit,9100,TEL-1,Gift
11/09/26,Telco,Morning,GTBank,Scratch Card,5600,TEL-2,Efe
11/09/26,Telco,Morning,Access Bank,Starter Pack,9500,TEL-3,Hadiza
11/09/26,Telco,Morning,GTBank,Scratch Card,8500,TEL-4,Femi
11/09/26,Telco,Morning,Zenith Bank,SIM 4FF,5300,TEL-6,Gift
11/09/26,Telco,Afternoon,Access Bank,Scratch Card,7000,TEL-2,Femi
11/09/26,Telco,Afternoon,Moniepoint,Scratch Card,7300,TEL-4,Gift
11/09/26,Telco,Afternoon,Zenith Bank,Starter Pack,9200,TEL-5,Hadiza
11/09/26,Telco,Afternoon,Polaris,eSIM Kit,7200,TEL-6,Efe
14/09/26,Telco,Morning,Moniepoint,Starter Pack,6300,TEL-1,Hadiza
14/09/26,Telco,Morning,Polaris,SIM 4FF,6300,TEL-2,Efe
14/09/26,Telco,Morning,Opay,Scratch Card,7400,TEL-4,Femi
14/09/26,Telco,Morning,Access Bank,Starter Pack,9500,TEL-5,Gift
14/09/26,Telco,Morning,Moniepoint,Scratch Card,5200,TEL-6,Hadiza
14/09/26,Telco,Afternoon,Polaris,Scratch Card,9300,TEL-1,Hadiza
14/09/26,Telco,Afternoon,GTBank,Starter Pack,5800,TEL-2,Gift
14/09/26,Telco,Afternoon,Moniepoint,eSIM Kit,5100,TEL-3,Femi
14/09/26,Telco,Afternoon,Moniepoint,SIM 4FF,9100,TEL-5,Efe
14/09/26,Telco,Afternoon,Opay,Starter Pack,9400,TEL-6,Hadiza
15/09/26,Telco,Morning,Access Bank,SIM 4FF,9400,TEL-2,Femi
15/09/26,Telco,Morning,Zenith Bank,Starter Pack,9100,TEL-5,Gift
15/09/26,Telco,Morning,Polaris,Scratch Card,5100,TEL-6,Efe
15/09/26,Telco,Afternoon,Polaris,Scratch Card,8400,TEL-1,Efe
15/09/26,Telco,Afternoon,GTBank,eSIM Kit,8800,TEL-3,Hadiza
15/09/26,Telco,Afternoon,Moniepoint,Scratch Card,6400,TEL-4,Femi
15/09/26,Telco,Afternoon,Access Bank,SIM 4FF,7700,TEL-5,Gift
15/09/26,Telco,Afternoon,Moniepoint,SIM 4FF,8300,TEL-6,Efe
16/09/26,Telco,Morning,Zenith Bank,SIM 4FF,5100,TEL-2,Femi
16/09/26,Telco,Morning,GTBank,eSIM Kit,5000,TEL-3,Hadiza
16/09/26,Telco,Morning,Polaris,Scratch Card,8300,TEL-5,Efe
16/09/26,Telco,Afternoon,Moniepoint,eSIM Kit,5800,TEL-2,Gift
16/09/26,Telco,Afternoon,Access Bank,Starter Pack,5900,TEL-4,Efe
16/09/26,Telco,Afternoon,Access Bank,SIM 4FF,8100,TEL-5,Femi
16/09/26,Telco,Afternoon,Access Bank,SIM 4FF,8600,TEL-6,Hadiza
17/09/26,Telco,Morning,Zenith Bank,Scratch Card,9400,TEL-1,Femi
17/09/26,Telco,Morning,GTBank,eSIM Kit,7000,TEL-2,Hadiza
17/09/26,Telco,Morning,Access Bank,Starter Pack,7300,TEL-3,Gift
17/09/26,Telco,Morning,GTBank,Scratch Card,6700,TEL-4,Efe
17/09/26,Telco,Morning,Opay,Starter Pack,6800,TEL-5,Femi
17/09/26,Telco,Morning,Polaris,Scratch Card,9400,TEL-6,Hadiza
17/09/26,Telco,Afternoon,Opay,Scratch Card,5900,TEL-1,Hadiza
17/09/26,Telco,Afternoon,Opay,Starter Pack,8100,TEL-2,Gift
17/09/26,Telco,Afternoon,Moniepoint,Starter Pack,5500,TEL-3,Efe
17/09/26,Telco,Afternoon,Moniepoint,eSIM Kit,9200,TEL-4,Femi
17/09/26,Telco,Afternoon,GTBank,eSIM Kit,5100,TEL-5,Hadiza
17/09/26,Telco,Afternoon,Access Bank,Starter Pack,8600,TEL-6,Gift
18/09/26,Telco,Morning,GTBank,eSIM Kit,5100,TEL-1,Gift
18/09/26,Telco,Morning,GTBank,Scratch Card,6300,TEL-2,Hadiza
18/09/26,Telco,Morning,Zenith Bank,Scratch Card,5800,TEL-4,Efe
18/09/26,Telco,Morning,Opay,Scratch Card,10000,TEL-5,Femi
18/09/26,Telco,Morning,Access Bank,SIM 4FF,5100,TEL-6,Gift
18/09/26,Telco,Afternoon,Access Bank,Starter Pack,8100,TEL-1,Efe
18/09/26,Telco,Afternoon,Zenith Bank,Scratch Card,6800,TEL-2,Gift
18/09/26,Telco,Afternoon,GTBank,eSIM Kit,5400,TEL-4,Femi
18/09/26,Telco,Afternoon,Moniepoint,SIM 4FF,6200,TEL-5,Hadiza
21/09/26,Telco,Morning,Opay,eSIM Kit,9100,TEL-1,Gift
21/09/26,Telco,Morning,Access Bank,SIM 4FF,6300,TEL-2,Hadiza
21/09/26,Telco,Morning,Zenith Bank,SIM 4FF,8300,TEL-3,Efe
21/09/26,Telco,Morning,Opay,Scratch Card,6000,TEL-5,Femi
21/09/26,Telco,Morning,Polaris,Scratch Card,7800,TEL-6,Gift
21/09/26,Telco,Afternoon,GTBank,SIM 4FF,6400,TEL-1,Femi
21/09/26,Telco,Afternoon,Access Bank,Starter Pack,9500,TEL-2,Hadiza
21/09/26,Telco,Afternoon,Zenith Bank,eSIM Kit,9800,TEL-4,Efe
21/09/26,Telco,Afternoon,Polaris,SIM 4FF,6900,TEL-5,Gift
21/09/26,Telco,Afternoon,GTBank,SIM 4FF,6900,TEL-6,Femi
22/09/26,Telco,Morning,Polaris,Starter Pack,8300,TEL-1,Hadiza
22/09/26,Telco,Morning,Access Bank,eSIM Kit,7700,TEL-2,Efe
22/09/26,Telco,Morning,Polaris,Starter Pack,6100,TEL-3,Femi
22/09/26,Telco,Morning,Zenith Bank,Scratch Card,6300,TEL-4,Gift
22/09/26,Telco,Morning,Opay,Scratch Card,6500,TEL-5,Hadiza
22/09/26,Telco,Morning,GTBank,eSIM Kit,8100,TEL-6,Efe
22/09/26,Telco,Afternoon,Opay,Starter Pack,5800,TEL-1,Efe
22/09/26,Telco,Afternoon,GTBank,eSIM Kit,9800,TEL-2,Gift
22/09/26,Telco,Afternoon,GTBank,Scratch Card,7600,TEL-3,Hadiza
22/09/26,Telco,Afternoon,Zenith Bank,Scratch Card,7600,TEL-4,Femi
22/09/26,Telco,Afternoon,Zenith Bank,Scratch Card,8700,TEL-5,Efe
23/09/26,Telco,Morning,Zenith Bank,Scratch Card,9100,TEL-1,Femi
23/09/26,Telco,Morning,Opay,SIM 4FF,6000,TEL-2,Efe
23/09/26,Telco,Morning,GTBank,Scratch Card,6400,TEL-3,Hadiza
23/09/26,Telco,Morning,Opay,eSIM Kit,8800,TEL-4,Gift
23/09/26,Telco,Morning,Opay,eSIM Kit,5100,TEL-5,Femi
23/09/26,Telco,Morning,Moniepoint,Scratch Card,9100,TEL-6,Efe
23/09/26,Telco,Afternoon,Polaris,Scratch Card,5900,TEL-1,Hadiza
23/09/26,Telco,Afternoon,Access Bank,Starter Pack,5700,TEL-2,Efe
23/09/26,Telco,Afternoon,Access Bank,Starter Pack,5900,TEL-3,Gift
23/09/26,Telco,Afternoon,Moniepoint,Starter Pack,8300,TEL-4,Femi
23/09/26,Telco,Afternoon,Moniepoint,eSIM Kit,8700,TEL-5,Hadiza
23/09/26,Telco,Afternoon,Moniepoint,Scratch Card,7600,TEL-6,Efe
24/09/26,Telco,Morning,Moniepoint,eSIM Kit,7500,TEL-1,Efe
24/09/26,Telco,Morning,Access Bank,Starter Pack,6200,TEL-2,Hadiza
24/09/26,Telco,Morning,Polaris,Scratch Card,5200,TEL-5,Femi
24/09/26,Telco,Morning,Polaris,SIM 4FF,7800,TEL-6,Gift
24/09/26,Telco,Afternoon,Moniepoint,Starter Pack,6700,TEL-2,Efe
24/09/26,Telco,Afternoon,Polaris,Scratch Card,8000,TEL-3,Femi
24/09/26,Telco,Afternoon,Zenith Bank,eSIM Kit,6700,TEL-4,Gift
24/09/26,Telco,Afternoon,Access Bank,eSIM Kit,5800,TEL-5,Hadiza
25/09/26,Telco,Morning,Access Bank,SIM 4FF,8900,TEL-1,Hadiza
25/09/26,Telco,Morning,Access Bank,Starter Pack,8700,TEL-2,Femi
25/09/26,Telco,Morning,Polaris,eSIM Kit,6500,TEL-3,Efe
25/09/26,Telco,Morning,Polaris,Starter Pack,6400,TEL-4,Gift
25/09/26,Telco,Morning,Zenith Bank,SIM 4FF,5600,TEL-5,Hadiza
25/09/26,Telco,Afternoon,GTBank,Scratch Card,6000,TEL-1,Gift
25/09/26,Telco,Afternoon,GTBank,Starter Pack,5800,TEL-4,Efe
25/09/26,Telco,Afternoon,Zenith Bank,SIM 4FF,8400,TEL-5,Femi
25/09/26,Telco,Afternoon,Polaris,eSIM Kit,9200,TEL-6,Hadiza
28/09/26,Telco,Morning,Polaris,SIM 4FF,6600,TEL-1,Gift
28/09/26,Telco,Morning,GTBank,Scratch Card,8200,TEL-2,Hadiza
28/09/26,Telco,Morning,Polaris,Starter Pack,9000,TEL-3,Femi
28/09/26,Telco,Morning,Moniepoint,SIM 4FF,5900,TEL-4,Efe
28/09/26,Telco,Morning,GTBank,eSIM Kit,6900,TEL-6,Gift
28/09/26,Telco,Afternoon,GTBank,Starter Pack,9600,TEL-1,Femi
28/09/26,Telco,Afternoon,Moniepoint,Starter Pack,5400,TEL-2,Gift
28/09/26,Telco,Afternoon,Moniepoint,eSIM Kit,8100,TEL-3,Hadiza
28/09/26,Telco,Afternoon,Moniepoint,SIM 4FF,9400,TEL-4,Efe
28/09/26,Telco,Afternoon,Opay,Starter Pack,9000,TEL-5,Femi
28/09/26,Telco,Afternoon,Zenith Bank,Starter Pack,6000,TEL-6,Gift
29/09/26,Telco,Morning,GTBank,Starter Pack,7500,TEL-1,Femi
29/09/26,Telco,Morning,Zenith Bank,SIM 4FF,9000,TEL-2,Gift
29/09/26,Telco,Morning,GTBank,eSIM Kit,5400,TEL-3,Efe
29/09/26,Telco,Morning,Zenith Bank,Scratch Card,6300,TEL-5,Hadiza
29/09/26,Telco,Morning,Zenith Bank,eSIM Kit,6200,TEL-6,Femi
29/09/26,Telco,Afternoon,Opay,Starter Pack,5400,TEL-1,Femi
29/09/26,Telco,Afternoon,Opay,SIM 4FF,7300,TEL-2,Gift
29/09/26,Telco,Afternoon,Opay,SIM 4FF,9100,TEL-4,Efe
29/09/26,Telco,Afternoon,Polaris,SIM 4FF,5800,TEL-5,Hadiza
29/09/26,Telco,Afternoon,Polaris,eSIM Kit,5900,TEL-6,Femi
01/07/26,OC200,Afternoon,GTBank,Inserts,2300,OC200-1,Ibrahim
02/07/26,OC200,Morning,GTBank,Statements,2400,OC200-1,Ibrahim
02/07/26,OC200,Afternoon,Zenith Bank,Statements,3400,OC200-1,Joy
03/07/26,OC200,Morning,Polaris,Inserts,2100,OC200-1,Joy
03/07/26,OC200,Afternoon,Moniepoint,Inserts,2000,OC200-1,Ibrahim
06/07/26,OC200,Morning,Moniepoint,Letters,1800,OC200-1,Ibrahim
06/07/26,OC200,Afternoon,Moniepoint,Letters,2500,OC200-1,Joy
07/07/26,OC200,Morning,Access Bank,Statements,3200,OC200-1,Joy
07/07/26,OC200,Afternoon,GTBank,Letters,3100,OC200-1,Joy
08/07/26,OC200,Morning,Opay,Letters,2000,OC200-1,Joy
08/07/26,OC200,Afternoon,Polaris,Inserts,2200,OC200-1,Joy
09/07/26,OC200,Afternoon,Opay,Statements,1800,OC200-1,Ibrahim
10/07/26,OC200,Morning,GTBank,Inserts,3500,OC200-1,Joy
10/07/26,OC200,Afternoon,Moniepoint,Statements,2900,OC200-1,Ibrahim
13/07/26,OC200,Morning,Opay,Statements,2300,OC200-1,Joy
13/07/26,OC200,Afternoon,Opay,Statements,2600,OC200-1,Joy
14/07/26,OC200,Morning,Zenith Bank,Inserts,2100,OC200-1,Ibrahim
14/07/26,OC200,Afternoon,Zenith Bank,Letters,2000,OC200-1,Ibrahim
15/07/26,OC200,Afternoon,Zenith Bank,Statements,1800,OC200-1,Ibrahim
16/07/26,OC200,Morning,Zenith Bank,Statements,1800,OC200-1,Ibrahim
16/07/26,OC200,Afternoon,GTBank,Statements,2900,OC200-1,Joy
17/07/26,OC200,Morning,Moniepoint,Letters,3500,OC200-1,Joy
20/07/26,OC200,Afternoon,Moniepoint,Inserts,2300,OC200-1,Joy
21/07/26,OC200,Morning,Moniepoint,Statements,4000,OC200-1,Ibrahim
22/07/26,OC200,Morning,GTBank,Inserts,1800,OC200-1,Joy
22/07/26,OC200,Afternoon,Polaris,Statements,1600,OC200-1,Ibrahim
23/07/26,OC200,Morning,Moniepoint,Letters,3200,OC200-1,Ibrahim
23/07/26,OC200,Afternoon,Access Bank,Letters,2800,OC200-1,Ibrahim
24/07/26,OC200,Morning,Moniepoint,Letters,2800,OC200-1,Ibrahim
24/07/26,OC200,Afternoon,Opay,Statements,2000,OC200-1,Joy
27/07/26,OC200,Morning,Moniepoint,Letters,3200,OC200-1,Joy
27/07/26,OC200,Afternoon,GTBank,Letters,3000,OC200-1,Joy
28/07/26,OC200,Morning,Zenith Bank,Letters,2500,OC200-1,Joy
28/07/26,OC200,Afternoon,Opay,Statements,3400,OC200-1,Joy
29/07/26,OC200,Morning,Zenith Bank,Inserts,2400,OC200-1,Ibrahim
29/07/26,OC200,Afternoon,Zenith Bank,Inserts,3100,OC200-1,Ibrahim
30/07/26,OC200,Morning,Opay,Statements,1900,OC200-1,Ibrahim
30/07/26,OC200,Afternoon,Opay,Statements,4000,OC200-1,Ibrahim
31/07/26,OC200,Morning,Zenith Bank,Letters,2900,OC200-1,Joy
31/07/26,OC200,Afternoon,GTBank,Inserts,3600,OC200-1,Joy
03/08/26,OC200,Morning,Access Bank,Letters,2000,OC200-1,Joy
03/08/26,OC200,Afternoon,Opay,Letters,1600,OC200-1,Ibrahim
04/08/26,OC200,Morning,Zenith Bank,Inserts,3200,OC200-1,Joy
06/08/26,OC200,Morning,Access Bank,Letters,3700,OC200-1,Ibrahim
07/08/26,OC200,Morning,Opay,Statements,2000,OC200-1,Ibrahim
07/08/26,OC200,Afternoon,Zenith Bank,Inserts,3400,OC200-1,Ibrahim
10/08/26,OC200,Morning,Access Bank,Letters,2300,OC200-1,Ibrahim
11/08/26,OC200,Morning,Moniepoint,Inserts,2700,OC200-1,Joy
11/08/26,OC200,Afternoon,Moniepoint,Letters,2900,OC200-1,Ibrahim
12/08/26,OC200,Afternoon,Polaris,Statements,2100,OC200-1,Joy
13/08/26,OC200,Morning,Opay,Inserts,3800,OC200-1,Joy
14/08/26,OC200,Morning,Polaris,Letters,3500,OC200-1,Ibrahim
17/08/26,OC200,Morning,Access Bank,Letters,1700,OC200-1,Joy
18/08/26,OC200,Morning,Access Bank,Inserts,2500,OC200-1,Ibrahim
19/08/26,OC200,Morning,GTBank,Letters,3100,OC200-1,Ibrahim
19/08/26,OC200,Afternoon,Moniepoint,Inserts,2800,OC200-1,Ibrahim
20/08/26,OC200,Afternoon,GTBank,Letters,3400,OC200-1,Joy
21/08/26,OC200,Morning,Zenith Bank,Statements,3600,OC200-1,Ibrahim
21/08/26,OC200,Afternoon,Polaris,Inserts,3200,OC200-1,Joy
24/08/26,OC200,Morning,GTBank,Inserts,3100,OC200-1,Joy
25/08/26,OC200,Morning,Polaris,Statements,3400,OC200-1,Ibrahim
25/08/26,OC200,Afternoon,Moniepoint,Inserts,1800,OC200-1,Ibrahim
26/08/26,OC200,Morning,GTBank,Inserts,2400,OC200-1,Ibrahim
27/08/26,OC200,Afternoon,GTBank,Statements,2800,OC200-1,Ibrahim
28/08/26,OC200,Morning,Polaris,Letters,2700,OC200-1,Ibrahim
31/08/26,OC200,Morning,Polaris,Inserts,3800,OC200-1,Ibrahim
31/08/26,OC200,Afternoon,Access Bank,Statements,2200,OC200-1,Ibrahim
01/09/26,OC200,Morning,Opay,Letters,2800,OC200-1,Joy
01/09/26,OC200,Afternoon,Access Bank,Letters,2000,OC200-1,Joy
02/09/26,OC200,Morning,Polaris,Letters,2400,OC200-1,Joy
02/09/26,OC200,Afternoon,Moniepoint,Statements,2100,OC200-1,Ibrahim
03/09/26,OC200,Morning,Access Bank,Letters,1700,OC200-1,Ibrahim
03/09/26,OC200,Afternoon,Access Bank,Inserts,2000,OC200-1,Joy
04/09/26,OC200,Morning,Zenith Bank,Letters,1700,OC200-1,Ibrahim
04/09/26,OC200,Afternoon,GTBank,Letters,4000,OC200-1,Joy
08/09/26,OC200,Morning,Opay,Statements,1800,OC200-1,Ibrahim
08/09/26,OC200,Afternoon,Polaris,Statements,3700,OC200-1,Ibrahim
09/09/26,OC200,Morning,GTBank,Inserts,2200,OC200-1,Joy
09/09/26,OC200,Afternoon,Polaris,Letters,1800,OC200-1,Ibrahim
10/09/26,OC200,Morning,GTBank,Letters,3900,OC200-1,Joy
10/09/26,OC200,Afternoon,Polaris,Inserts,2300,OC200-1,Ibrahim
11/09/26,OC200,Afternoon,GTBank,Statements,2700,OC200-1,Joy
14/09/26,OC200,Morning,Zenith Bank,Inserts,2200,OC200-1,Joy
15/09/26,OC200,Morning,Moniepoint,Inserts,3100,OC200-1,Ibrahim
15/09/26,OC200,Afternoon,GTBank,Inserts,1800,OC200-1,Ibrahim
16/09/26,OC200,Afternoon,GTBank,Statements,1700,OC200-1,Ibrahim
17/09/26,OC200,Morning,Polaris,Letters,2000,OC200-1,Joy
17/09/26,OC200,Afternoon,Polaris,Letters,3200,OC200-1,Joy
18/09/26,OC200,Morning,Polaris,Letters,3200,OC200-1,Joy
18/09/26,OC200,Afternoon,Zenith Bank,Letters,3900,OC200-1,Joy
21/09/26,OC200,Afternoon,GTBank,Inserts,2500,OC200-1,Joy
22/09/26,OC200,Afternoon,Moniepoint,Inserts,3000,OC200-1,Ibrahim
23/09/26,OC200,Morning,Opay,Statements,2600,OC200-1,Ibrahim
23/09/26,OC200,Afternoon,Access Bank,Statements,3100,OC200-1,Joy
24/09/26,OC200,Morning,Moniepoint,Letters,2200,OC200-1,Joy
24/09/26,OC200,Afternoon,Moniepoint,Statements,3700,OC200-1,Joy
25/09/26,OC200,Morning,Moniepoint,Letters,3300,OC200-1,Ibrahim
25/09/26,OC200,Afternoon,Opay,Letters,1800,OC200-1,Joy
28/09/26,OC200,Morning,Opay,Letters,3500,OC200-1,Ibrahim
28/09/26,OC200,Afternoon,Opay,Statements,3800,OC200-1,Ibrahim
29/09/26,OC200,Morning,Polaris,Statements,2200,OC200-1,Ibrahim
01/07/26,SM74,Morning,Access Bank,Cheque Books,19100,SM74-1,Kemi
02/07/26,SM74,Afternoon,Opay,Brochures,17500,SM74-1,Lekan
03/07/26,SM74,Morning,Opay,Cheque Books,16700,SM74-1,Lekan
03/07/26,SM74,Afternoon,GTBank,Packaging,11300,SM74-1,Lekan
06/07/26,SM74,Morning,GTBank,Cheque Books,13600,SM74-1,Lekan
07/07/26,SM74,Morning,Zenith Bank,Brochures,15400,SM74-1,Kemi
07/07/26,SM74,Afternoon,Polaris,Brochures,11800,SM74-1,Kemi
08/07/26,SM74,Morning,Polaris,Packaging,8600,SM74-1,Kemi
08/07/26,SM74,Afternoon,Moniepoint,Brochures,10900,SM74-1,Lekan
09/07/26,SM74,Morning,Opay,Brochures,12600,SM74-1,Kemi
09/07/26,SM74,Afternoon,Moniepoint,Brochures,15600,SM74-1,Kemi
10/07/26,SM74,Morning,Moniepoint,Brochures,9600,SM74-1,Kemi
10/07/26,SM74,Afternoon,Access Bank,Packaging,8300,SM74-1,Lekan
13/07/26,SM74,Afternoon,Opay,Brochures,10000,SM74-1,Lekan
14/07/26,SM74,Morning,Polaris,Packaging,18100,SM74-1,Kemi
14/07/26,SM74,Afternoon,Opay,Brochures,18800,SM74-1,Kemi
15/07/26,SM74,Morning,GTBank,Cheque Books,18500,SM74-1,Lekan
15/07/26,SM74,Afternoon,Opay,Brochures,13500,SM74-1,Lekan
16/07/26,SM74,Morning,Zenith Bank,Cheque Books,11700,SM74-1,Kemi
17/07/26,SM74,Morning,GTBank,Brochures,10100,SM74-1,Kemi
20/07/26,SM74,Morning,GTBank,Brochures,11100,SM74-1,Kemi
20/07/26,SM74,Afternoon,Moniepoint,Packaging,8600,SM74-1,Kemi
23/07/26,SM74,Morning,Opay,Cheque Books,13300,SM74-1,Lekan
23/07/26,SM74,Afternoon,GTBank,Packaging,9400,SM74-1,Kemi
24/07/26,SM74,Morning,Zenith Bank,Cheque Books,12800,SM74-1,Kemi
24/07/26,SM74,Afternoon,Polaris,Cheque Books,13100,SM74-1,Kemi
27/07/26,SM74,Morning,Polaris,Brochures,17400,SM74-1,Lekan
27/07/26,SM74,Afternoon,GTBank,Packaging,14600,SM74-1,Lekan
28/07/26,SM74,Morning,Access Bank,Cheque Books,11900,SM74-1,Lekan
28/07/26,SM74,Afternoon,Access Bank,Packaging,15200,SM74-1,Kemi
29/07/26,SM74,Morning,Opay,Packaging,15800,SM74-1,Lekan
29/07/26,SM74,Afternoon,Zenith Bank,Brochures,14800,SM74-1,Lekan
30/07/26,SM74,Morning,Access Bank,Cheque Books,10000,SM74-1,Lekan
30/07/26,SM74,Afternoon,Access Bank,Brochures,9100,SM74-1,Lekan
31/07/26,SM74,Morning,GTBank,Packaging,13300,SM74-1,Lekan
03/08/26,SM74,Morning,Access Bank,Brochures,13600,SM74-1,Kemi
03/08/26,SM74,Afternoon,Polaris,Brochures,18400,SM74-1,Lekan
04/08/26,SM74,Morning,Access Bank,Packaging,15600,SM74-1,Kemi
04/08/26,SM74,Afternoon,Polaris,Packaging,14300,SM74-1,Kemi
05/08/26,SM74,Morning,GTBank,Packaging,10700,SM74-1,Lekan
05/08/26,SM74,Afternoon,GTBank,Cheque Books,18500,SM74-1,Kemi
06/08/26,SM74,Morning,Access Bank,Brochures,20000,SM74-1,Lekan
06/08/26,SM74,Afternoon,Access Bank,Cheque Books,11600,SM74-1,Kemi
07/08/26,SM74,Afternoon,Polaris,Packaging,18300,SM74-1,Kemi
10/08/26,SM74,Morning,Opay,Packaging,8000,SM74-1,Lekan
11/08/26,SM74,Morning,Zenith Bank,Brochures,14400,SM74-1,Kemi
11/08/26,SM74,Afternoon,GTBank,Brochures,13500,SM74-1,Kemi
13/08/26,SM74,Afternoon,GTBank,Cheque Books,8800,SM74-1,Lekan
14/08/26,SM74,Morning,Polaris,Cheque Books,10200,SM74-1,Lekan
14/08/26,SM74,Afternoon,GTBank,Cheque Books,16200,SM74-1,Kemi
17/08/26,SM74,Morning,Access Bank,Cheque Books,9800,SM74-1,Kemi
18/08/26,SM74,Morning,Opay,Packaging,9000,SM74-1,Kemi
18/08/26,SM74,Afternoon,GTBank,Brochures,12300,SM74-1,Lekan
19/08/26,SM74,Morning,Zenith Bank,Cheque Books,16700,SM74-1,Kemi
20/08/26,SM74,Morning,Polaris,Packaging,12400,SM74-1,Kemi
21/08/26,SM74,Morning,Access Bank,Packaging,15800,SM74-1,Lekan
21/08/26,SM74,Afternoon,Zenith Bank,Packaging,14000,SM74-1,Kemi
24/08/26,SM74,Afternoon,Opay,Cheque Books,14100,SM74-1,Lekan
25/08/26,SM74,Afternoon,Opay,Cheque Books,18300,SM74-1,Lekan
26/08/26,SM74,Morning,GTBank,Brochures,16900,SM74-1,Lekan
27/08/26,SM74,Morning,Access Bank,Packaging,18700,SM74-1,Kemi
27/08/26,SM74,Afternoon,Opay,Cheque Books,11800,SM74-1,Kemi
28/08/26,SM74,Morning,Moniepoint,Brochures,13400,SM74-1,Kemi
28/08/26,SM74,Afternoon,Moniepoint,Brochures,19200,SM74-1,Lekan
31/08/26,SM74,Morning,Access Bank,Packaging,16300,SM74-1,Lekan
31/08/26,SM74,Afternoon,Polaris,Packaging,11200,SM74-1,Kemi
01/09/26,SM74,Morning,Polaris,Packaging,13900,SM74-1,Lekan
01/09/26,SM74,Afternoon,GTBank,Cheque Books,18600,SM74-1,Kemi
02/09/26,SM74,Morning,GTBank,Brochures,13600,SM74-1,Lekan
02/09/26,SM74,Afternoon,Moniepoint,Packaging,16800,SM74-1,Kemi
03/09/26,SM74,Morning,GTBank,Packaging,16900,SM74-1,Kemi
04/09/26,SM74,Morning,Polaris,Brochures,17900,SM74-1,Lekan
04/09/26,SM74,Afternoon,GTBank,Packaging,17900,SM74-1,Kemi
07/09/26,SM74,Morning,Zenith Bank,Packaging,14100,SM74-1,Kemi
07/09/26,SM74,Afternoon,Moniepoint,Brochures,13400,SM74-1,Kemi
08/09/26,SM74,Afternoon,Access Bank,Brochures,12000,SM74-1,Lekan
09/09/26,SM74,Morning,Polaris,Brochures,18300,SM74-1,Lekan
09/09/26,SM74,Afternoon,GTBank,Cheque Books,19900,SM74-1,Lekan
10/09/26,SM74,Morning,Moniepoint,Brochures,17600,SM74-1,Kemi
14/09/26,SM74,Afternoon,Opay,Brochures,16300,SM74-1,Lekan
15/09/26,SM74,Morning,Opay,Brochures,14400,SM74-1,Lekan
15/09/26,SM74,Afternoon,Opay,Packaging,19600,SM74-1,Lekan
16/09/26,SM74,Afternoon,Access Bank,Brochures,14700,SM74-1,Kemi
21/09/26,SM74,Morning,Opay,Brochures,11800,SM74-1,Kemi
21/09/26,SM74,Afternoon,Opay,Cheque Books,9900,SM74-1,Lekan
22/09/26,SM74,Morning,Access Bank,Packaging,9800,SM74-1,Lekan
23/09/26,SM74,Morning,Opay,Cheque Books,13800,SM74-1,Lekan
23/09/26,SM74,Afternoon,Opay,Brochures,17300,SM74-1,Lekan
24/09/26,SM74,Morning,GTBank,Packaging,12000,SM74-1,Kemi
24/09/26,SM74,Afternoon,Zenith Bank,Brochures,13900,SM74-1,Lekan
25/09/26,SM74,Morning,Polaris,Packaging,10900,SM74-1,Kemi
25/09/26,SM74,Afternoon,Zenith Bank,Cheque Books,14500,SM74-1,Kemi
28/09/26,SM74,Morning,Opay,Cheque Books,10100,SM74-1,Kemi
28/09/26,SM74,Afternoon,Zenith Bank,Brochures,15600,SM74-1,Lekan
29/09/26,SM74,Morning,Opay,Brochures,12300,SM74-1,Kemi
01/07/26,Mailer Unit,Morning,Moniepoint,PIN Mailers,3200,MAILER-1,Ngozi
01/07/26,Mailer Unit,Afternoon,Moniepoint,Statements,5400,MAILER-1,Ngozi
02/07/26,Mailer Unit,Morning,Zenith Bank,PIN Mailers,4800,MAILER-1,Musa
03/07/26,Mailer Unit,Morning,Moniepoint,PIN Mailers,3300,MAILER-1,Ngozi
03/07/26,Mailer Unit,Afternoon,Opay,Card Carriers,3800,MAILER-1,Musa
06/07/26,Mailer Unit,Morning,Opay,PIN Mailers,5200,MAILER-1,Ngozi
06/07/26,Mailer Unit,Afternoon,Access Bank,Card Carriers,8900,MAILER-1,Ngozi
07/07/26,Mailer Unit,Morning,Zenith Bank,Statements,8200,MAILER-1,Ngozi
08/07/26,Mailer Unit,Afternoon,Polaris,Statements,3800,MAILER-1,Ngozi
09/07/26,Mailer Unit,Afternoon,Access Bank,Statements,5900,MAILER-1,Musa
10/07/26,Mailer Unit,Morning,Moniepoint,Statements,6100,MAILER-1,Ngozi
10/07/26,Mailer Unit,Afternoon,Moniepoint,Statements,6100,MAILER-1,Musa
13/07/26,Mailer Unit,Morning,Polaris,PIN Mailers,5300,MAILER-1,Ngozi
13/07/26,Mailer Unit,Afternoon,Polaris,PIN Mailers,9000,MAILER-1,Ngozi
14/07/26,Mailer Unit,Afternoon,Opay,Card Carriers,5100,MAILER-1,Ngozi
15/07/26,Mailer Unit,Morning,Access Bank,Statements,6400,MAILER-1,Ngozi
15/07/26,Mailer Unit,Afternoon,Opay,PIN Mailers,6500,MAILER-1,Ngozi
16/07/26,Mailer Unit,Morning,Access Bank,Card Carriers,6600,MAILER-1,Ngozi
17/07/26,Mailer Unit,Morning,GTBank,Statements,4600,MAILER-1,Ngozi
17/07/26,Mailer Unit,Afternoon,Moniepoint,PIN Mailers,7900,MAILER-1,Ngozi
20/07/26,Mailer Unit,Morning,GTBank,Statements,6900,MAILER-1,Ngozi
21/07/26,Mailer Unit,Morning,Opay,PIN Mailers,3100,MAILER-1,Musa
21/07/26,Mailer Unit,Afternoon,Polaris,Statements,3700,MAILER-1,Musa
22/07/26,Mailer Unit,Morning,Opay,PIN Mailers,5100,MAILER-1,Ngozi
22/07/26,Mailer Unit,Afternoon,Access Bank,Statements,3800,MAILER-1,Musa
23/07/26,Mailer Unit,Afternoon,Access Bank,Statements,5700,MAILER-1,Ngozi
24/07/26,Mailer Unit,Morning,Polaris,Card Carriers,6100,MAILER-1,Musa
27/07/26,Mailer Unit,Morning,Moniepoint,PIN Mailers,3200,MAILER-1,Ngozi
27/07/26,Mailer Unit,Afternoon,GTBank,PIN Mailers,8400,MAILER-1,Ngozi
28/07/26,Mailer Unit,Morning,Moniepoint,Statements,5600,MAILER-1,Ngozi
29/07/26,Mailer Unit,Morning,Moniepoint,Statements,7100,MAILER-1,Musa
29/07/26,Mailer Unit,Afternoon,Access Bank,Card Carriers,8400,MAILER-1,Musa
30/07/26,Mailer Unit,Morning,GTBank,Statements,6200,MAILER-1,Ngozi
31/07/26,Mailer Unit,Morning,Polaris,Card Carriers,7500,MAILER-1,Ngozi
31/07/26,Mailer Unit,Afternoon,Moniepoint,Card Carriers,7600,MAILER-1,Musa
03/08/26,Mailer Unit,Morning,Access Bank,Statements,6400,MAILER-1,Musa
04/08/26,Mailer Unit,Afternoon,Polaris,PIN Mailers,5800,MAILER-1,Musa
05/08/26,Mailer Unit,Morning,Polaris,Card Carriers,7300,MAILER-1,Ngozi
05/08/26,Mailer Unit,Afternoon,Moniepoint,PIN Mailers,8900,MAILER-1,Ngozi
07/08/26,Mailer Unit,Morning,Moniepoint,PIN Mailers,7900,MAILER-1,Ngozi
10/08/26,Mailer Unit,Morning,Opay,Statements,7100,MAILER-1,Musa
10/08/26,Mailer Unit,Afternoon,Opay,Card Carriers,8300,MAILER-1,Ngozi
11/08/26,Mailer Unit,Morning,GTBank,Statements,7600,MAILER-1,Ngozi
11/08/26,Mailer Unit,Afternoon,Opay,Statements,7300,MAILER-1,Musa
12/08/26,Mailer Unit,Morning,Polaris,PIN Mailers,6100,MAILER-1,Ngozi
12/08/26,Mailer Unit,Afternoon,Access Bank,Statements,4800,MAILER-1,Ngozi
13/08/26,Mailer Unit,Morning,Opay,PIN Mailers,4600,MAILER-1,Ngozi
13/08/26,Mailer Unit,Afternoon,Moniepoint,PIN Mailers,8000,MAILER-1,Musa
14/08/26,Mailer Unit,Morning,Zenith Bank,Statements,4000,MAILER-1,Musa
14/08/26,Mailer Unit,Afternoon,GTBank,PIN Mailers,7900,MAILER-1,Musa
17/08/26,Mailer Unit,Morning,Access Bank,PIN Mailers,5200,MAILER-1,Ngozi
18/08/26,Mailer Unit,Morning,GTBank,Card Carriers,6500,MAILER-1,Musa
19/08/26,Mailer Unit,Morning,Zenith Bank,PIN Mailers,5000,MAILER-1,Ngozi
19/08/26,Mailer Unit,Afternoon,Zenith Bank,Card Carriers,4600,MAILER-1,Musa
20/08/26,Mailer Unit,Morning,GTBank,Statements,3100,MAILER-1,Ngozi
21/08/26,Mailer Unit,Morning,Access Bank,Statements,8400,MAILER-1,Ngozi
21/08/26,Mailer Unit,Afternoon,Access Bank,Card Carriers,4000,MAILER-1,Ngozi
24/08/26,Mailer Unit,Morning,GTBank,Statements,7400,MAILER-1,Ngozi
24/08/26,Mailer Unit,Afternoon,Polaris,Card Carriers,6900,MAILER-1,Ngozi
25/08/26,Mailer Unit,Afternoon,Opay,Card Carriers,3100,MAILER-1,Musa
26/08/26,Mailer Unit,Morning,GTBank,Statements,3900,MAILER-1,Ngozi
27/08/26,Mailer Unit,Afternoon,Access Bank,Card Carriers,4100,MAILER-1,Ngozi
28/08/26,Mailer Unit,Morning,GTBank,Card Carriers,7300,MAILER-1,Musa
31/08/26,Mailer Unit,Morning,Opay,PIN Mailers,8700,MAILER-1,Ngozi
02/09/26,Mailer Unit,Morning,Opay,PIN Mailers,3200,MAILER-1,Musa
02/09/26,Mailer Unit,Afternoon,GTBank,Statements,7200,MAILER-1,Ngozi
03/09/26,Mailer Unit,Morning,Polaris,Statements,7300,MAILER-1,Musa
03/09/26,Mailer Unit,Afternoon,Opay,Card Carriers,4600,MAILER-1,Ngozi
04/09/26,Mailer Unit,Morning,Polaris,Statements,3200,MAILER-1,Musa
04/09/26,Mailer Unit,Afternoon,Zenith Bank,PIN Mailers,4700,MAILER-1,Ngozi
08/09/26,Mailer Unit,Morning,Polaris,PIN Mailers,6200,MAILER-1,Ngozi
08/09/26,Mailer Unit,Afternoon,GTBank,Card Carriers,5900,MAILER-1,Musa
09/09/26,Mailer Unit,Morning,Polaris,Card Carriers,6400,MAILER-1,Musa
09/09/26,Mailer Unit,Afternoon,Polaris,Statements,4100,MAILER-1,Ngozi
10/09/26,Mailer Unit,Morning,Moniepoint,Statements,8500,MAILER-1,Ngozi
11/09/26,Mailer Unit,Morning,Polaris,PIN Mailers,6900,MAILER-1,Ngozi
11/09/26,Mailer Unit,Afternoon,Opay,Statements,6600,MAILER-1,Musa
15/09/26,Mailer Unit,Morning,Moniepoint,Statements,4300,MAILER-1,Musa
17/09/26,Mailer Unit,Afternoon,Polaris,PIN Mailers,7500,MAILER-1,Ngozi
18/09/26,Mailer Unit,Morning,GTBank,Card Carriers,3100,MAILER-1,Ngozi
18/09/26,Mailer Unit,Afternoon,GTBank,PIN Mailers,6600,MAILER-1,Ngozi
21/09/26,Mailer Unit,Morning,Polaris,Statements,4600,MAILER-1,Ngozi
21/09/26,Mailer Unit,Afternoon,Moniepoint,PIN Mailers,4000,MAILER-1,Musa
22/09/26,Mailer Unit,Morning,GTBank,Card Carriers,4600,MAILER-1,Ngozi
22/09/26,Mailer Unit,Afternoon,Zenith Bank,Card Carriers,5300,MAILER-1,Musa
23/09/26,Mailer Unit,Morning,Moniepoint,PIN Mailers,7400,MAILER-1,Musa
23/09/26,Mailer Unit,Afternoon,Polaris,Statements,8800,MAILER-1,Ngozi
24/09/26,Mailer Unit,Morning,Polaris,PIN Mailers,4500,MAILER-1,Ngozi
24/09/26,Mailer Unit,Afternoon,Opay,Statements,6300,MAILER-1,Musa
25/09/26,Mailer Unit,Morning,Access Bank,Card Carriers,8500,MAILER-1,Musa
25/09/26,Mailer Unit,Afternoon,Polaris,Card Carriers,3300,MAILER-1,Musa
29/09/26,Mailer Unit,Morning,Opay,PIN Mailers,6100,MAILER-1,Musa
01/07/26,CTP Unit,Morning,Opay,Offset Plates,61,CTP-1,Obinna
01/07/26,CTP Unit,Morning,Moniepoint,Offset Plates,115,CTP-4,Peace
01/07/26,CTP Unit,Afternoon,Moniepoint,Offset Plates,42,CTP-1,Queen
01/07/26,CTP Unit,Afternoon,Moniepoint,Offset Plates,43,CTP-2,Obinna
01/07/26,CTP Unit,Afternoon,GTBank,Offset Plates,69,CTP-3,Peace
02/07/26,CTP Unit,Morning,Polaris,Offset Plates,81,CTP-1,Queen
02/07/26,CTP Unit,Morning,Polaris,Offset Plates,71,CTP-2,Peace
02/07/26,CTP Unit,Morning,GTBank,Offset Plates,106,CTP-3,Obinna
02/07/26,CTP Unit,Morning,Opay,Offset Plates,82,CTP-4,Queen
02/07/26,CTP Unit,Afternoon,Opay,Offset Plates,67,CTP-1,Queen
02/07/26,CTP Unit,Afternoon,GTBank,Offset Plates,105,CTP-2,Peace
02/07/26,CTP Unit,Afternoon,Moniepoint,Offset Plates,62,CTP-3,Obinna
02/07/26,CTP Unit,Afternoon,GTBank,Offset Plates,73,CTP-4,Queen
03/07/26,CTP Unit,Morning,Zenith Bank,Offset Plates,119,CTP-1,Queen
03/07/26,CTP Unit,Morning,Access Bank,Offset Plates,70,CTP-2,Obinna
03/07/26,CTP Unit,Morning,GTBank,Offset Plates,57,CTP-3,Peace
03/07/26,CTP Unit,Morning,Access Bank,Offset Plates,47,CTP-4,Queen
03/07/26,CTP Unit,Afternoon,Opay,Offset Plates,103,CTP-3,Queen
03/07/26,CTP Unit,Afternoon,GTBank,Offset Plates,117,CTP-4,Obinna
06/07/26,CTP Unit,Morning,Polaris,Offset Plates,44,CTP-1,Queen
06/07/26,CTP Unit,Morning,GTBank,Offset Plates,73,CTP-2,Obinna
06/07/26,CTP Unit,Morning,GTBank,Offset Plates,48,CTP-3,Peace
06/07/26,CTP Unit,Morning,Zenith Bank,Offset Plates,83,CTP-4,Queen
06/07/26,CTP Unit,Afternoon,GTBank,Offset Plates,76,CTP-1,Peace
06/07/26,CTP Unit,Afternoon,Zenith Bank,Offset Plates,104,CTP-2,Queen
06/07/26,CTP Unit,Afternoon,Zenith Bank,Offset Plates,56,CTP-4,Obinna
07/07/26,CTP Unit,Morning,Moniepoint,Offset Plates,107,CTP-1,Peace
07/07/26,CTP Unit,Morning,GTBank,Offset Plates,101,CTP-2,Obinna
07/07/26,CTP Unit,Morning,Moniepoint,Offset Plates,84,CTP-3,Queen
07/07/26,CTP Unit,Morning,Moniepoint,Offset Plates,64,CTP-4,Peace
07/07/26,CTP Unit,Afternoon,Polaris,Offset Plates,56,CTP-1,Obinna
07/07/26,CTP Unit,Afternoon,Access Bank,Offset Plates,79,CTP-4,Peace
08/07/26,CTP Unit,Morning,GTBank,Offset Plates,59,CTP-1,Queen
08/07/26,CTP Unit,Morning,Zenith Bank,Offset Plates,75,CTP-2,Peace
08/07/26,CTP Unit,Morning,Opay,Offset Plates,59,CTP-3,Obinna
08/07/26,CTP Unit,Afternoon,Polaris,Offset Plates,96,CTP-1,Peace
08/07/26,CTP Unit,Afternoon,GTBank,Offset Plates,66,CTP-2,Queen
08/07/26,CTP Unit,Afternoon,Zenith Bank,Offset Plates,75,CTP-3,Obinna
08/07/26,CTP Unit,Afternoon,GTBank,Offset Plates,99,CTP-4,Peace
09/07/26,CTP Unit,Morning,Moniepoint,Offset Plates,73,CTP-1,Obinna
09/07/26,CTP Unit,Morning,Polaris,Offset Plates,94,CTP-2,Peace
09/07/26,CTP Unit,Morning,Moniepoint,Offset Plates,73,CTP-3,Queen
09/07/26,CTP Unit,Morning,Opay,Offset Plates,107,CTP-4,Obinna
09/07/26,CTP Unit,Afternoon,Zenith Bank,Offset Plates,106,CTP-1,Peace
09/07/26,CTP Unit,Afternoon,Access Bank,Offset Plates,96,CTP-2,Queen
09/07/26,CTP Unit,Afternoon,Moniepoint,Offset Plates,43,CTP-3,Obinna
10/07/26,CTP Unit,Morning,Opay,Offset Plates,60,CTP-2,Peace
10/07/26,CTP Unit,Morning,Moniepoint,Offset Plates,116,CTP-3,Queen
10/07/26,CTP Unit,Morning,Opay,Offset Plates,55,CTP-4,Obinna
10/07/26,CTP Unit,Afternoon,Moniepoint,Offset Plates,99,CTP-1,Queen
10/07/26,CTP Unit,Afternoon,Access Bank,Offset Plates,86,CTP-2,Obinna
13/07/26,CTP Unit,Morning,GTBank,Offset Plates,106,CTP-1,Queen
13/07/26,CTP Unit,Morning,Opay,Offset Plates,51,CTP-2,Obinna
13/07/26,CTP Unit,Morning,Moniepoint,Offset Plates,75,CTP-3,Peace
13/07/26,CTP Unit,Afternoon,GTBank,Offset Plates,108,CTP-1,Obinna
13/07/26,CTP Unit,Afternoon,Moniepoint,Offset Plates,42,CTP-3,Peace
13/07/26,CTP Unit,Afternoon,GTBank,Offset Plates,65,CTP-4,Queen
14/07/26,CTP Unit,Morning,Access Bank,Offset Plates,105,CTP-3,Peace
14/07/26,CTP Unit,Morning,GTBank,Offset Plates,88,CTP-4,Queen
14/07/26,CTP Unit,Afternoon,Zenith Bank,Offset Plates,47,CTP-1,Obinna
14/07/26,CTP Unit,Afternoon,Polaris,Offset Plates,91,CTP-2,Peace
14/07/26,CTP Unit,Afternoon,Opay,Offset Plates,62,CTP-3,Queen
14/07/26,CTP Unit,Afternoon,Access Bank,Offset Plates,103,CTP-4,Obinna
15/07/26,CTP Unit,Morning,Polaris,Offset Plates,64,CTP-1,Queen
15/07/26,CTP Unit,Morning,GTBank,Offset Plates,57,CTP-2,Peace
15/07/26,CTP Unit,Morning,Zenith Bank,Offset Plates,92,CTP-3,Obinna
15/07/26,CTP Unit,Afternoon,Polaris,Offset Plates,103,CTP-3,Queen
15/07/26,CTP Unit,Afternoon,Opay,Offset Plates,120,CTP-4,Peace
16/07/26,CTP Unit,Morning,GTBank,Offset Plates,94,CTP-1,Queen
16/07/26,CTP Unit,Morning,Zenith Bank,Offset Plates,116,CTP-2,Obinna
16/07/26,CTP Unit,Morning,GTBank,Offset Plates,109,CTP-4,Peace
16/07/26,CTP Unit,Afternoon,Access Bank,Offset Plates,49,CTP-3,Peace
16/07/26,CTP Unit,Afternoon,Moniepoint,Offset Plates,45,CTP-4,Queen
17/07/26,CTP Unit,Morning,Zenith Bank,Offset Plates,82,CTP-2,Peace
17/07/26,CTP Unit,Morning,Opay,Offset Plates,114,CTP-4,Obinna
17/07/26,CTP Unit,Afternoon,Access Bank,Offset Plates,117,CTP-2,Queen
17/07/26,CTP Unit,Afternoon,Access Bank,Offset Plates,62,CTP-3,Obinna
17/07/26,CTP Unit,Afternoon,GTBank,Offset Plates,56,CTP-4,Peace
20/07/26,CTP Unit,Morning,Zenith Bank,Offset Plates,69,CTP-1,Peace
20/07/26,CTP Unit,Morning,GTBank,Offset Plates,87,CTP-2,Obinna
20/07/26,CTP Unit,Morning,Opay,Offset Plates,70,CTP-4,Queen
20/07/26,CTP Unit,Afternoon,GTBank,Offset Plates,58,CTP-2,Queen
20/07/26,CTP Unit,Afternoon,Polaris,Offset Plates,85,CTP-4,Obinna
21/07/26,CTP Unit,Morning,Polaris,Offset Plates,120,CTP-1,Queen
21/07/26,CTP Unit,Morning,GTBank,Offset Plates,42,CTP-2,Obinna
21/07/26,CTP Unit,Morning,Moniepoint,Offset Plates,106,CTP-4,Peace
21/07/26,CTP Unit,Afternoon,Zenith Bank,Offset Plates,73,CTP-2,Peace
21/07/26,CTP Unit,Afternoon,Access Bank,Offset Plates,69,CTP-3,Obinna
21/07/26,CTP Unit,Afternoon,Moniepoint,Offset Plates,88,CTP-4,Queen
22/07/26,CTP Unit,Morning,GTBank,Offset Plates,120,CTP-1,Peace
22/07/26,CTP Unit,Morning,Opay,Offset Plates,74,CTP-2,Queen
22/07/26,CTP Unit,Morning,Polaris,Offset Plates,51,CTP-4,Obinna
22/07/26,CTP Unit,Afternoon,Opay,Offset Plates,89,CTP-2,Obinna
22/07/26,CTP Unit,Afternoon,Zenith Bank,Offset Plates,69,CTP-3,Peace
23/07/26,CTP Unit,Morning,GTBank,Offset Plates,53,CTP-2,Peace
23/07/26,CTP Unit,Morning,Moniepoint,Offset Plates,62,CTP-3,Queen
23/07/26,CTP Unit,Morning,Zenith Bank,Offset Plates,55,CTP-4,Obinna
23/07/26,CTP Unit,Afternoon,Polaris,Offset Plates,88,CTP-1,Peace
23/07/26,CTP Unit,Afternoon,Moniepoint,Offset Plates,69,CTP-2,Obinna
23/07/26,CTP Unit,Afternoon,GTBank,Offset Plates,70,CTP-4,Queen
24/07/26,CTP Unit,Morning,Zenith Bank,Offset Plates,93,CTP-1,Peace
24/07/26,CTP Unit,Morning,Zenith Bank,Offset Plates,71,CTP-2,Obinna
24/07/26,CTP Unit,Afternoon,Opay,Offset Plates,55,CTP-1,Obinna
24/07/26,CTP Unit,Afternoon,Opay,Offset Plates,109,CTP-2,Queen
24/07/26,CTP Unit,Afternoon,Polaris,Offset Plates,100,CTP-3,Peace
24/07/26,CTP Unit,Afternoon,Moniepoint,Offset Plates,93,CTP-4,Obinna
27/07/26,CTP Unit,Morning,Access Bank,Offset Plates,110,CTP-2,Obinna
27/07/26,CTP Unit,Morning,GTBank,Offset Plates,77,CTP-3,Peace
27/07/26,CTP Unit,Afternoon,Access Bank,Offset Plates,120,CTP-2,Queen
27/07/26,CTP Unit,Afternoon,Moniepoint,Offset Plates,59,CTP-4,Peace
28/07/26,CTP Unit,Morning,GTBank,Offset Plates,91,CTP-1,Peace
28/07/26,CTP Unit,Morning,Zenith Bank,Offset Plates,52,CTP-3,Obinna
28/07/26,CTP Unit,Afternoon,Access Bank,Offset Plates,78,CTP-1,Peace
28/07/26,CTP Unit,Afternoon,Access Bank,Offset Plates,73,CTP-2,Queen
28/07/26,CTP Unit,Afternoon,Moniepoint,Offset Plates,48,CTP-4,Obinna
29/07/26,CTP Unit,Morning,Zenith Bank,Offset Plates,104,CTP-2,Obinna
29/07/26,CTP Unit,Morning,Opay,Offset Plates,98,CTP-4,Queen
29/07/26,CTP Unit,Afternoon,Polaris,Offset Plates,106,CTP-1,Obinna
29/07/26,CTP Unit,Afternoon,Moniepoint,Offset Plates,60,CTP-3,Peace
29/07/26,CTP Unit,Afternoon,GTBank,Offset Plates,88,CTP-4,Queen
30/07/26,CTP Unit,Morning,Access Bank,Offset Plates,69,CTP-1,Peace
30/07/26,CTP Unit,Morning,Moniepoint,Offset Plates,67,CTP-2,Obinna
30/07/26,CTP Unit,Morning,Zenith Bank,Offset Plates,80,CTP-3,Queen
30/07/26,CTP Unit,Morning,Moniepoint,Offset Plates,42,CTP-4,Peace
30/07/26,CTP Unit,Afternoon,Moniepoint,Offset Plates,103,CTP-1,Queen
30/07/26,CTP Unit,Afternoon,Moniepoint,Offset Plates,99,CTP-2,Obinna
30/07/26,CTP Unit,Afternoon,Access Bank,Offset Plates,103,CTP-3,Peace
31/07/26,CTP Unit,Morning,Access Bank,Offset Plates,48,CTP-1,Queen
31/07/26,CTP Unit,Morning,Zenith Bank,Offset Plates,69,CTP-2,Peace
31/07/26,CTP Unit,Morning,GTBank,Offset Plates,89,CTP-3,Obinna
31/07/26,CTP Unit,Morning,GTBank,Offset Plates,92,CTP-4,Queen
31/07/26,CTP Unit,Afternoon,Access Bank,Offset Plates,101,CTP-1,Obinna
31/07/26,CTP Unit,Afternoon,Polaris,Offset Plates,44,CTP-2,Queen
31/07/26,CTP Unit,Afternoon,GTBank,Offset Plates,81,CTP-4,Peace
03/08/26,CTP Unit,Morning,Opay,Offset Plates,120,CTP-1,Obinna
03/08/26,CTP Unit,Morning,Zenith Bank,Offset Plates,45,CTP-2,Queen
03/08/26,CTP Unit,Morning,Zenith Bank,Offset Plates,45,CTP-3,Peace
03/08/26,CTP Unit,Morning,Opay,Offset Plates,94,CTP-4,Obinna
03/08/26,CTP Unit,Afternoon,Opay,Offset Plates,75,CTP-1,Peace
03/08/26,CTP Unit,Afternoon,Zenith Bank,Offset Plates,65,CTP-2,Queen
03/08/26,CTP Unit,Afternoon,Moniepoint,Offset Plates,67,CTP-3,Obinna
03/08/26,CTP Unit,Afternoon,GTBank,Offset Plates,111,CTP-4,Peace
04/08/26,CTP Unit,Morning,Zenith Bank,Offset Plates,56,CTP-1,Obinna
04/08/26,CTP Unit,Morning,Moniepoint,Offset Plates,89,CTP-2,Peace
04/08/26,CTP Unit,Morning,GTBank,Offset Plates,94,CTP-3,Queen
04/08/26,CTP Unit,Morning,Moniepoint,Offset Plates,105,CTP-4,Obinna
04/08/26,CTP Unit,Afternoon,GTBank,Offset Plates,43,CTP-1,Queen
04/08/26,CTP Unit,Afternoon,Moniepoint,Offset Plates,70,CTP-2,Peace
04/08/26,CTP Unit,Afternoon,Moniepoint,Offset Plates,99,CTP-4,Obinna
05/08/26,CTP Unit,Morning,GTBank,Offset Plates,88,CTP-1,Queen
05/08/26,CTP Unit,Morning,Access Bank,Offset Plates,114,CTP-2,Peace
05/08/26,CTP Unit,Morning,Moniepoint,Offset Plates,98,CTP-3,Obinna
05/08/26,CTP Unit,Morning,Opay,Offset Plates,50,CTP-4,Queen
05/08/26,CTP Unit,Afternoon,Polaris,Offset Plates,53,CTP-1,Peace
05/08/26,CTP Unit,Afternoon,Opay,Offset Plates,78,CTP-2,Queen
05/08/26,CTP Unit,Afternoon,Moniepoint,Offset Plates,91,CTP-3,Obinna
05/08/26,CTP Unit,Afternoon,GTBank,Offset Plates,65,CTP-4,Peace
06/08/26,CTP Unit,Morning,Zenith Bank,Offset Plates,67,CTP-1,Obinna
06/08/26,CTP Unit,Morning,GTBank,Offset Plates,116,CTP-2,Peace
06/08/26,CTP Unit,Morning,Zenith Bank,Offset Plates,48,CTP-3,Queen
06/08/26,CTP Unit,Morning,Polaris,Offset Plates,119,CTP-4,Obinna
06/08/26,CTP Unit,Afternoon,Polaris,Offset Plates,107,CTP-2,Obinna
06/08/26,CTP Unit,Afternoon,Moniepoint,Offset Plates,64,CTP-3,Queen
06/08/26,CTP Unit,Afternoon,GTBank,Offset Plates,84,CTP-4,Peace
07/08/26,CTP Unit,Morning,GTBank,Offset Plates,54,CTP-1,Obinna
07/08/26,CTP Unit,Morning,GTBank,Offset Plates,84,CTP-2,Queen
07/08/26,CTP Unit,Morning,Zenith Bank,Offset Plates,48,CTP-3,Peace
07/08/26,CTP Unit,Morning,Access Bank,Offset Plates,76,CTP-4,Obinna
07/08/26,CTP Unit,Afternoon,Opay,Offset Plates,61,CTP-2,Queen
07/08/26,CTP Unit,Afternoon,Zenith Bank,Offset Plates,82,CTP-3,Obinna
07/08/26,CTP Unit,Afternoon,Access Bank,Offset Plates,75,CTP-4,Peace
10/08/26,CTP Unit,Morning,Access Bank,Offset Plates,78,CTP-1,Peace
10/08/26,CTP Unit,Morning,Access Bank,Offset Plates,44,CTP-2,Queen
10/08/26,CTP Unit,Morning,Opay,Offset Plates,59,CTP-3,Obinna
10/08/26,CTP Unit,Afternoon,Polaris,Offset Plates,98,CTP-3,Queen
10/08/26,CTP Unit,Afternoon,Opay,Offset Plates,87,CTP-4,Obinna
11/08/26,CTP Unit,Morning,Moniepoint,Offset Plates,99,CTP-1,Peace
11/08/26,CTP Unit,Morning,Moniepoint,Offset Plates,117,CTP-3,Obinna
11/08/26,CTP Unit,Morning,Opay,Offset Plates,100,CTP-4,Queen
11/08/26,CTP Unit,Afternoon,Access Bank,Offset Plates,102,CTP-1,Peace
11/08/26,CTP Unit,Afternoon,Polaris,Offset Plates,100,CTP-2,Obinna
11/08/26,CTP Unit,Afternoon,Moniepoint,Offset Plates,103,CTP-3,Queen
12/08/26,CTP Unit,Morning,GTBank,Offset Plates,106,CTP-2,Peace
12/08/26,CTP Unit,Morning,Zenith Bank,Offset Plates,56,CTP-3,Queen
12/08/26,CTP Unit,Morning,Moniepoint,Offset Plates,64,CTP-4,Obinna
12/08/26,CTP Unit,Afternoon,Polaris,Offset Plates,43,CTP-1,Queen
12/08/26,CTP Unit,Afternoon,Polaris,Offset Plates,111,CTP-2,Peace
12/08/26,CTP Unit,Afternoon,Moniepoint,Offset Plates,70,CTP-3,Obinna
12/08/26,CTP Unit,Afternoon,Opay,Offset Plates,41,CTP-4,Queen
13/08/26,CTP Unit,Morning,Opay,Offset Plates,117,CTP-3,Queen
13/08/26,CTP Unit,Morning,Polaris,Offset Plates,40,CTP-4,Obinna
13/08/26,CTP Unit,Afternoon,Polaris,Offset Plates,73,CTP-1,Peace
13/08/26,CTP Unit,Afternoon,Zenith Bank,Offset Plates,109,CTP-2,Obinna
13/08/26,CTP Unit,Afternoon,Zenith Bank,Offset Plates,54,CTP-4,Queen
14/08/26,CTP Unit,Morning,Access Bank,Offset Plates,81,CTP-1,Obinna
14/08/26,CTP Unit,Morning,GTBank,Offset Plates,98,CTP-2,Queen
14/08/26,CTP Unit,Morning,Zenith Bank,Offset Plates,96,CTP-3,Peace
14/08/26,CTP Unit,Morning,Zenith Bank,Offset Plates,94,CTP-4,Obinna
14/08/26,CTP Unit,Afternoon,Moniepoint,Offset Plates,114,CTP-3,Peace
14/08/26,CTP Unit,Afternoon,Polaris,Offset Plates,77,CTP-4,Queen
17/08/26,CTP Unit,Morning,Zenith Bank,Offset Plates,70,CTP-1,Peace
17/08/26,CTP Unit,Morning,Zenith Bank,Offset Plates,61,CTP-3,Queen
17/08/26,CTP Unit,Morning,Opay,Offset Plates,76,CTP-4,Obinna
17/08/26,CTP Unit,Afternoon,Polaris,Offset Plates,55,CTP-1,Obinna
17/08/26,CTP Unit,Afternoon,GTBank,Offset Plates,100,CTP-2,Queen
17/08/26,CTP Unit,Afternoon,Zenith Bank,Offset Plates,49,CTP-3,Peace
17/08/26,CTP Unit,Afternoon,Moniepoint,Offset Plates,52,CTP-4,Obinna
18/08/26,CTP Unit,Morning,Moniepoint,Offset Plates,115,CTP-1,Peace
18/08/26,CTP Unit,Morning,Moniepoint,Offset Plates,110,CTP-2,Queen
18/08/26,CTP Unit,Morning,Polaris,Offset Plates,110,CTP-3,Obinna
18/08/26,CTP Unit,Morning,Access Bank,Offset Plates,70,CTP-4,Peace
18/08/26,CTP Unit,Afternoon,Access Bank,Offset Plates,84,CTP-1,Obinna
18/08/26,CTP Unit,Afternoon,Access Bank,Offset Plates,56,CTP-2,Peace
18/08/26,CTP Unit,Afternoon,Access Bank,Offset Plates,120,CTP-3,Queen
18/08/26,CTP Unit,Afternoon,Moniepoint,Offset Plates,84,CTP-4,Obinna
19/08/26,CTP Unit,Morning,Opay,Offset Plates,66,CTP-1,Queen
19/08/26,CTP Unit,Morning,Opay,Offset Plates,81,CTP-2,Obinna
19/08/26,CTP Unit,Morning,Moniepoint,Offset Plates,42,CTP-3,Peace
19/08/26,CTP Unit,Morning,Access Bank,Offset Plates,111,CTP-4,Queen
19/08/26,CTP Unit,Afternoon,Access Bank,Offset Plates,60,CTP-1,Queen
19/08/26,CTP Unit,Afternoon,Polaris,Offset Plates,40,CTP-2,Obinna
20/08/26,CTP Unit,Morning,GTBank,Offset Plates,58,CTP-1,Queen
20/08/26,CTP Unit,Morning,Opay,Offset Plates,79,CTP-2,Obinna
20/08/26,CTP Unit,Morning,Opay,Offset Plates,77,CTP-3,Peace
20/08/26,CTP Unit,Morning,Access Bank,Offset Plates,93,CTP-4,Queen
20/08/26,CTP Unit,Afternoon,Polaris,Offset Plates,72,CTP-1,Peace
20/08/26,CTP Unit,Afternoon,Access Bank,Offset Plates,96,CTP-2,Queen
20/08/26,CTP Unit,Afternoon,GTBank,Offset Plates,73,CTP-4,Obinna
21/08/26,CTP Unit,Morning,Zenith Bank,Offset Plates,40,CTP-1,Queen
21/08/26,CTP Unit,Morning,Moniepoint,Offset Plates,113,CTP-2,Peace
21/08/26,CTP Unit,Morning,Access Bank,Offset Plates,105,CTP-3,Obinna
21/08/26,CTP Unit,Morning,Moniepoint,Offset Plates,41,CTP-4,Queen
21/08/26,CTP Unit,Afternoon,GTBank,Offset Plates,116,CTP-1,Queen
21/08/26,CTP Unit,Afternoon,Access Bank,Offset Plates,110,CTP-2,Peace
21/08/26,CTP Unit,Afternoon,Access Bank,Offset Plates,47,CTP-3,Obinna
21/08/26,CTP Unit,Afternoon,Opay,Offset Plates,76,CTP-4,Queen
24/08/26,CTP Unit,Morning,GTBank,Offset Plates,70,CTP-1,Obinna
24/08/26,CTP Unit,Morning,Opay,Offset Plates,118,CTP-2,Peace
24/08/26,CTP Unit,Morning,Access Bank,Offset Plates,51,CTP-3,Queen
24/08/26,CTP Unit,Morning,Opay,Offset Plates,113,CTP-4,Obinna
24/08/26,CTP Unit,Afternoon,Moniepoint,Offset Plates,42,CTP-3,Peace
24/08/26,CTP Unit,Afternoon,Polaris,Offset Plates,67,CTP-4,Obinna
25/08/26,CTP Unit,Morning,Access Bank,Offset Plates,73,CTP-1,Queen
25/08/26,CTP Unit,Morning,GTBank,Offset Plates,102,CTP-2,Peace
25/08/26,CTP Unit,Morning,Opay,Offset Plates,55,CTP-4,Obinna
25/08/26,CTP Unit,Afternoon,Polaris,Offset Plates,117,CTP-1,Obinna
25/08/26,CTP Unit,Afternoon,Zenith Bank,Offset Plates,68,CTP-2,Peace
25/08/26,CTP Unit,Afternoon,Access Bank,Offset Plates,99,CTP-3,Queen
26/08/26,CTP Unit,Morning,Polaris,Offset Plates,74,CTP-1,Obinna
26/08/26,CTP Unit,Morning,Zenith Bank,Offset Plates,102,CTP-3,Peace
26/08/26,CTP Unit,Afternoon,Opay,Offset Plates,69,CTP-1,Obinna
26/08/26,CTP Unit,Afternoon,Access Bank,Offset Plates,63,CTP-2,Peace
26/08/26,CTP Unit,Afternoon,Zenith Bank,Offset Plates,93,CTP-3,Queen
26/08/26,CTP Unit,Afternoon,Zenith Bank,Offset Plates,91,CTP-4,Obinna
27/08/26,CTP Unit,Morning,Polaris,Offset Plates,85,CTP-1,Peace
27/08/26,CTP Unit,Morning,Zenith Bank,Offset Plates,70,CTP-2,Queen
27/08/26,CTP Unit,Morning,Access Bank,Offset Plates,49,CTP-3,Obinna
27/08/26,CTP Unit,Morning,Polaris,Offset Plates,109,CTP-4,Peace
27/08/26,CTP Unit,Afternoon,Access Bank,Offset Plates,63,CTP-1,Peace
27/08/26,CTP Unit,Afternoon,GTBank,Offset Plates,72,CTP-2,Obinna
27/08/26,CTP Unit,Afternoon,Opay,Offset Plates,78,CTP-3,Queen
27/08/26,CTP Unit,Afternoon,GTBank,Offset Plates,113,CTP-4,Peace
28/08/26,CTP Unit,Morning,Opay,Offset Plates,81,CTP-1,Obinna
28/08/26,CTP Unit,Morning,Opay,Offset Plates,45,CTP-3,Peace
28/08/26,CTP Unit,Morning,Polaris,Offset Plates,116,CTP-4,Queen
28/08/26,CTP Unit,Afternoon,Moniepoint,Offset Plates,56,CTP-1,Queen
28/08/26,CTP Unit,Afternoon,Opay,Offset Plates,48,CTP-2,Obinna
28/08/26,CTP Unit,Afternoon,Opay,Offset Plates,82,CTP-3,Peace
28/08/26,CTP Unit,Afternoon,Moniepoint,Offset Plates,60,CTP-4,Queen
31/08/26,CTP Unit,Morning,Moniepoint,Offset Plates,51,CTP-1,Obinna
31/08/26,CTP Unit,Morning,Polaris,Offset Plates,77,CTP-2,Peace
31/08/26,CTP Unit,Morning,Polaris,Offset Plates,111,CTP-3,Queen
31/08/26,CTP Unit,Morning,GTBank,Offset Plates,109,CTP-4,Obinna
31/08/26,CTP Unit,Afternoon,Moniepoint,Offset Plates,117,CTP-1,Obinna
31/08/26,CTP Unit,Afternoon,GTBank,Offset Plates,119,CTP-3,Peace
01/09/26,CTP Unit,Morning,Moniepoint,Offset Plates,84,CTP-3,Queen
01/09/26,CTP Unit,Morning,Opay,Offset Plates,47,CTP-4,Peace
02/09/26,CTP Unit,Morning,Moniepoint,Offset Plates,112,CTP-1,Obinna
02/09/26,CTP Unit,Morning,Moniepoint,Offset Plates,93,CTP-3,Peace
02/09/26,CTP Unit,Morning,Zenith Bank,Offset Plates,99,CTP-4,Queen
03/09/26,CTP Unit,Morning,Access Bank,Offset Plates,83,CTP-1,Obinna
03/09/26,CTP Unit,Morning,Access Bank,Offset Plates,106,CTP-2,Queen
03/09/26,CTP Unit,Morning,Zenith Bank,Offset Plates,91,CTP-3,Peace
03/09/26,CTP Unit,Morning,Zenith Bank,Offset Plates,105,CTP-4,Obinna
03/09/26,CTP Unit,Afternoon,Access Bank,Offset Plates,98,CTP-3,Peace
03/09/26,CTP Unit,Afternoon,GTBank,Offset Plates,84,CTP-4,Obinna
04/09/26,CTP Unit,Morning,Zenith Bank,Offset Plates,73,CTP-1,Obinna
04/09/26,CTP Unit,Morning,Access Bank,Offset Plates,45,CTP-2,Queen
04/09/26,CTP Unit,Morning,Zenith Bank,Offset Plates,87,CTP-3,Peace
04/09/26,CTP Unit,Morning,Polaris,Offset Plates,40,CTP-4,Obinna
04/09/26,CTP Unit,Afternoon,Access Bank,Offset Plates,42,CTP-1,Obinna
04/09/26,CTP Unit,Afternoon,Polaris,Offset Plates,69,CTP-2,Peace
04/09/26,CTP Unit,Afternoon,GTBank,Offset Plates,114,CTP-4,Queen
07/09/26,CTP Unit,Morning,GTBank,Offset Plates,109,CTP-1,Obinna
07/09/26,CTP Unit,Morning,Access Bank,Offset Plates,69,CTP-2,Peace
07/09/26,CTP Unit,Morning,Zenith Bank,Offset Plates,84,CTP-3,Queen
07/09/26,CTP Unit,Morning,Zenith Bank,Offset Plates,106,CTP-4,Obinna
07/09/26,CTP Unit,Afternoon,GTBank,Offset Plates,88,CTP-1,Obinna
07/09/26,CTP Unit,Afternoon,Zenith Bank,Offset Plates,95,CTP-2,Queen
07/09/26,CTP Unit,Afternoon,Zenith Bank,Offset Plates,65,CTP-4,Peace
08/09/26,CTP Unit,Morning,Opay,Offset Plates,66,CTP-1,Peace
08/09/26,CTP Unit,Morning,Polaris,Offset Plates,76,CTP-2,Obinna
08/09/26,CTP Unit,Morning,Moniepoint,Offset Plates,114,CTP-3,Queen
08/09/26,CTP Unit,Morning,Zenith Bank,Offset Plates,57,CTP-4,Peace
08/09/26,CTP Unit,Afternoon,Access Bank,Offset Plates,106,CTP-1,Obinna
08/09/26,CTP Unit,Afternoon,Moniepoint,Offset Plates,46,CTP-2,Queen
08/09/26,CTP Unit,Afternoon,GTBank,Offset Plates,87,CTP-4,Peace
09/09/26,CTP Unit,Morning,Access Bank,Offset Plates,119,CTP-2,Obinna
09/09/26,CTP Unit,Morning,Opay,Offset Plates,68,CTP-3,Queen
09/09/26,CTP Unit,Morning,Access Bank,Offset Plates,91,CTP-4,Peace
09/09/26,CTP Unit,Afternoon,GTBank,Offset Plates,70,CTP-1,Peace
09/09/26,CTP Unit,Afternoon,GTBank,Offset Plates,71,CTP-2,Obinna
09/09/26,CTP Unit,Afternoon,Opay,Offset Plates,64,CTP-3,Queen
09/09/26,CTP Unit,Afternoon,Access Bank,Offset Plates,52,CTP-4,Peace
10/09/26,CTP Unit,Morning,Opay,Offset Plates,88,CTP-1,Obinna
10/09/26,CTP Unit,Morning,Zenith Bank,Offset Plates,106,CTP-3,Peace
10/09/26,CTP Unit,Afternoon,Access Bank,Offset Plates,77,CTP-1,Peace
10/09/26,CTP Unit,Afternoon,Zenith Bank,Offset Plates,65,CTP-2,Queen
10/09/26,CTP Unit,Afternoon,GTBank,Offset Plates,57,CTP-3,Obinna
10/09/26,CTP Unit,Afternoon,Moniepoint,Offset Plates,95,CTP-4,Peace
11/09/26,CTP Unit,Morning,GTBank,Offset Plates,69,CTP-1,Obinna
11/09/26,CTP Unit,Morning,Opay,Offset Plates,114,CTP-2,Peace
11/09/26,CTP Unit,Morning,Opay,Offset Plates,43,CTP-3,Queen
11/09/26,CTP Unit,Afternoon,Zenith Bank,Offset Plates,106,CTP-1,Queen
11/09/26,CTP Unit,Afternoon,Zenith Bank,Offset Plates,93,CTP-3,Obinna
14/09/26,CTP Unit,Morning,Zenith Bank,Offset Plates,74,CTP-3,Obinna
14/09/26,CTP Unit,Morning,GTBank,Offset Plates,120,CTP-4,Queen
14/09/26,CTP Unit,Afternoon,Zenith Bank,Offset Plates,58,CTP-1,Obinna
14/09/26,CTP Unit,Afternoon,Moniepoint,Offset Plates,56,CTP-2,Queen
14/09/26,CTP Unit,Afternoon,Zenith Bank,Offset Plates,89,CTP-3,Peace
14/09/26,CTP Unit,Afternoon,Access Bank,Offset Plates,110,CTP-4,Obinna
15/09/26,CTP Unit,Morning,Opay,Offset Plates,96,CTP-2,Peace
15/09/26,CTP Unit,Morning,Zenith Bank,Offset Plates,43,CTP-3,Obinna
15/09/26,CTP Unit,Morning,Opay,Offset Plates,77,CTP-4,Queen
15/09/26,CTP Unit,Afternoon,GTBank,Offset Plates,64,CTP-1,Obinna
15/09/26,CTP Unit,Afternoon,Polaris,Offset Plates,93,CTP-2,Peace
15/09/26,CTP Unit,Afternoon,Access Bank,Offset Plates,59,CTP-3,Queen
15/09/26,CTP Unit,Afternoon,Zenith Bank,Offset Plates,108,CTP-4,Obinna
16/09/26,CTP Unit,Morning,Opay,Offset Plates,54,CTP-1,Queen
16/09/26,CTP Unit,Morning,Polaris,Offset Plates,51,CTP-2,Obinna
16/09/26,CTP Unit,Morning,Polaris,Offset Plates,75,CTP-3,Peace
16/09/26,CTP Unit,Afternoon,Polaris,Offset Plates,61,CTP-1,Peace
16/09/26,CTP Unit,Afternoon,Moniepoint,Offset Plates,70,CTP-2,Queen
16/09/26,CTP Unit,Afternoon,Opay,Offset Plates,85,CTP-4,Obinna
17/09/26,CTP Unit,Morning,Opay,Offset Plates,79,CTP-1,Queen
17/09/26,CTP Unit,Morning,Access Bank,Offset Plates,69,CTP-2,Peace
17/09/26,CTP Unit,Morning,Opay,Offset Plates,54,CTP-3,Obinna
17/09/26,CTP Unit,Morning,Moniepoint,Offset Plates,62,CTP-4,Queen
17/09/26,CTP Unit,Afternoon,Access Bank,Offset Plates,107,CTP-1,Peace
17/09/26,CTP Unit,Afternoon,Moniepoint,Offset Plates,46,CTP-2,Queen
17/09/26,CTP Unit,Afternoon,Opay,Offset Plates,95,CTP-3,Obinna
17/09/26,CTP Unit,Afternoon,Polaris,Offset Plates,43,CTP-4,Peace
18/09/26,CTP Unit,Morning,GTBank,Offset Plates,51,CTP-1,Peace
18/09/26,CTP Unit,Morning,Opay,Offset Plates,52,CTP-2,Obinna
18/09/26,CTP Unit,Morning,Polaris,Offset Plates,81,CTP-3,Queen
18/09/26,CTP Unit,Morning,Access Bank,Offset Plates,74,CTP-4,Peace
18/09/26,CTP Unit,Afternoon,GTBank,Offset Plates,83,CTP-1,Obinna
18/09/26,CTP Unit,Afternoon,Moniepoint,Offset Plates,82,CTP-2,Peace
18/09/26,CTP Unit,Afternoon,Zenith Bank,Offset Plates,83,CTP-3,Queen
21/09/26,CTP Unit,Morning,Access Bank,Offset Plates,96,CTP-1,Queen
21/09/26,CTP Unit,Morning,Polaris,Offset Plates,78,CTP-3,Obinna
21/09/26,CTP Unit,Morning,Access Bank,Offset Plates,89,CTP-4,Peace
21/09/26,CTP Unit,Afternoon,Zenith Bank,Offset Plates,57,CTP-2,Obinna
21/09/26,CTP Unit,Afternoon,Opay,Offset Plates,100,CTP-3,Queen
21/09/26,CTP Unit,Afternoon,Polaris,Offset Plates,44,CTP-4,Peace
22/09/26,CTP Unit,Morning,Polaris,Offset Plates,74,CTP-1,Queen
22/09/26,CTP Unit,Morning,GTBank,Offset Plates,42,CTP-2,Obinna
22/09/26,CTP Unit,Morning,Zenith Bank,Offset Plates,52,CTP-3,Peace
22/09/26,CTP Unit,Morning,Opay,Offset Plates,68,CTP-4,Queen
22/09/26,CTP Unit,Afternoon,Moniepoint,Offset Plates,81,CTP-2,Queen
22/09/26,CTP Unit,Afternoon,Access Bank,Offset Plates,90,CTP-4,Peace
23/09/26,CTP Unit,Morning,Polaris,Offset Plates,56,CTP-1,Queen
23/09/26,CTP Unit,Morning,Moniepoint,Offset Plates,50,CTP-2,Peace
23/09/26,CTP Unit,Morning,GTBank,Offset Plates,55,CTP-3,Obinna
23/09/26,CTP Unit,Afternoon,Polaris,Offset Plates,95,CTP-1,Obinna
24/09/26,CTP Unit,Morning,Access Bank,Offset Plates,97,CTP-1,Queen
24/09/26,CTP Unit,Morning,Zenith Bank,Offset Plates,85,CTP-2,Peace
24/09/26,CTP Unit,Morning,Moniepoint,Offset Plates,51,CTP-3,Obinna
24/09/26,CTP Unit,Morning,GTBank,Offset Plates,92,CTP-4,Queen
24/09/26,CTP Unit,Afternoon,Access Bank,Offset Plates,81,CTP-2,Obinna
24/09/26,CTP Unit,Afternoon,Polaris,Offset Plates,109,CTP-3,Queen
24/09/26,CTP Unit,Afternoon,Access Bank,Offset Plates,90,CTP-4,Peace
25/09/26,CTP Unit,Morning,Polaris,Offset Plates,63,CTP-1,Peace
25/09/26,CTP Unit,Morning,Moniepoint,Offset Plates,60,CTP-2,Queen
25/09/26,CTP Unit,Morning,Moniepoint,Offset Plates,110,CTP-3,Obinna
25/09/26,CTP Unit,Morning,Moniepoint,Offset Plates,50,CTP-4,Peace
25/09/26,CTP Unit,Afternoon,Zenith Bank,Offset Plates,93,CTP-1,Peace
25/09/26,CTP Unit,Afternoon,Polaris,Offset Plates,58,CTP-2,Queen
28/09/26,CTP Unit,Morning,GTBank,Offset Plates,103,CTP-1,Obinna
28/09/26,CTP Unit,Morning,Moniepoint,Offset Plates,101,CTP-2,Peace
28/09/26,CTP Unit,Morning,Zenith Bank,Offset Plates,58,CTP-3,Queen
28/09/26,CTP Unit,Morning,Polaris,Offset Plates,62,CTP-4,Obinna
28/09/26,CTP Unit,Afternoon,Polaris,Offset Plates,81,CTP-2,Queen
28/09/26,CTP Unit,Afternoon,Moniepoint,Offset Plates,42,CTP-3,Peace
28/09/26,CTP Unit,Afternoon,Opay,Offset Plates,90,CTP-4,Obinna
29/09/26,CTP Unit,Morning,GTBank,Offset Plates,117,CTP-2,Queen
29/09/26,CTP Unit,Morning,Zenith Bank,Offset Plates,114,CTP-3,Peace
29/09/26,CTP Unit,Afternoon,GTBank,Offset Plates,119,CTP-1,Queen
29/09/26,CTP Unit,Afternoon,Polaris,Offset Plates,70,CTP-2,Obinna
29/09/26,CTP Unit,Afternoon,Opay,Offset Plates,105,CTP-3,Peace
01/07/26,IT,Morning,Access Bank,Labels,1100,Nano 1610,Rotimi
01/07/26,IT,Morning,Opay,Cards,1600,Nano 9,Sade
01/07/26,IT,Afternoon,Moniepoint,Tags,2800,Nano 1610,Rotimi
02/07/26,IT,Morning,Moniepoint,Labels,1600,Nano 1610,Sade
03/07/26,IT,Morning,Zenith Bank,Cards,2200,Nano 1610,Sade
03/07/26,IT,Morning,GTBank,Labels,800,Nano 9,Rotimi
03/07/26,IT,Afternoon,GTBank,Tags,1600,Nano 1610,Rotimi
03/07/26,IT,Afternoon,Zenith Bank,Cards,2000,Nano 9,Sade
06/07/26,IT,Morning,Zenith Bank,Labels,2500,Nano 1610,Rotimi
06/07/26,IT,Morning,Moniepoint,Tags,2100,Nano 9,Sade
06/07/26,IT,Afternoon,Opay,Labels,2400,Nano 1610,Sade
07/07/26,IT,Morning,GTBank,Tags,3000,Nano 1610,Rotimi
07/07/26,IT,Morning,Access Bank,Labels,1200,Nano 9,Sade
07/07/26,IT,Afternoon,Access Bank,Cards,2200,Nano 1610,Sade
07/07/26,IT,Afternoon,Polaris,Labels,1400,Nano 9,Rotimi
08/07/26,IT,Morning,GTBank,Labels,1900,Nano 1610,Rotimi
08/07/26,IT,Morning,GTBank,Tags,1400,Nano 9,Sade
08/07/26,IT,Afternoon,Access Bank,Labels,1300,Nano 1610,Rotimi
08/07/26,IT,Afternoon,Polaris,Cards,800,Nano 9,Sade
09/07/26,IT,Morning,Moniepoint,Cards,2600,Nano 1610,Rotimi
09/07/26,IT,Afternoon,Moniepoint,Tags,2600,Nano 1610,Rotimi
09/07/26,IT,Afternoon,GTBank,Labels,900,Nano 9,Sade
10/07/26,IT,Morning,Opay,Cards,2100,Nano 1610,Rotimi
10/07/26,IT,Afternoon,Moniepoint,Labels,2300,Nano 1610,Sade
10/07/26,IT,Afternoon,GTBank,Cards,1300,Nano 9,Rotimi
13/07/26,IT,Morning,Polaris,Cards,1000,Nano 9,Rotimi
13/07/26,IT,Afternoon,Zenith Bank,Cards,1700,Nano 1610,Rotimi
13/07/26,IT,Afternoon,Polaris,Tags,1900,Nano 9,Sade
14/07/26,IT,Morning,Access Bank,Tags,1600,Nano 9,Rotimi
14/07/26,IT,Afternoon,Zenith Bank,Tags,2500,Nano 1610,Rotimi
14/07/26,IT,Afternoon,Opay,Cards,1300,Nano 9,Sade
15/07/26,IT,Morning,Zenith Bank,Labels,1700,Nano 1610,Rotimi
16/07/26,IT,Morning,Moniepoint,Cards,1800,Nano 1610,Rotimi
16/07/26,IT,Morning,Polaris,Cards,1700,Nano 9,Sade
16/07/26,IT,Afternoon,Access Bank,Labels,2900,Nano 1610,Sade
16/07/26,IT,Afternoon,Polaris,Cards,1200,Nano 9,Rotimi
17/07/26,IT,Morning,Zenith Bank,Tags,1600,Nano 9,Sade
17/07/26,IT,Afternoon,Polaris,Labels,1100,Nano 9,Sade
20/07/26,IT,Morning,Access Bank,Labels,2200,Nano 1610,Sade
20/07/26,IT,Morning,GTBank,Labels,2400,Nano 9,Rotimi
20/07/26,IT,Afternoon,Access Bank,Cards,1600,Nano 1610,Rotimi
21/07/26,IT,Morning,GTBank,Cards,2400,Nano 9,Rotimi
21/07/26,IT,Afternoon,Access Bank,Labels,1100,Nano 1610,Rotimi
22/07/26,IT,Morning,GTBank,Tags,1200,Nano 9,Sade
22/07/26,IT,Afternoon,Moniepoint,Tags,2300,Nano 1610,Rotimi
23/07/26,IT,Morning,GTBank,Labels,1700,Nano 9,Rotimi
23/07/26,IT,Afternoon,Moniepoint,Labels,1100,Nano 1610,Sade
23/07/26,IT,Afternoon,GTBank,Tags,1200,Nano 9,Rotimi
24/07/26,IT,Morning,Zenith Bank,Cards,1600,Nano 1610,Sade
24/07/26,IT,Morning,Moniepoint,Tags,1300,Nano 9,Rotimi
24/07/26,IT,Afternoon,Moniepoint,Cards,1500,Nano 1610,Sade
24/07/26,IT,Afternoon,Polaris,Labels,1500,Nano 9,Rotimi
27/07/26,IT,Morning,GTBank,Labels,1400,Nano 1610,Sade
27/07/26,IT,Afternoon,GTBank,Labels,1300,Nano 1610,Sade
27/07/26,IT,Afternoon,Access Bank,Tags,1000,Nano 9,Rotimi
28/07/26,IT,Morning,Polaris,Cards,1300,Nano 1610,Sade
28/07/26,IT,Morning,Polaris,Cards,1900,Nano 9,Rotimi
28/07/26,IT,Afternoon,Access Bank,Cards,2500,Nano 1610,Sade
28/07/26,IT,Afternoon,Moniepoint,Labels,2100,Nano 9,Rotimi
29/07/26,IT,Morning,Opay,Labels,2000,Nano 1610,Sade
29/07/26,IT,Morning,Zenith Bank,Cards,1200,Nano 9,Rotimi
29/07/26,IT,Afternoon,Zenith Bank,Tags,1900,Nano 1610,Rotimi
29/07/26,IT,Afternoon,Opay,Tags,1800,Nano 9,Sade
30/07/26,IT,Morning,Polaris,Labels,2000,Nano 1610,Sade
30/07/26,IT,Afternoon,Opay,Tags,1300,Nano 9,Rotimi
31/07/26,IT,Morning,Access Bank,Cards,1400,Nano 9,Sade
31/07/26,IT,Afternoon,Opay,Tags,2000,Nano 1610,Sade
31/07/26,IT,Afternoon,Opay,Cards,2200,Nano 9,Rotimi
03/08/26,IT,Morning,GTBank,Tags,1600,Nano 9,Sade
03/08/26,IT,Afternoon,Moniepoint,Labels,800,Nano 9,Sade
04/08/26,IT,Morning,Opay,Cards,1500,Nano 1610,Sade
04/08/26,IT,Morning,GTBank,Cards,2100,Nano 9,Rotimi
04/08/26,IT,Afternoon,Moniepoint,Tags,2700,Nano 1610,Rotimi
04/08/26,IT,Afternoon,GTBank,Tags,1700,Nano 9,Sade
05/08/26,IT,Morning,Polaris,Cards,2200,Nano 1610,Rotimi
05/08/26,IT,Afternoon,Moniepoint,Tags,1800,Nano 1610,Sade
05/08/26,IT,Afternoon,Zenith Bank,Tags,1900,Nano 9,Rotimi
06/08/26,IT,Morning,Opay,Tags,1800,Nano 1610,Rotimi
06/08/26,IT,Morning,Zenith Bank,Cards,1600,Nano 9,Sade
06/08/26,IT,Afternoon,Zenith Bank,Tags,1300,Nano 1610,Sade
07/08/26,IT,Afternoon,GTBank,Cards,1400,Nano 1610,Rotimi
07/08/26,IT,Afternoon,Opay,Tags,2000,Nano 9,Sade
10/08/26,IT,Morning,Moniepoint,Tags,1700,Nano 1610,Rotimi
10/08/26,IT,Morning,GTBank,Cards,1400,Nano 9,Sade
10/08/26,IT,Afternoon,GTBank,Tags,2800,Nano 1610,Rotimi
10/08/26,IT,Afternoon,Access Bank,Tags,2100,Nano 9,Sade
11/08/26,IT,Morning,GTBank,Cards,2500,Nano 1610,Sade
11/08/26,IT,Morning,GTBank,Tags,1600,Nano 9,Rotimi
11/08/26,IT,Afternoon,GTBank,Labels,2700,Nano 1610,Rotimi
11/08/26,IT,Afternoon,Zenith Bank,Labels,2000,Nano 9,Sade
12/08/26,IT,Morning,Polaris,Tags,1500,Nano 1610,Sade
12/08/26,IT,Afternoon,Moniepoint,Cards,2200,Nano 1610,Rotimi
13/08/26,IT,Morning,Access Bank,Labels,2000,Nano 9,Sade
13/08/26,IT,Afternoon,Opay,Cards,2600,Nano 1610,Sade
14/08/26,IT,Morning,Moniepoint,Tags,1100,Nano 1610,Rotimi
14/08/26,IT,Morning,Moniepoint,Tags,1400,Nano 9,Sade
14/08/26,IT,Afternoon,Polaris,Tags,1600,Nano 1610,Sade
14/08/26,IT,Afternoon,Access Bank,Labels,2200,Nano 9,Rotimi
17/08/26,IT,Morning,Access Bank,Labels,1800,Nano 1610,Rotimi
17/08/26,IT,Morning,GTBank,Tags,2000,Nano 9,Sade
17/08/26,IT,Afternoon,Polaris,Tags,1000,Nano 9,Sade
18/08/26,IT,Morning,Polaris,Cards,1900,Nano 1610,Sade
18/08/26,IT,Afternoon,Zenith Bank,Labels,2700,Nano 1610,Rotimi
19/08/26,IT,Morning,Access Bank,Tags,1800,Nano 1610,Rotimi
19/08/26,IT,Morning,GTBank,Cards,1900,Nano 9,Sade
19/08/26,IT,Afternoon,Opay,Tags,2300,Nano 9,Rotimi
20/08/26,IT,Morning,GTBank,Labels,2800,Nano 1610,Sade
20/08/26,IT,Morning,Polaris,Cards,1500,Nano 9,Rotimi
20/08/26,IT,Afternoon,Opay,Tags,3000,Nano 1610,Sade
21/08/26,IT,Morning,GTBank,Tags,1300,Nano 1610,Rotimi
21/08/26,IT,Morning,Zenith Bank,Labels,1000,Nano 9,Sade
24/08/26,IT,Morning,Polaris,Cards,2400,Nano 1610,Sade
24/08/26,IT,Afternoon,Access Bank,Labels,2700,Nano 1610,Sade
24/08/26,IT,Afternoon,GTBank,Cards,2200,Nano 9,Rotimi
25/08/26,IT,Morning,Opay,Cards,2800,Nano 1610,Rotimi
25/08/26,IT,Morning,Access Bank,Cards,2500,Nano 9,Sade
25/08/26,IT,Afternoon,Access Bank,Labels,2300,Nano 1610,Rotimi
26/08/26,IT,Afternoon,Polaris,Labels,1800,Nano 9,Rotimi
27/08/26,IT,Morning,GTBank,Labels,1700,Nano 1610,Rotimi
27/08/26,IT,Afternoon,Polaris,Labels,1500,Nano 1610,Rotimi
27/08/26,IT,Afternoon,Moniepoint,Cards,1600,Nano 9,Sade
28/08/26,IT,Morning,Opay,Labels,1200,Nano 1610,Sade
28/08/26,IT,Morning,Access Bank,Tags,1200,Nano 9,Rotimi
31/08/26,IT,Morning,Moniepoint,Tags,1200,Nano 9,Sade
31/08/26,IT,Afternoon,Moniepoint,Cards,2300,Nano 9,Rotimi
01/09/26,IT,Morning,Polaris,Cards,2700,Nano 1610,Sade
01/09/26,IT,Morning,GTBank,Tags,2400,Nano 9,Rotimi
02/09/26,IT,Morning,Zenith Bank,Labels,900,Nano 9,Rotimi
02/09/26,IT,Afternoon,Moniepoint,Labels,1500,Nano 1610,Rotimi
02/09/26,IT,Afternoon,GTBank,Labels,1200,Nano 9,Sade
03/09/26,IT,Morning,Zenith Bank,Tags,2500,Nano 1610,Rotimi
03/09/26,IT,Morning,Zenith Bank,Cards,1700,Nano 9,Sade
03/09/26,IT,Afternoon,Polaris,Labels,1000,Nano 9,Sade
04/09/26,IT,Morning,Moniepoint,Cards,1100,Nano 1610,Sade
04/09/26,IT,Morning,GTBank,Cards,1300,Nano 9,Rotimi
04/09/26,IT,Afternoon,GTBank,Labels,2700,Nano 1610,Sade
04/09/26,IT,Afternoon,Polaris,Tags,1100,Nano 9,Rotimi
07/09/26,IT,Morning,Moniepoint,Labels,2900,Nano 1610,Rotimi
07/09/26,IT,Morning,Opay,Tags,2300,Nano 9,Sade
07/09/26,IT,Afternoon,Moniepoint,Labels,2800,Nano 1610,Rotimi
07/09/26,IT,Afternoon,Moniepoint,Labels,1600,Nano 9,Sade
08/09/26,IT,Morning,Opay,Cards,1300,Nano 1610,Rotimi
08/09/26,IT,Morning,Moniepoint,Labels,1300,Nano 9,Sade
08/09/26,IT,Afternoon,Access Bank,Labels,1300,Nano 9,Rotimi
09/09/26,IT,Morning,Moniepoint,Cards,1500,Nano 1610,Rotimi
09/09/26,IT,Morning,GTBank,Labels,1700,Nano 9,Sade
09/09/26,IT,Afternoon,Polaris,Labels,2500,Nano 1610,Sade
09/09/26,IT,Afternoon,Moniepoint,Cards,1300,Nano 9,Rotimi
10/09/26,IT,Morning,Access Bank,Tags,1400,Nano 9,Rotimi
10/09/26,IT,Afternoon,Zenith Bank,Tags,1900,Nano 9,Sade
11/09/26,IT,Morning,GTBank,Tags,2100,Nano 1610,Sade
11/09/26,IT,Afternoon,Polaris,Tags,2400,Nano 9,Sade
14/09/26,IT,Morning,Polaris,Tags,1800,Nano 1610,Sade
14/09/26,IT,Morning,Moniepoint,Cards,1400,Nano 9,Rotimi
14/09/26,IT,Afternoon,Access Bank,Labels,2500,Nano 1610,Rotimi
14/09/26,IT,Afternoon,GTBank,Labels,2300,Nano 9,Sade
15/09/26,IT,Morning,Moniepoint,Cards,1400,Nano 1610,Rotimi
15/09/26,IT,Morning,Polaris,Labels,2500,Nano 9,Sade
15/09/26,IT,Afternoon,Zenith Bank,Labels,1400,Nano 1610,Sade
16/09/26,IT,Morning,GTBank,Labels,2600,Nano 1610,Sade
16/09/26,IT,Afternoon,Zenith Bank,Cards,1700,Nano 9,Rotimi
17/09/26,IT,Morning,Opay,Cards,2300,Nano 1610,Rotimi
17/09/26,IT,Morning,Polaris,Labels,1600,Nano 9,Sade
17/09/26,IT,Afternoon,Opay,Labels,1900,Nano 1610,Rotimi
17/09/26,IT,Afternoon,GTBank,Labels,2100,Nano 9,Sade
18/09/26,IT,Morning,Polaris,Tags,1700,Nano 9,Sade
18/09/26,IT,Afternoon,Access Bank,Labels,1900,Nano 9,Sade
21/09/26,IT,Morning,Polaris,Tags,1100,Nano 1610,Rotimi
21/09/26,IT,Morning,GTBank,Labels,1900,Nano 9,Sade
21/09/26,IT,Afternoon,GTBank,Tags,1800,Nano 1610,Rotimi
21/09/26,IT,Afternoon,Polaris,Labels,1700,Nano 9,Sade
22/09/26,IT,Morning,Zenith Bank,Labels,1700,Nano 1610,Rotimi
22/09/26,IT,Morning,Polaris,Labels,1900,Nano 9,Sade
22/09/26,IT,Afternoon,Access Bank,Cards,2600,Nano 1610,Sade
22/09/26,IT,Afternoon,Zenith Bank,Tags,1400,Nano 9,Rotimi
23/09/26,IT,Morning,Access Bank,Labels,1600,Nano 1610,Rotimi
23/09/26,IT,Morning,GTBank,Tags,1300,Nano 9,Sade
23/09/26,IT,Afternoon,Moniepoint,Cards,1000,Nano 1610,Sade
24/09/26,IT,Afternoon,Zenith Bank,Cards,2300,Nano 1610,Sade
24/09/26,IT,Afternoon,Access Bank,Labels,1200,Nano 9,Rotimi
25/09/26,IT,Morning,Polaris,Labels,1900,Nano 1610,Sade
25/09/26,IT,Morning,GTBank,Tags,900,Nano 9,Rotimi
25/09/26,IT,Afternoon,GTBank,Labels,3000,Nano 1610,Rotimi
25/09/26,IT,Afternoon,Zenith Bank,Labels,900,Nano 9,Sade
28/09/26,IT,Morning,Opay,Labels,2200,Nano 1610,Sade
28/09/26,IT,Morning,Moniepoint,Tags,2000,Nano 9,Rotimi
28/09/26,IT,Afternoon,Moniepoint,Cards,1000,Nano 1610,Rotimi
29/09/26,IT,Morning,GTBank,Tags,2300,Nano 1610,Rotimi
29/09/26,IT,Morning,Zenith Bank,Labels,1500,Nano 9,Sade
29/09/26,IT,Afternoon,Access Bank,Labels,1600,Nano 1610,Sade
