Date,Department,Staff Name,Activity,Quantity,Status,Remarks
01/07/26,Business,Tosin,Quotations Issued,4,Completed,
01/07/26,Business,Tosin,Invoices Raised,3,Completed,
01/07/26,Business,Uche,Client Meetings,2,Completed,
01/07/26,Business,Victor,Client Meetings,2,Completed,
01/07/26,Business,Wale,Invoices Raised,3,Completed,
01/07/26,Business,Wale,Orders Received,3,Completed,
02/07/26,Business,Tosin,Client Meetings,1,Completed,
02/07/26,Business,Tosin,Quotations Issued,1,Completed,
02/07/26,Business,Tosin,Quotations Issued,2,Completed,
02/07/26,Business,Uche,Quotations Issued,5,Completed,
02/07/26,Business,Victor,Invoices Raised,3,Completed,
02/07/26,Business,Wale,Client Meetings,1,Completed,
03/07/26,Business,Tosin,Orders Received,6,Completed,
03/07/26,Business,Uche,Orders Received,6,Completed,
03/07/26,Business,Victor,Invoices Raised,2,Pending,
03/07/26,Business,Wale,Orders Received,1,Completed,
03/07/26,Business,Wale,Client Meetings,1,Completed,
03/07/26,Business,Wale,Orders Received,5,Completed,
06/07/26,Business,Tosin,Client Meetings,3,Completed,
06/07/26,Business,Tosin,Invoices Raised,3,Pending,
06/07/26,Business,Tosin,Quotations Issued,2,Completed,
06/07/26,Business,Uche,Client Meetings,5,Completed,
06/07/26,Business,Uche,Invoices Raised,1,Completed,
06/07/26,Business,Uche,Client Meetings,5,Completed,
06/07/26,Business,Victor,Orders Received,5,Completed,
06/07/26,Business,Victor,Orders Received,1,Completed,
06/07/26,Business,Wale,Client Meetings,5,Completed,
07/07/26,Business,Tosin,Invoices Raised,6,Completed,
07/07/26,Business,Uche,Quotations Issued,5,Completed,
07/07/26,Business,Victor,Invoices Raised,3,Completed,
07/07/26,Business,Wale,Invoices Raised,2,Completed,
07/07/26,Business,Wale,Quotations Issued,6,Completed,
08/07/26,Business,Tosin,Invoices Raised,6,Completed,
08/07/26,Business,Tosin,Quotations Issued,5,Completed,
08/07/26,Business,Tosin,Quotations Issued,2,Completed,
08/07/26,Business,Uche,Orders Received,5,Completed,
08/07/26,Business,Victor,Invoices Raised,2,Completed,
08/07/26,Business,Wale,Quotations Issued,5,Completed,
09/07/26,Business,Tosin,Quotations Issued,5,Completed,
09/07/26,Business,Tosin,Quotations Issued,2,Completed,
09/07/26,Business,Tosin,Client Meetings,4,Completed,
09/07/26,Business,Uche,Quotations Issued,5,Completed,
09/07/26,Business,Uche,Orders Received,1,Completed,
09/07/26,Business,Victor,Orders Received,5,Completed,
09/07/26,Business,Wale,Invoices Raised,5,Completed,
09/07/26,Business,Wale,Quotations Issued,3,Completed,
09/07/26,Business,Wale,Client Meetings,1,Completed,
10/07/26,Business,Tosin,Client Meetings,1,In Progress,
10/07/26,Business,Tosin,Quotations Issued,4,Completed,
10/07/26,Business,Uche,Invoices Raised,2,Pending,
10/07/26,Business,Uche,Orders Received,4,Completed,
10/07/26,Business,Uche,Invoices Raised,6,Completed,
10/07/26,Business,Victor,Client Meetings,1,In Progress,
10/07/26,Business,Victor,Client Meetings,5,Completed,
10/07/26,Business,Wale,Quotations Issued,3,Completed,
10/07/26,Business,Wale,Orders Received,2,In Progress,
10/07/26,Business,Wale,Invoices Raised,1,Pending,
13/07/26,Business,Tosin,Orders Received,5,Completed,
13/07/26,Business,Tosin,Quotations Issued,1,Completed,
13/07/26,Business,Uche,Invoices Raised,5,Completed,
13/07/26,Business,Victor,Client Meetings,1,In Progress,
13/07/26,Business,Victor,Invoices Raised,6,Completed,
13/07/26,Business,Victor,Client Meetings,1,Completed,
13/07/26,Business,Wale,Client Meetings,3,Completed,
14/07/26,Business,Tosin,Client Meetings,2,Completed,
14/07/26,Business,Uche,Invoices Raised,2,Completed,
14/07/26,Business,Victor,Invoices Raised,5,Completed,
14/07/26,Business,Wale,Quotations Issued,3,Completed,
15/07/26,Business,Tosin,Client Meetings,4,In Progress,
15/07/26,Business,Tosin,Client Meetings,3,Completed,
15/07/26,Business,Uche,Client Meetings,5,Completed,
15/07/26,Business,Victor,Invoices Raised,2,Completed,
15/07/26,Business,Wale,Orders Received,1,Completed,
15/07/26,Business,Wale,Client Meetings,6,Completed,
16/07/26,Business,Tosin,Invoices Raised,6,Completed,
16/07/26,Business,Tosin,Invoices Raised,6,Pending,
16/07/26,Business,Tosin,Client Meetings,3,Completed,
16/07/26,Business,Uche,Client Meetings,5,Completed,
16/07/26,Business,Victor,Client Meetings,1,Completed,
16/07/26,Business,Victor,Client Meetings,6,In Progress,
16/07/26,Business,Wale,Orders Received,2,Completed,
16/07/26,Business,Wale,Client Meetings,4,Completed,
17/07/26,Business,Tosin,Quotations Issued,2,Completed,
17/07/26,Business,Uche,Orders Received,3,Completed,
17/07/26,Business,Uche,Quotations Issued,3,Completed,
17/07/26,Business,Uche,Quotations Issued,6,Completed,
17/07/26,Business,Victor,Quotations Issued,4,Completed,
17/07/26,Business,Victor,Client Meetings,1,Completed,
17/07/26,Business,Victor,Quotations Issued,1,Completed,
17/07/26,Business,Wale,Invoices Raised,6,Completed,
17/07/26,Business,Wale,Client Meetings,1,Completed,
17/07/26,Business,Wale,Orders Received,1,Completed,
20/07/26,Business,Tosin,Client Meetings,6,Completed,
20/07/26,Business,Tosin,Client Meetings,2,In Progress,
20/07/26,Business,Tosin,Orders Received,2,In Progress,
20/07/26,Business,Uche,Invoices Raised,3,Completed,
20/07/26,Business,Uche,Quotations Issued,5,Completed,
20/07/26,Business,Victor,Invoices Raised,3,Completed,
20/07/26,Business,Victor,Orders Received,3,Completed,
20/07/26,Business,Wale,Client Meetings,3,Completed,
20/07/26,Business,Wale,Client Meetings,4,Completed,
20/07/26,Business,Wale,Quotations Issued,6,Completed,
21/07/26,Business,Tosin,Quotations Issued,1,Completed,
21/07/26,Business,Uche,Quotations Issued,6,Completed,
21/07/26,Business,Victor,Quotations Issued,1,Completed,
21/07/26,Business,Victor,Invoices Raised,6,Completed,
21/07/26,Business,Wale,Quotations Issued,5,Pending,
21/07/26,Business,Wale,Orders Received,3,Completed,
22/07/26,Business,Tosin,Invoices Raised,4,Completed,
22/07/26,Business,Uche,Invoices Raised,5,Completed,
22/07/26,Business,Uche,Client Meetings,4,Completed,
22/07/26,Business,Uche,Client Meetings,2,Completed,
22/07/26,Business,Victor,Quotations Issued,6,Completed,
22/07/26,Business,Victor,Orders Received,1,Completed,
22/07/26,Business,Victor,Client Meetings,3,Completed,
22/07/26,Business,Wale,Invoices Raised,3,Completed,
22/07/26,Business,Wale,Client Meetings,4,Completed,
23/07/26,Business,Tosin,Invoices Raised,6,Completed,
23/07/26,Business,Tosin,Client Meetings,5,Completed,
23/07/26,Business,Tosin,Quotations Issued,1,Completed,
23/07/26,Business,Uche,Client Meetings,6,In Progress,
23/07/26,Business,Uche,Quotations Issued,6,Completed,
23/07/26,Business,Victor,Orders Received,5,Completed,
23/07/26,Business,Victor,Quotations Issued,2,Completed,
23/07/26,Business,Wale,Orders Received,6,Completed,
23/07/26,Business,Wale,Quotations Issued,2,Completed,
23/07/26,Business,Wale,Quotations Issued,5,Completed,
24/07/26,Business,Tosin,Invoices Raised,5,Completed,
24/07/26,Business,Uche,Client Meetings,4,Completed,
24/07/26,Business,Uche,Quotations Issued,2,Completed,
24/07/26,Business,Uche,Client Meetings,3,Completed,
24/07/26,Business,Victor,Invoices Raised,6,Completed,
24/07/26,Business,Wale,Orders Received,6,Completed,
24/07/26,Business,Wale,Quotations Issued,3,Completed,
24/07/26,Business,Wale,Quotations Issued,4,Completed,
27/07/26,Business,Tosin,Client Meetings,2,Completed,
27/07/26,Business,Uche,Invoices Raised,5,In Progress,
27/07/26,Business,Uche,Quotations Issued,3,Completed,
27/07/26,Business,Victor,Invoices Raised,3,Completed,
27/07/26,Business,Wale,Client Meetings,4,Completed,
27/07/26,Business,Wale,Orders Received,4,Completed,
28/07/26,Business,Tosin,Invoices Raised,6,Completed,
28/07/26,Business,Tosin,Client Meetings,2,Completed,
28/07/26,Business,Uche,Invoices Raised,2,In Progress,
28/07/26,Business,Uche,Client Meetings,5,Completed,
28/07/26,Business,Victor,Orders Received,4,In Progress,
28/07/26,Business,Wale,Quotations Issued,5,Completed,
28/07/26,Business,Wale,Client Meetings,1,Completed,
29/07/26,Business,Tosin,Quotations Issued,2,Completed,
29/07/26,Business,Tosin,Invoices Raised,1,Completed,
29/07/26,Business,Uche,Quotations Issued,1,Completed,
29/07/26,Business,Uche,Client Meetings,2,Completed,
29/07/26,Business,Victor,Orders Received,1,In Progress,
29/07/26,Business,Victor,Quotations Issued,5,Completed,
29/07/26,Business,Wale,Invoices Raised,6,Completed,
29/07/26,Business,Wale,Orders Received,3,Completed,
30/07/26,Business,Tosin,Quotations Issued,1,Completed,
30/07/26,Business,Tosin,Invoices Raised,2,Completed,
30/07/26,Business,Uche,Invoices Raised,4,Completed,
30/07/26,Business,Uche,Orders Received,6,Completed,
30/07/26,Business,Victor,Quotations Issued,1,Completed,
30/07/26,Business,Victor,Quotations Issued,6,Completed,
30/07/26,Business,Victor,Orders Received,6,Completed,
30/07/26,Business,Wale,Quotations Issued,2,Completed,
30/07/26,Business,Wale,Client Meetings,1,Completed,
30/07/26,Business,Wale,Orders Received,5,Completed,
31/07/26,Business,Tosin,Orders Received,4,Completed,
31/07/26,Business,Tosin,Invoices Raised,1,Completed,
31/07/26,Business,Uche,Client Meetings,5,Completed,
31/07/26,Business,Uche,Quotations Issued,4,Completed,
31/07/26,Business,Victor,Client Meetings,2,Completed,
31/07/26,Business,Wale,Invoices Raised,6,Completed,
31/07/26,Business,Wale,Orders Received,4,In Progress,
31/07/26,Business,Wale,Invoices Raised,3,Completed,
03/08/26,Business,Tosin,Orders Received,1,Completed,
03/08/26,Business,Uche,Orders Received,2,In Progress,
03/08/26,Business,Uche,Client Meetings,1,Completed,
03/08/26,Business,Victor,Orders Received,2,Completed,
03/08/26,Business,Victor,Client Meetings,4,Completed,
03/08/26,Business,Victor,Invoices Raised,5,Completed,
03/08/26,Business,Wale,Client Meetings,1,Completed,
03/08/26,Business,Wale,Quotations Issued,2,Completed,
03/08/26,Business,Wale,Orders Received,5,Completed,
04/08/26,Business,Tosin,Client Meetings,2,Completed,
04/08/26,Business,Tosin,Orders Received,6,Completed,
04/08/26,Business,Uche,Quotations Issued,2,In Progress,
04/08/26,Business,Uche,Client Meetings,5,Completed,
04/08/26,Business,Victor,Orders Received,6,Completed,
04/08/26,Business,Victor,Orders Received,5,Completed,
04/08/26,Business,Victor,Client Meetings,5,Completed,
04/08/26,Business,Wale,Quotations Issued,4,Completed,
04/08/26,Business,Wale,Orders Received,1,Completed,
05/08/26,Business,Tosin,Client Meetings,5,Completed,
05/08/26,Business,Tosin,Invoices Raised,1,In Progress,
05/08/26,Business,Uche,Invoices Raised,5,Pending,
05/08/26,Business,Uche,Client Meetings,2,Completed,
05/08/26,Business,Uche,Invoices Raised,1,Pending,
05/08/26,Business,Victor,Invoices Raised,6,Completed,
05/08/26,Business,Victor,Invoices Raised,4,Completed,
05/08/26,Business,Victor,Quotations Issued,2,Completed,
05/08/26,Business,Wale,Orders Received,3,Completed,
05/08/26,Business,Wale,Orders Received,4,Completed,
05/08/26,Business,Wale,Quotations Issued,1,Completed,
06/08/26,Business,Tosin,Invoices Raised,4,Completed,
06/08/26,Business,Tosin,Client Meetings,3,Completed,
06/08/26,Business,Tosin,Invoices Raised,5,Completed,
06/08/26,Business,Uche,Orders Received,1,Completed,
06/08/26,Business,Uche,Quotations Issued,5,Completed,
06/08/26,Business,Victor,Orders Received,3,Completed,
06/08/26,Business,Victor,Quotations Issued,5,Pending,
06/08/26,Business,Victor,Client Meetings,6,Completed,
06/08/26,Business,Wale,Quotations Issued,3,Completed,
06/08/26,Business,Wale,Invoices Raised,5,Completed,
07/08/26,Business,Tosin,Quotations Issued,6,Pending,
07/08/26,Business,Uche,Invoices Raised,4,Completed,
07/08/26,Business,Uche,Quotations Issued,6,Completed,
07/08/26,Business,Victor,Quotations Issued,4,Completed,
07/08/26,Business,Wale,Client Meetings,2,Completed,
07/08/26,Business,Wale,Client Meetings,6,Completed,
07/08/26,Business,Wale,Quotations Issued,4,Completed,
10/08/26,Business,Tosin,Quotations Issued,1,Completed,
10/08/26,Business,Uche,Invoices Raised,4,In Progress,
10/08/26,Business,Victor,Orders Received,5,Completed,
10/08/26,Business,Victor,Client Meetings,5,Completed,
10/08/26,Business,Victor,Orders Received,3,Completed,
10/08/26,Business,Wale,Invoices Raised,4,Pending,
11/08/26,Business,Tosin,Invoices Raised,6,Completed,
11/08/26,Business,Uche,Client Meetings,4,Completed,
11/08/26,Business,Uche,Invoices Raised,2,Completed,
11/08/26,Business,Victor,Orders Received,4,Completed,
11/08/26,Business,Victor,Client Meetings,1,Completed,
11/08/26,Business,Victor,Quotations Issued,1,Completed,
11/08/26,Business,Wale,Client Meetings,4,Completed,
11/08/26,Business,Wale,Invoices Raised,5,Completed,
12/08/26,Business,Tosin,Quotations Issued,5,Completed,
12/08/26,Business,Uche,Orders Received,3,Completed,
12/08/26,Business,Uche,Client Meetings,2,Completed,
12/08/26,Business,Uche,Client Meetings,4,Completed,
12/08/26,Business,Victor,Client Meetings,6,Completed,
12/08/26,Business,Wale,Client Meetings,5,Completed,
12/08/26,Business,Wale,Quotations Issued,5,Completed,
13/08/26,Business,Tosin,Invoices Raised,1,Completed,
13/08/26,Business,Tosin,Client Meetings,4,Completed,
13/08/26,Business,Tosin,Orders Received,2,Completed,
13/08/26,Business,Uche,Quotations Issued,6,Completed,
13/08/26,Business,Uche,Invoices Raised,4,Completed,
13/08/26,Business,Uche,Orders Received,5,Completed,
13/08/26,Business,Victor,Orders Received,2,Completed,
13/08/26,Business,Victor,Orders Received,1,Completed,
13/08/26,Business,Wale,Quotations Issued,4,Completed,
13/08/26,Business,Wale,Invoices Raised,4,Completed,
13/08/26,Business,Wale,Invoices Raised,3,Completed,
14/08/26,Business,Tosin,Quotations Issued,5,Completed,
14/08/26,Business,Uche,Orders Received,5,Completed,
14/08/26,Business,Victor,Client Meetings,6,Pending,
14/08/26,Business,Wale,Client Meetings,6,Completed,
14/08/26,Business,Wale,Orders Received,1,Completed,
17/08/26,Business,Tosin,Quotations Issued,5,Completed,
17/08/26,Business,Tosin,Quotations Issued,1,Completed,
17/08/26,Business,Uche,Orders Received,3,Completed,
17/08/26,Business,Victor,Invoices Raised,2,Completed,
17/08/26,Business,Victor,Quotations Issued,2,Completed,
17/08/26,Business,Wale,Orders Received,4,Completed,
17/08/26,Business,Wale,Quotations Issued,3,Completed,
17/08/26,Business,Wale,Invoices Raised,6,Completed,
18/08/26,Business,Tosin,Client Meetings,6,Completed,
18/08/26,Business,Tosin,Invoices Raised,1,Completed,
18/08/26,Business,Tosin,Invoices Raised,4,Completed,
18/08/26,Business,Uche,Orders Received,5,Completed,
18/08/26,Business,Victor,Quotations Issued,4,Pending,
18/08/26,Business,Victor,Invoices Raised,2,Completed,
18/08/26,Business,Wale,Orders Received,6,Completed,
18/08/26,Business,Wale,Quotations Issued,3,Completed,
19/08/26,Business,Tosin,Invoices Raised,2,Completed,
19/08/26,Business,Tosin,Client Meetings,1,Completed,
19/08/26,Business,Tosin,Orders Received,5,Completed,
19/08/26,Business,Uche,Orders Received,6,Completed,
19/08/26,Business,Victor,Quotations Issued,6,Completed,
19/08/26,Business,Victor,Quotations Issued,3,Completed,
19/08/26,Business,Wale,Invoices Raised,2,Completed,
20/08/26,Business,Tosin,Client Meetings,5,Completed,
20/08/26,Business,Uche,Client Meetings,5,Completed,
20/08/26,Business,Victor,Quotations Issued,6,Completed,
20/08/26,Business,Victor,Client Meetings,1,Completed,
20/08/26,Business,Victor,Client Meetings,1,Completed,
20/08/26,Business,Wale,Client Meetings,5,Completed,
21/08/26,Business,Tosin,Client Meetings,6,Completed,
21/08/26,Business,Tosin,Client Meetings,6,Pending,
21/08/26,Business,Uche,Invoices Raised,2,Completed,
21/08/26,Business,Uche,Invoices Raised,4,Completed,
21/08/26,Business,Victor,Orders Received,2,Completed,
21/08/26,Business,Victor,Quotations Issued,6,Completed,
21/08/26,Business,Victor,Orders Received,6,Completed,
21/08/26,Business,Wale,Orders Received,4,Completed,
21/08/26,Business,Wale,Orders Received,6,Completed,
24/08/26,Business,Tosin,Orders Received,2,Completed,
24/08/26,Business,Tosin,Invoices Raised,6,Completed,
24/08/26,Business,Uche,Orders Received,6,Completed,
24/08/26,Business,Uche,Orders Received,6,Completed,
24/08/26,Business,Victor,Client Meetings,5,Completed,
24/08/26,Business,Victor,Invoices Raised,6,Completed,
24/08/26,Business,Wale,Client Meetings,3,Completed,
25/08/26,Business,Tosin,Client Meetings,6,In Progress,
25/08/26,Business,Tosin,Orders Received,5,Completed,
25/08/26,Business,Uche,Quotations Issued,2,Completed,
25/08/26,Business,Uche,Invoices Raised,5,Completed,
25/08/26,Business,Victor,Client Meetings,4,Completed,
25/08/26,Business,Victor,Client Meetings,2,Completed,
25/08/26,Business,Victor,Invoices Raised,3,Completed,
25/08/26,Business,Wale,Orders Received,1,Completed,
26/08/26,Business,Tosin,Invoices Raised,3,Completed,
26/08/26,Business,Tosin,Client Meetings,4,Completed,
26/08/26,Business,Tosin,Quotations Issued,2,Completed,
26/08/26,Business,Uche,Quotations Issued,5,Completed,
26/08/26,Business,Uche,Orders Received,1,In Progress,
26/08/26,Business,Uche,Client Meetings,4,Completed,
26/08/26,Business,Victor,Orders Received,5,In Progress,
26/08/26,Business,Victor,Invoices Raised,6,Completed,
26/08/26,Business,Wale,Invoices Raised,2,Completed,
26/08/26,Business,Wale,Quotations Issued,6,Completed,
26/08/26,Business,Wale,Quotations Issued,3,Completed,
27/08/26,Business,Tosin,Client Meetings,2,Completed,
27/08/26,Business,Tosin,Quotations Issued,4,Completed,
27/08/26,Business,Uche,Quotations Issued,1,Completed,
27/08/26,Business,Uche,Client Meetings,4,Completed,
27/08/26,Business,Victor,Client Meetings,5,Completed,
27/08/26,Business,Wale,Invoices Raised,4,Completed,
28/08/26,Business,Tosin,Orders Received,1,Completed,
28/08/26,Business,Tosin,Orders Received,1,Completed,
28/08/26,Business,Tosin,Invoices Raised,6,Completed,
28/08/26,Business,Uche,Invoices Raised,6,Completed,
28/08/26,Business,Uche,Quotations Issued,1,Completed,
28/08/26,Business,Victor,Quotations Issued,6,Completed,
28/08/26,Business,Wale,Client Meetings,2,Completed,
28/08/26,Business,Wale,Invoices Raised,3,In Progress,
28/08/26,Business,Wale,Orders Received,6,Completed,
31/08/26,Business,Tosin,Client Meetings,6,Completed,
31/08/26,Business,Tosin,Quotations Issued,4,Completed,
31/08/26,Business,Uche,Invoices Raised,4,Completed,
31/08/26,Business,Uche,Invoices Raised,3,Completed,
31/08/26,Business,Victor,Quotations Issued,3,Pending,
31/08/26,Business,Victor,Invoices Raised,3,Pending,
31/08/26,Business,Victor,Orders Received,3,Completed,
31/08/26,Business,Wale,Quotations Issued,3,Completed,
01/09/26,Business,Tosin,Quotations Issued,5,Pending,
01/09/26,Business,Tosin,Client Meetings,2,Completed,
01/09/26,Business,Uche,Invoices Raised,4,Completed,
01/09/26,Business,Victor,Invoices Raised,2,In Progress,
01/09/26,Business,Victor,Client Meetings,6,Completed,
01/09/26,Business,Victor,Quotations Issued,3,Completed,
01/09/26,Business,Wale,Quotations Issued,1,Completed,
02/09/26,Business,Tosin,Invoices Raised,2,In Progress,
02/09/26,Business,Uche,Quotations Issued,4,Completed,
02/09/26,Business,Victor,Client Meetings,5,Completed,
02/09/26,Business,Victor,Orders Received,5,Completed,
02/09/26,Business,Victor,Invoices Raised,6,Completed,
02/09/26,Business,Wale,Quotations Issued,6,Completed,
02/09/26,Business,Wale,Invoices Raised,6,Completed,
03/09/26,Business,Tosin,Invoices Raised,4,Completed,
03/09/26,Business,Uche,Quotations Issued,1,Pending,
03/09/26,Business,Uche,Quotations Issued,3,Completed,
03/09/26,Business,Uche,Invoices Raised,4,In Progress,
03/09/26,Business,Victor,Invoices Raised,2,Completed,
03/09/26,Business,Victor,Quotations Issued,6,Pending,
03/09/26,Business,Victor,Orders Received,3,Completed,
03/09/26,Business,Wale,Orders Received,4,In Progress,
04/09/26,Business,Tosin,Orders Received,6,Completed,
04/09/26,Business,Tosin,Quotations Issued,2,Completed,
04/09/26,Business,Tosin,Orders Received,5,Completed,
04/09/26,Business,Uche,Client Meetings,3,In Progress,
04/09/26,Business,Victor,Client Meetings,6,Completed,
04/09/26,Business,Victor,Orders Received,3,Completed,
04/09/26,Business,Wale,Quotations Issued,6,Completed,
04/09/26,Business,Wale,Invoices Raised,4,Completed,
07/09/26,Business,Tosin,Orders Received,4,Completed,
07/09/26,Business,Tosin,Invoices Raised,4,Completed,
07/09/26,Business,Tosin,Client Meetings,1,Completed,
07/09/26,Business,Uche,Invoices Raised,1,In Progress,
07/09/26,Business,Uche,Invoices Raised,6,Completed,
07/09/26,Business,Uche,Quotations Issued,1,Completed,
07/09/26,Business,Victor,Quotations Issued,2,Completed,
07/09/26,Business,Victor,Client Meetings,6,Completed,
07/09/26,Business,Victor,Client Meetings,1,Completed,
07/09/26,Business,Wale,Invoices Raised,2,Completed,
07/09/26,Business,Wale,Client Meetings,5,Completed,
08/09/26,Business,Tosin,Invoices Raised,3,Pending,
08/09/26,Business,Tosin,Invoices Raised,2,Completed,
08/09/26,Business,Uche,Orders Received,2,Pending,
08/09/26,Business,Uche,Orders Received,6,In Progress,
08/09/26,Business,Uche,Quotations Issued,2,Completed,
08/09/26,Business,Victor,Invoices Raised,2,Completed,
08/09/26,Business,Victor,Orders Received,1,Completed,
08/09/26,Business,Victor,Client Meetings,1,Completed,
08/09/26,Business,Wale,Orders Received,4,Completed,
08/09/26,Business,Wale,Quotations Issued,6,Pending,
08/09/26,Business,Wale,Client Meetings,5,Completed,
09/09/26,Business,Tosin,Invoices Raised,3,Completed,
09/09/26,Business,Tosin,Client Meetings,6,Completed,
09/09/26,Business,Uche,Invoices Raised,1,Completed,
09/09/26,Business,Uche,Quotations Issued,2,Completed,
09/09/26,Business,Uche,Orders Received,5,Completed,
09/09/26,Business,Victor,Quotations Issued,6,Completed,
09/09/26,Business,Victor,Client Meetings,2,Completed,
09/09/26,Business,Victor,Client Meetings,1,Completed,
09/09/26,Business,Wale,Client Meetings,5,Completed,
09/09/26,Business,Wale,Orders Received,5,Completed,
09/09/26,Business,Wale,Client Meetings,2,Completed,
10/09/26,Business,Tosin,Invoices Raised,6,Completed,
10/09/26,Business,Tosin,Quotations Issued,1,Completed,
10/09/26,Business,Uche,Orders Received,1,Completed,
10/09/26,Business,Uche,Quotations Issued,4,Completed,
10/09/26,Business,Victor,Client Meetings,5,Completed,
10/09/26,Business,Victor,Client Meetings,4,Completed,
10/09/26,Business,Victor,Orders Received,5,Completed,
10/09/26,Business,Wale,Client Meetings,1,Completed,
11/09/26,Business,Tosin,Invoices Raised,6,Completed,
11/09/26,Business,Tosin,Client Meetings,5,Completed,
11/09/26,Business,Uche,Invoices Raised,2,Completed,
11/09/26,Business,Uche,Invoices Raised,2,Completed,
11/09/26,Business,Uche,Quotations Issued,6,Completed,
11/09/26,Business,Victor,Invoices Raised,2,Completed,
11/09/26,Business,Victor,Invoices Raised,4,Completed,
11/09/26,Business,Wale,Orders Received,4,Completed,
14/09/26,Business,Tosin,Client Meetings,3,Completed,
14/09/26,Business,Uche,Quotations Issued,6,In Progress,
14/09/26,Business,Uche,Invoices Raised,3,In Progress,
14/09/26,Business,Uche,Client Meetings,6,Completed,
14/09/26,Business,Victor,Orders Received,3,In Progress,
14/09/26,Business,Victor,Orders Received,1,Completed,
14/09/26,Business,Wale,Client Meetings,3,Completed,
15/09/26,Business,Tosin,Quotations Issued,5,Completed,
15/09/26,Business,Uche,Client Meetings,1,Completed,
15/09/26,Business,Victor,Client Meetings,1,Completed,
15/09/26,Business,Victor,Invoices Raised,6,In Progress,
15/09/26,Business,Victor,Quotations Issued,6,Completed,
15/09/26,Business,Wale,Quotations Issued,5,In Progress,
15/09/26,Business,Wale,Orders Received,2,Completed,
15/09/26,Business,Wale,Invoices Raised,3,Completed,
16/09/26,Business,Tosin,Quotations Issued,5,Completed,
16/09/26,Business,Tosin,Invoices Raised,4,Completed,
16/09/26,Business,Uche,Client Meetings,3,Completed,
16/09/26,Business,Victor,Invoices Raised,1,In Progress,
16/09/26,Business,Wale,Invoices Raised,5,Completed,
17/09/26,Business,Tosin,Quotations Issued,6,Completed,
17/09/26,Business,Uche,Client Meetings,3,Completed,
17/09/26,Business,Uche,Invoices Raised,5,Completed,
17/09/26,Business,Victor,Orders Received,4,Completed,
17/09/26,Business,Victor,Invoices Raised,4,Completed,
17/09/26,Business,Victor,Orders Received,4,Completed,
17/09/26,Business,Wale,Orders Received,5,Completed,
17/09/26,Business,Wale,Orders Received,6,Completed,
18/09/26,Business,Tosin,Orders Received,6,Completed,
18/09/26,Business,Tosin,Invoices Raised,1,Completed,
18/09/26,Business,Tosin,Orders Received,2,Completed,
18/09/26,Business,Uche,Orders Received,5,Completed,
18/09/26,Business,Uche,Invoices Raised,4,Completed,
18/09/26,Business,Uche,Quotations Issued,2,Completed,
18/09/26,Business,Victor,Orders Received,3,Completed,
18/09/26,Business,Victor,Client Meetings,6,Completed,
18/09/26,Business,Victor,Orders Received,1,Completed,
18/09/26,Business,Wale,Quotations Issued,3,Completed,
21/09/26,Business,Tosin,Quotations Issued,1,Completed,
21/09/26,Business,Tosin,Client Meetings,4,Pending,
21/09/26,Business,Tosin,Invoices Raised,2,Completed,
21/09/26,Business,Uche,Quotations Issued,3,Completed,
21/09/26,Business,Uche,Orders Received,3,Completed,
21/09/26,Business,Uche,Quotations Issued,6,Completed,
21/09/26,Business,Victor,Invoices Raised,6,In Progress,
21/09/26,Business,Victor,Quotations Issued,2,Completed,
21/09/26,Business,Wale,Invoices Raised,2,Completed,
21/09/26,Business,Wale,Client Meetings,3,Completed,
22/09/26,Business,Tosin,Client Meetings,5,Completed,
22/09/26,Business,Uche,Client Meetings,4,Completed,
22/09/26,Business,Victor,Invoices Raised,5,Completed,
22/09/26,Business,Victor,Quotations Issued,3,Completed,
22/09/26,Business,Wale,Invoices Raised,5,Completed,
22/09/26,Business,Wale,Invoices Raised,6,Completed,
22/09/26,Business,Wale,Orders Received,5,Completed,
23/09/26,Business,Tosin,Invoices Raised,4,Completed,
23/09/26,Business,Tosin,Client Meetings,4,Completed,
23/09/26,Business,Uche,Invoices Raised,4,Completed,
23/09/26,Business,Uche,Client Meetings,1,Completed,
23/09/26,Business,Uche,Invoices Raised,4,Completed,
23/09/26,Business,Victor,Invoices Raised,5,Completed,
23/09/26,Business,Victor,Quotations Issued,4,Completed,
23/09/26,Business,Wale,Invoices Raised,2,Completed,
23/09/26,Business,Wale,Orders Received,6,Completed,
24/09/26,Business,Tosin,Quotations Issued,5,Completed,
24/09/26,Business,Tosin,Client Meetings,5,Completed,
24/09/26,Business,Tosin,Client Meetings,6,Completed,
24/09/26,Business,Uche,Invoices Raised,2,Completed,
24/09/26,Business,Uche,Client Meetings,6,Completed,
24/09/26,Business,Uche,Orders Received,2,Completed,
24/09/26,Business,Victor,Quotations Issued,2,Completed,
24/09/26,Business,Victor,Quotations Issued,5,Completed,
24/09/26,Business,Victor,Orders Received,1,Completed,
24/09/26,Business,Wale,Client Meetings,1,Completed,
24/09/26,Business,Wale,Quotations Issued,1,Completed,
24/09/26,Business,Wale,Client Meetings,2,Completed,
25/09/26,Business,Tosin,Quotations Issued,6,Pending,
25/09/26,Business,Tosin,Quotations Issued,4,Completed,
25/09/26,Business,Tosin,Invoices Raised,3,Completed,
25/09/26,Business,Uche,Quotations Issued,6,Completed,
25/09/26,Business,Uche,Client Meetings,1,Completed,
25/09/26,Business,Uche,Orders Received,5,Pending,
25/09/26,Business,Victor,Quotations Issued,6,Completed,
25/09/26,Business,Victor,Invoices Raised,2,Completed,
25/09/26,Business,Wale,Orders Received,6,Completed,
28/09/26,Business,Tosin,Orders Received,1,Completed,
28/09/26,Business,Tosin,Client Meetings,5,Completed,
28/09/26,Business,Uche,Orders Received,4,Completed,
28/09/26,Business,Uche,Orders Received,1,Completed,
28/09/26,Business,Victor,Client Meetings,4,Completed,
28/09/26,Business,Victor,Quotations Issued,3,Completed,
28/09/26,Business,Victor,Orders Received,5,Completed,
28/09/26,Business,Wale,Client Meetings,3,In Progress,
28/09/26,Business,Wale,Client Meetings,1,Completed,
29/09/26,Business,Tosin,Invoices Raised,2,Completed,
29/09/26,Business,Tosin,Client Meetings,2,Completed,
29/09/26,Business,Tosin,Client Meetings,1,Completed,
29/09/26,Business,Uche,Client Meetings,6,Completed,
29/09/26,Business,Victor,Invoices Raised,1,Completed,
29/09/26,Business,Victor,Invoices Raised,2,Completed,
29/09/26,Business,Wale,Client Meetings,4,In Progress,
29/09/26,Business,Wale,Quotations Issued,3,Completed,
01/07/26,Admin,Yemi,Correspondence Handled,16,Completed,
01/07/26,Admin,Yemi,Correspondence Handled,14,Completed,
01/07/26,Admin,Zainab,Correspondence Handled,4,Completed,
01/07/26,Admin,Zainab,Facility Requests,15,Completed,
01/07/26,Admin,Zainab,Correspondence Handled,5,Completed,
01/07/26,Admin,Abiola,Procurement Requests,4,Completed,
02/07/26,Admin,Yemi,Facility Requests,13,Completed,
02/07/26,Admin,Yemi,Procurement Requests,3,Completed,
02/07/26,Admin,Yemi,Procurement Requests,10,Completed,
02/07/26,Admin,Zainab,Facility Requests,7,Completed,
02/07/26,Admin,Zainab,Correspondence Handled,20,Completed,
02/07/26,Admin,Zainab,Documents Processed,4,Completed,
02/07/26,Admin,Abiola,Procurement Requests,18,Completed,
02/07/26,Admin,Abiola,Documents Processed,13,Completed,
03/07/26,Admin,Yemi,Correspondence Handled,20,Completed,
03/07/26,Admin,Yemi,Documents Processed,16,In Progress,
03/07/26,Admin,Yemi,Procurement Requests,3,Completed,
03/07/26,Admin,Zainab,Correspondence Handled,7,Completed,
03/07/26,Admin,Abiola,Correspondence Handled,10,Completed,
03/07/26,Admin,Abiola,Procurement Requests,17,Completed,
06/07/26,Admin,Yemi,Documents Processed,5,Completed,
06/07/26,Admin,Yemi,Procurement Requests,11,Completed,
06/07/26,Admin,Zainab,Documents Processed,7,Completed,
06/07/26,Admin,Zainab,Documents Processed,3,Completed,
06/07/26,Admin,Abiola,Correspondence Handled,20,In Progress,
07/07/26,Admin,Yemi,Documents Processed,10,In Progress,
07/07/26,Admin,Zainab,Documents Processed,12,Completed,
07/07/26,Admin,Zainab,Procurement Requests,19,Completed,
07/07/26,Admin,Abiola,Documents Processed,16,Completed,
07/07/26,Admin,Abiola,Correspondence Handled,4,In Progress,
07/07/26,Admin,Abiola,Documents Processed,4,Completed,
08/07/26,Admin,Yemi,Procurement Requests,9,Completed,
08/07/26,Admin,Yemi,Documents Processed,10,Completed,
08/07/26,Admin,Zainab,Procurement Requests,19,Completed,
08/07/26,Admin,Abiola,Correspondence Handled,16,Completed,
09/07/26,Admin,Yemi,Procurement Requests,3,Completed,
09/07/26,Admin,Yemi,Procurement Requests,14,Completed,
09/07/26,Admin,Yemi,Correspondence Handled,4,Completed,
09/07/26,Admin,Zainab,Documents Processed,5,In Progress,
09/07/26,Admin,Zainab,Documents Processed,11,Completed,
09/07/26,Admin,Zainab,Procurement Requests,16,Completed,
09/07/26,Admin,Abiola,Correspondence Handled,4,Completed,
09/07/26,Admin,Abiola,Correspondence Handled,5,Completed,
09/07/26,Admin,Abiola,Correspondence Handled,19,Completed,
10/07/26,Admin,Yemi,Documents Processed,8,Pending,
10/07/26,Admin,Yemi,Correspondence Handled,10,Completed,
10/07/26,Admin,Zainab,Correspondence Handled,19,In Progress,
10/07/26,Admin,Abiola,Facility Requests,9,Completed,
10/07/26,Admin,Abiola,Correspondence Handled,7,Completed,
10/07/26,Admin,Abiola,Procurement Requests,9,Completed,
13/07/26,Admin,Yemi,Documents Processed,15,Completed,
13/07/26,Admin,Zainab,Facility Requests,15,Completed,
13/07/26,Admin,Zainab,Correspondence Handled,9,Completed,
13/07/26,Admin,Abiola,Facility Requests,13,Completed,
14/07/26,Admin,Yemi,Procurement Requests,7,In Progress,
14/07/26,Admin,Yemi,Correspondence Handled,4,Completed,
14/07/26,Admin,Yemi,Correspondence Handled,3,Completed,
14/07/26,Admin,Zainab,Procurement Requests,8,Completed,
14/07/26,Admin,Abiola,Documents Processed,9,Completed,
14/07/26,Admin,Abiola,Facility Requests,8,Completed,
14/07/26,Admin,Abiola,Procurement Requests,19,Completed,
15/07/26,Admin,Yemi,Facility Requests,10,Completed,
15/07/26,Admin,Zainab,Documents Processed,5,Completed,
15/07/26,Admin,Abiola,Correspondence Handled,16,Completed,
15/07/26,Admin,Abiola,Correspondence Handled,9,Completed,
15/07/26,Admin,Abiola,Correspondence Handled,8,Completed,
16/07/26,Admin,Yemi,Correspondence Handled,18,Completed,
16/07/26,Admin,Yemi,Documents Processed,15,Completed,
16/07/26,Admin,Zainab,Documents Processed,19,Completed,
16/07/26,Admin,Zainab,Facility Requests,9,In Progress,
16/07/26,Admin,Zainab,Procurement Requests,3,Completed,
16/07/26,Admin,Abiola,Correspondence Handled,6,Completed,
16/07/26,Admin,Abiola,Procurement Requests,11,Completed,
17/07/26,Admin,Yemi,Correspondence Handled,4,Completed,
17/07/26,Admin,Zainab,Procurement Requests,17,Completed,
17/07/26,Admin,Zainab,Documents Processed,3,Completed,
17/07/26,Admin,Zainab,Facility Requests,7,Completed,
17/07/26,Admin,Abiola,Procurement Requests,16,Completed,
17/07/26,Admin,Abiola,Procurement Requests,18,Completed,
20/07/26,Admin,Yemi,Documents Processed,4,Completed,
20/07/26,Admin,Zainab,Procurement Requests,3,Completed,
20/07/26,Admin,Abiola,Procurement Requests,8,Completed,
20/07/26,Admin,Abiola,Facility Requests,11,Completed,
21/07/26,Admin,Yemi,Documents Processed,19,Completed,
21/07/26,Admin,Zainab,Facility Requests,18,Completed,
21/07/26,Admin,Zainab,Facility Requests,7,Completed,
21/07/26,Admin,Abiola,Facility Requests,5,Completed,
21/07/26,Admin,Abiola,Facility Requests,7,Completed,
22/07/26,Admin,Yemi,Facility Requests,4,Completed,
22/07/26,Admin,Zainab,Facility Requests,18,Completed,
22/07/26,Admin,Zainab,Correspondence Handled,12,Completed,
22/07/26,Admin,Zainab,Documents Processed,17,Completed,
22/07/26,Admin,Abiola,Correspondence Handled,10,Completed,
23/07/26,Admin,Yemi,Procurement Requests,19,Completed,
23/07/26,Admin,Yemi,Correspondence Handled,8,Completed,
23/07/26,Admin,Zainab,Correspondence Handled,12,Completed,
23/07/26,Admin,Zainab,Facility Requests,11,Completed,
23/07/26,Admin,Zainab,Procurement Requests,3,Completed,
23/07/26,Admin,Abiola,Procurement Requests,9,Completed,
23/07/26,Admin,Abiola,Correspondence Handled,4,Completed,
24/07/26,Admin,Yemi,Correspondence Handled,13,Completed,
24/07/26,Admin,Yemi,Documents Processed,5,Pending,
24/07/26,Admin,Yemi,Procurement Requests,8,Completed,
24/07/26,Admin,Zainab,Correspondence Handled,6,Completed,
24/07/26,Admin,Zainab,Procurement Requests,18,Completed,
24/07/26,Admin,Zainab,Documents Processed,5,In Progress,
24/07/26,Admin,Abiola,Procurement Requests,10,Completed,
24/07/26,Admin,Abiola,Correspondence Handled,10,Completed,
24/07/26,Admin,Abiola,Procurement Requests,10,Completed,
27/07/26,Admin,Yemi,Documents Processed,20,Completed,
27/07/26,Admin,Yemi,Procurement Requests,9,Completed,
27/07/26,Admin,Zainab,Correspondence Handled,12,Completed,
27/07/26,Admin,Zainab,Correspondence Handled,8,Completed,
27/07/26,Admin,Abiola,Correspondence Handled,16,Completed,
27/07/26,Admin,Abiola,Documents Processed,20,Completed,
28/07/26,Admin,Yemi,Documents Processed,5,Completed,
28/07/26,Admin,Yemi,Documents Processed,12,Completed,
28/07/26,Admin,Zainab,Facility Requests,5,Completed,
28/07/26,Admin,Zainab,Correspondence Handled,11,Completed,
28/07/26,Admin,Zainab,Facility Requests,9,Completed,
28/07/26,Admin,Abiola,Facility Requests,17,Completed,
28/07/26,Admin,Abiola,Facility Requests,3,Completed,
28/07/26,Admin,Abiola,Correspondence Handled,9,Pending,
29/07/26,Admin,Yemi,Documents Processed,7,Completed,
29/07/26,Admin,Yemi,Procurement Requests,13,Completed,
29/07/26,Admin,Yemi,Procurement Requests,20,Completed,
29/07/26,Admin,Zainab,Procurement Requests,12,Completed,
29/07/26,Admin,Zainab,Procurement Requests,3,Completed,
29/07/26,Admin,Zainab,Documents Processed,3,Completed,
29/07/26,Admin,Abiola,Documents Processed,12,Completed,
30/07/26,Admin,Yemi,Facility Requests,5,Completed,
30/07/26,Admin,Yemi,Facility Requests,11,In Progress,
30/07/26,Admin,Yemi,Facility Requests,9,Completed,
30/07/26,Admin,Zainab,Facility Requests,19,Completed,
30/07/26,Admin,Zainab,Facility Requests,12,Completed,
30/07/26,Admin,Zainab,Facility Requests,7,Completed,
30/07/26,Admin,Abiola,Correspondence Handled,16,Pending,
30/07/26,Admin,Abiola,Procurement Requests,11,Completed,
30/07/26,Admin,Abiola,Facility Requests,15,Completed,
31/07/26,Admin,Yemi,Documents Processed,8,Completed,
31/07/26,Admin,Yemi,Procurement Requests,3,Completed,
31/07/26,Admin,Zainab,Documents Processed,17,Completed,
31/07/26,Admin,Abiola,Correspondence Handled,12,Completed,
03/08/26,Admin,Yemi,Facility Requests,19,Pending,
03/08/26,Admin,Zainab,Documents Processed,8,Completed,
03/08/26,Admin,Zainab,Procurement Requests,17,Completed,
03/08/26,Admin,Zainab,Correspondence Handled,6,Completed,
03/08/26,Admin,Abiola,Documents Processed,10,Completed,
04/08/26,Admin,Yemi,Documents Processed,17,Completed,
04/08/26,Admin,Zainab,Documents Processed,11,Completed,
04/08/26,Admin,Zainab,Procurement Requests,17,Completed,
04/08/26,Admin,Zainab,Facility Requests,7,Completed,
04/08/26,Admin,Abiola,Documents Processed,7,Completed,
05/08/26,Admin,Yemi,Facility Requests,10,Completed,
05/08/26,Admin,Zainab,Facility Requests,15,In Progress,
05/08/26,Admin,Abiola,Facility Requests,4,Completed,
05/08/26,Admin,Abiola,Procurement Requests,16,Completed,
05/08/26,Admin,Abiola,Procurement Requests,14,Completed,
06/08/26,Admin,Yemi,Documents Processed,14,Completed,
06/08/26,Admin,Yemi,Facility Requests,13,Pending,
06/08/26,Admin,Zainab,Procurement Requests,7,Completed,
06/08/26,Admin,Zainab,Facility Requests,4,Completed,
06/08/26,Admin,Zainab,Facility Requests,19,Completed,
06/08/26,Admin,Abiola,Facility Requests,17,Completed,
06/08/26,Admin,Abiola,Correspondence Handled,8,Completed,
06/08/26,Admin,Abiola,Documents Processed,7,Completed,
07/08/26,Admin,Yemi,Procurement Requests,9,Completed,
07/08/26,Admin,Zainab,Correspondence Handled,13,Completed,
07/08/26,Admin,Abiola,Procurement Requests,7,Completed,
07/08/26,Admin,Abiola,Facility Requests,13,Completed,
07/08/26,Admin,Abiola,Documents Processed,11,Completed,
10/08/26,Admin,Yemi,Correspondence Handled,4,Completed,
10/08/26,Admin,Yemi,Documents Processed,14,Completed,
10/08/26,Admin,Yemi,Procurement Requests,18,Pending,
10/08/26,Admin,Zainab,Facility Requests,17,Completed,
10/08/26,Admin,Abiola,Documents Processed,13,Completed,
11/08/26,Admin,Yemi,Facility Requests,8,Completed,
11/08/26,Admin,Yemi,Correspondence Handled,17,Completed,
11/08/26,Admin,Zainab,Documents Processed,11,In Progress,
11/08/26,Admin,Zainab,Procurement Requests,16,Completed,
11/08/26,Admin,Abiola,Correspondence Handled,15,Completed,
11/08/26,Admin,Abiola,Facility Requests,15,In Progress,
11/08/26,Admin,Abiola,Procurement Requests,15,Completed,
12/08/26,Admin,Yemi,Correspondence Handled,5,Completed,
12/08/26,Admin,Zainab,Facility Requests,9,Completed,
12/08/26,Admin,Abiola,Facility Requests,4,Completed,
13/08/26,Admin,Yemi,Documents Processed,6,Completed,
13/08/26,Admin,Zainab,Facility Requests,20,Completed,
13/08/26,Admin,Zainab,Documents Processed,18,In Progress,
13/08/26,Admin,Abiola,Correspondence Handled,16,Completed,
14/08/26,Admin,Yemi,Facility Requests,11,Completed,
14/08/26,Admin,Yemi,Procurement Requests,20,Completed,
14/08/26,Admin,Yemi,Procurement Requests,16,Pending,
14/08/26,Admin,Zainab,Correspondence Handled,3,Completed,
14/08/26,Admin,Abiola,Facility Requests,18,Completed,
17/08/26,Admin,Yemi,Correspondence Handled,8,In Progress,
17/08/26,Admin,Zainab,Facility Requests,11,Completed,
17/08/26,Admin,Zainab,Documents Processed,4,In Progress,
17/08/26,Admin,Zainab,Facility Requests,7,Completed,
17/08/26,Admin,Abiola,Documents Processed,14,Completed,
17/08/26,Admin,Abiola,Correspondence Handled,17,Completed,
17/08/26,Admin,Abiola,Procurement Requests,12,Completed,
18/08/26,Admin,Yemi,Documents Processed,6,Completed,
18/08/26,Admin,Zainab,Correspondence Handled,7,Completed,
18/08/26,Admin,Zainab,Documents Processed,6,Completed,
18/08/26,Admin,Zainab,Correspondence Handled,17,Completed,
18/08/26,Admin,Abiola,Correspondence Handled,20,Completed,
18/08/26,Admin,Abiola,Facility Requests,20,Completed,
19/08/26,Admin,Yemi,Correspondence Handled,8,Completed,
19/08/26,Admin,Yemi,Documents Processed,10,Completed,
19/08/26,Admin,Yemi,Documents Processed,19,Completed,
19/08/26,Admin,Zainab,Correspondence Handled,3,Completed,
19/08/26,Admin,Zainab,Facility Requests,19,Completed,
19/08/26,Admin,Zainab,Correspondence Handled,20,Completed,
19/08/26,Admin,Abiola,Procurement Requests,7,Completed,
19/08/26,Admin,Abiola,Correspondence Handled,13,Completed,
20/08/26,Admin,Yemi,Correspondence Handled,15,In Progress,
20/08/26,Admin,Yemi,Procurement Requests,12,Completed,
20/08/26,Admin,Zainab,Correspondence Handled,14,Completed,
20/08/26,Admin,Zainab,Documents Processed,10,Completed,
20/08/26,Admin,Zainab,Documents Processed,14,Completed,
20/08/26,Admin,Abiola,Documents Processed,17,Completed,
20/08/26,Admin,Abiola,Procurement Requests,13,Completed,
20/08/26,Admin,Abiola,Facility Requests,8,Completed,
21/08/26,Admin,Yemi,Documents Processed,8,Completed,
21/08/26,Admin,Zainab,Procurement Requests,20,Completed,
21/08/26,Admin,Zainab,Documents Processed,16,Completed,
21/08/26,Admin,Abiola,Procurement Requests,9,Completed,
21/08/26,Admin,Abiola,Documents Processed,3,Completed,
21/08/26,Admin,Abiola,Procurement Requests,14,In Progress,
24/08/26,Admin,Yemi,Procurement Requests,8,In Progress,
24/08/26,Admin,Yemi,Documents Processed,18,Completed,
24/08/26,Admin,Yemi,Documents Processed,16,Completed,
24/08/26,Admin,Zainab,Procurement Requests,18,In Progress,
24/08/26,Admin,Abiola,Procurement Requests,4,Completed,
25/08/26,Admin,Yemi,Facility Requests,11,In Progress,
25/08/26,Admin,Zainab,Correspondence Handled,19,Completed,
25/08/26,Admin,Zainab,Facility Requests,6,Completed,
25/08/26,Admin,Zainab,Facility Requests,20,Completed,
25/08/26,Admin,Abiola,Procurement Requests,16,Completed,
25/08/26,Admin,Abiola,Correspondence Handled,3,Completed,
26/08/26,Admin,Yemi,Documents Processed,18,Pending,
26/08/26,Admin,Yemi,Correspondence Handled,4,Completed,
26/08/26,Admin,Zainab,Facility Requests,19,Completed,
26/08/26,Admin,Zainab,Facility Requests,8,Completed,
26/08/26,Admin,Zainab,Facility Requests,5,Completed,
26/08/26,Admin,Abiola,Documents Processed,11,Completed,
26/08/26,Admin,Abiola,Documents Processed,8,Completed,
26/08/26,Admin,Abiola,Correspondence Handled,20,Completed,
27/08/26,Admin,Yemi,Correspondence Handled,8,Completed,
27/08/26,Admin,Zainab,Correspondence Handled,15,Completed,
27/08/26,Admin,Zainab,Procurement Requests,14,Completed,
27/08/26,Admin,Abiola,Procurement Requests,9,Completed,
27/08/26,Admin,Abiola,Documents Processed,8,Completed,
27/08/26,Admin,Abiola,Documents Processed,15,Completed,
28/08/26,Admin,Yemi,Correspondence Handled,14,Completed,
28/08/26,Admin,Zainab,Procurement Requests,7,Completed,
28/08/26,Admin,Zainab,Procurement Requests,17,Completed,
28/08/26,Admin,Abiola,Correspondence Handled,17,Completed,
28/08/26,Admin,Abiola,Facility Requests,4,Completed,
28/08/26,Admin,Abiola,Correspondence Handled,17,Completed,
31/08/26,Admin,Yemi,Procurement Requests,3,Completed,
31/08/26,Admin,Yemi,Documents Processed,7,Completed,
31/08/26,Admin,Zainab,Procurement Requests,16,Completed,
31/08/26,Admin,Zainab,Procurement Requests,11,Completed,
31/08/26,Admin,Abiola,Documents Processed,8,Completed,
31/08/26,Admin,Abiola,Documents Processed,14,Completed,
01/09/26,Admin,Yemi,Documents Processed,5,Completed,
01/09/26,Admin,Zainab,Correspondence Handled,8,In Progress,
01/09/26,Admin,Zainab,Facility Requests,8,Completed,
01/09/26,Admin,Abiola,Facility Requests,17,Completed,
02/09/26,Admin,Yemi,Correspondence Handled,10,In Progress,
02/09/26,Admin,Yemi,Facility Requests,12,Completed,
02/09/26,Admin,Zainab,Correspondence Handled,20,Completed,
02/09/26,Admin,Abiola,Facility Requests,12,Completed,
03/09/26,Admin,Yemi,Procurement Requests,11,Completed,
03/09/26,Admin,Yemi,Documents Processed,18,Completed,
03/09/26,Admin,Yemi,Procurement Requests,7,Completed,
03/09/26,Admin,Zainab,Procurement Requests,9,Completed,
03/09/26,Admin,Zainab,Facility Requests,8,Completed,
03/09/26,Admin,Zainab,Documents Processed,5,Completed,
03/09/26,Admin,Abiola,Documents Processed,11,Completed,
03/09/26,Admin,Abiola,Procurement Requests,18,Completed,
04/09/26,Admin,Yemi,Documents Processed,11,Completed,
04/09/26,Admin,Zainab,Facility Requests,4,Completed,
04/09/26,Admin,Abiola,Documents Processed,17,Completed,
07/09/26,Admin,Yemi,Correspondence Handled,17,Completed,
07/09/26,Admin,Yemi,Documents Processed,12,In Progress,
07/09/26,Admin,Zainab,Correspondence Handled,18,Completed,
07/09/26,Admin,Zainab,Procurement Requests,15,Completed,
07/09/26,Admin,Abiola,Procurement Requests,11,Completed,
08/09/26,Admin,Yemi,Facility Requests,3,Completed,
08/09/26,Admin,Yemi,Correspondence Handled,7,Completed,
08/09/26,Admin,Yemi,Procurement Requests,19,Completed,
08/09/26,Admin,Zainab,Correspondence Handled,6,In Progress,
08/09/26,Admin,Abiola,Procurement Requests,8,Completed,
08/09/26,Admin,Abiola,Procurement Requests,10,Completed,
08/09/26,Admin,Abiola,Documents Processed,16,Completed,
09/09/26,Admin,Yemi,Procurement Requests,4,Completed,
09/09/26,Admin,Yemi,Documents Processed,3,Completed,
09/09/26,Admin,Zainab,Procurement Requests,8,Completed,
09/09/26,Admin,Zainab,Correspondence Handled,17,In Progress,
09/09/26,Admin,Zainab,Documents Processed,11,Completed,
09/09/26,Admin,Abiola,Facility Requests,5,Completed,
09/09/26,Admin,Abiola,Documents Processed,5,Completed,
10/09/26,Admin,Yemi,Procurement Requests,18,Completed,
10/09/26,Admin,Yemi,Facility Requests,4,Completed,
10/09/26,Admin,Zainab,Documents Processed,4,Completed,
10/09/26,Admin,Zainab,Documents Processed,12,Completed,
10/09/26,Admin,Abiola,Procurement Requests,7,Completed,
10/09/26,Admin,Abiola,Correspondence Handled,7,Completed,
11/09/26,Admin,Yemi,Correspondence Handled,8,Completed,
11/09/26,Admin,Yemi,Facility Requests,5,Completed,
11/09/26,Admin,Yemi,Facility Requests,3,Completed,
11/09/26,Admin,Zainab,Procurement Requests,10,Completed,
11/09/26,Admin,Zainab,Documents Processed,14,Completed,
11/09/26,Admin,Zainab,Documents Processed,16,Completed,
11/09/26,Admin,Abiola,Correspondence Handled,20,Completed,
11/09/26,Admin,Abiola,Documents Processed,3,Completed,
11/09/26,Admin,Abiola,Documents Processed,4,Completed,
14/09/26,Admin,Yemi,Facility Requests,13,Completed,
14/09/26,Admin,Yemi,Procurement Requests,7,Completed,
14/09/26,Admin,Yemi,Correspondence Handled,13,Completed,
14/09/26,Admin,Zainab,Facility Requests,5,Completed,
14/09/26,Admin,Zainab,Correspondence Handled,10,Completed,
14/09/26,Admin,Zainab,Correspondence Handled,3,Completed,
14/09/26,Admin,Abiola,Correspondence Handled,15,In Progress,
14/09/26,Admin,Abiola,Procurement Requests,18,In Progress,
14/09/26,Admin,Abiola,Documents Processed,9,Completed,
15/09/26,Admin,Yemi,Correspondence Handled,4,Completed,
15/09/26,Admin,Yemi,Documents Processed,13,Pending,
15/09/26,Admin,Yemi,Facility Requests,4,In Progress,
15/09/26,Admin,Zainab,Facility Requests,17,Completed,
15/09/26,Admin,Abiola,Facility Requests,10,Completed,
15/09/26,Admin,Abiola,Facility Requests,9,Completed,
16/09/26,Admin,Yemi,Facility Requests,8,Completed,
16/09/26,Admin,Yemi,Correspondence Handled,17,Completed,
16/09/26,Admin,Yemi,Correspondence Handled,17,Completed,
16/09/26,Admin,Zainab,Procurement Requests,5,Completed,
16/09/26,Admin,Zainab,Procurement Requests,13,Completed,
16/09/26,Admin,Abiola,Correspondence Handled,7,Pending,
16/09/26,Admin,Abiola,Correspondence Handled,18,Completed,
16/09/26,Admin,Abiola,Procurement Requests,16,Completed,
17/09/26,Admin,Yemi,Documents Processed,4,Completed,
17/09/26,Admin,Yemi,Facility Requests,12,Completed,
17/09/26,Admin,Yemi,Procurement Requests,11,Completed,
17/09/26,Admin,Zainab,Correspondence Handled,6,Completed,
17/09/26,Admin,Abiola,Documents Processed,20,Completed,
17/09/26,Admin,Abiola,Correspondence Handled,9,Completed,
18/09/26,Admin,Yemi,Correspondence Handled,16,Completed,
18/09/26,Admin,Yemi,Documents Processed,4,Completed,
18/09/26,Admin,Zainab,Procurement Requests,7,Completed,
18/09/26,Admin,Abiola,Facility Requests,12,Completed,
18/09/26,Admin,Abiola,Correspondence Handled,16,Completed,
18/09/26,Admin,Abiola,Documents Processed,12,Completed,
21/09/26,Admin,Yemi,Documents Processed,19,Completed,
21/09/26,Admin,Yemi,Facility Requests,3,Completed,
21/09/26,Admin,Yemi,Procurement Requests,6,Completed,
21/09/26,Admin,Zainab,Facility Requests,8,Completed,
21/09/26,Admin,Zainab,Procurement Requests,10,Pending,
21/09/26,Admin,Zainab,Facility Requests,6,Completed,
21/09/26,Admin,Abiola,Facility Requests,9,Completed,
21/09/26,Admin,Abiola,Facility Requests,8,In Progress,
22/09/26,Admin,Yemi,Correspondence Handled,11,Completed,
22/09/26,Admin,Yemi,Facility Requests,7,Completed,
22/09/26,Admin,Yemi,Correspondence Handled,12,In Progress,
22/09/26,Admin,Zainab,Facility Requests,17,Completed,
22/09/26,Admin,Zainab,Procurement Requests,3,Completed,
22/09/26,Admin,Zainab,Procurement Requests,9,Completed,
22/09/26,Admin,Abiola,Documents Processed,10,In Progress,
22/09/26,Admin,Abiola,Facility Requests,20,Completed,
22/09/26,Admin,Abiola,Correspondence Handled,20,In Progress,
23/09/26,Admin,Yemi,Facility Requests,17,Completed,
23/09/26,Admin,Zainab,Procurement Requests,3,Completed,
23/09/26,Admin,Zainab,Procurement Requests,11,Completed,
23/09/26,Admin,Zainab,Facility Requests,10,Completed,
23/09/26,Admin,Abiola,Facility Requests,4,Completed,
23/09/26,Admin,Abiola,Facility Requests,15,In Progress,
23/09/26,Admin,Abiola,Correspondence Handled,13,Completed,
24/09/26,Admin,Yemi,Procurement Requests,8,Completed,
24/09/26,Admin,Yemi,Correspondence Handled,15,Completed,
24/09/26,Admin,Yemi,Documents Processed,9,Completed,
24/09/26,Admin,Zainab,Correspondence Handled,11,Completed,
24/09/26,Admin,Zainab,Procurement Requests,19,Completed,
24/09/26,Admin,Zainab,Documents Processed,17,Completed,
24/09/26,Admin,Abiola,Facility Requests,6,Completed,
24/09/26,Admin,Abiola,Procurement Requests,11,Completed,
24/09/26,Admin,Abiola,Documents Processed,11,Completed,
25/09/26,Admin,Yemi,Correspondence Handled,18,Completed,
25/09/26,Admin,Yemi,Procurement Requests,16,Completed,
25/09/26,Admin,Yemi,Facility Requests,11,Completed,
25/09/26,Admin,Zainab,Documents Processed,12,Completed,
25/09/26,Admin,Zainab,Documents Processed,13,Completed,
25/09/26,Admin,Abiola,Facility Requests,3,Completed,
28/09/26,Admin,Yemi,Documents Processed,17,Completed,
28/09/26,Admin,Zainab,Facility Requests,11,Completed,
28/09/26,Admin,Zainab,Facility Requests,20,Completed,
28/09/26,Admin,Zainab,Correspondence Handled,7,Completed,
28/09/26,Admin,Abiola,Facility Requests,9,Completed,
28/09/26,Admin,Abiola,Procurement Requests,19,Completed,
29/09/26,Admin,Yemi,Procurement Requests,20,Completed,
29/09/26,Admin,Zainab,Procurement Requests,16,Completed,
29/09/26,Admin,Zainab,Facility Requests,15,Completed,
29/09/26,Admin,Abiola,Facility Requests,9,Completed,
29/09/26,Admin,Abiola,Documents Processed,13,In Progress,
29/09/26,Admin,Abiola,Procurement Requests,13,Completed,
01/07/26,QC,Blessing,Reports Issued,59,Completed,
01/07/26,QC,Blessing,Inspections Completed,11,Completed,
01/07/26,QC,Blessing,Inspections Completed,49,Completed,
01/07/26,QC,Chiamaka,Rejects Logged,13,Completed,
01/07/26,QC,Chiamaka,Samples Tested,25,Completed,
01/07/26,QC,Chiamaka,Samples Tested,43,Completed,
01/07/26,QC,Damilola,Reports Issued,40,In Progress,
01/07/26,QC,Damilola,Samples Tested,17,Completed,
01/07/26,QC,Eniola,Inspections Completed,23,In Progress,
02/07/26,QC,Blessing,Reports Issued,47,Completed,
02/07/26,QC,Chiamaka,Inspections Completed,39,Completed,
02/07/26,QC,Chiamaka,Inspections Completed,51,Completed,
02/07/26,QC,Damilola,Samples Tested,60,Completed,
02/07/26,QC,Eniola,Samples Tested,22,Completed,
02/07/26,QC,Eniola,Inspections Completed,45,Completed,
03/07/26,QC,Blessing,Samples Tested,37,Completed,
03/07/26,QC,Blessing,Samples Tested,39,Completed,
03/07/26,QC,Blessing,Inspections Completed,19,Completed,
03/07/26,QC,Chiamaka,Rejects Logged,42,Completed,
03/07/26,QC,Chiamaka,Rejects Logged,51,Pending,
03/07/26,QC,Chiamaka,Samples Tested,47,In Progress,
03/07/26,QC,Damilola,Reports Issued,50,Completed,
03/07/26,QC,Eniola,Reports Issued,41,Completed,
03/07/26,QC,Eniola,Rejects Logged,18,Completed,
06/07/26,QC,Blessing,Samples Tested,50,Completed,
06/07/26,QC,Blessing,Reports Issued,17,Pending,
06/07/26,QC,Chiamaka,Rejects Logged,29,Completed,
06/07/26,QC,Damilola,Samples Tested,41,Completed,
06/07/26,QC,Damilola,Reports Issued,57,Completed,
06/07/26,QC,Damilola,Samples Tested,54,Completed,
06/07/26,QC,Eniola,Samples Tested,22,Completed,
06/07/26,QC,Eniola,Inspections Completed,45,Completed,
07/07/26,QC,Blessing,Reports Issued,35,Completed,
07/07/26,QC,Chiamaka,Samples Tested,39,Completed,
07/07/26,QC,Damilola,Reports Issued,31,Completed,
07/07/26,QC,Eniola,Samples Tested,13,In Progress,
07/07/26,QC,Eniola,Inspections Completed,34,Completed,
08/07/26,QC,Blessing,Rejects Logged,30,Completed,
08/07/26,QC,Chiamaka,Reports Issued,19,Completed,
08/07/26,QC,Chiamaka,Samples Tested,42,Completed,
08/07/26,QC,Chiamaka,Inspections Completed,19,Completed,
08/07/26,QC,Damilola,Rejects Logged,46,Completed,
08/07/26,QC,Eniola,Inspections Completed,55,Completed,
08/07/26,QC,Eniola,Rejects Logged,58,Completed,
08/07/26,QC,Eniola,Inspections Completed,20,Completed,
09/07/26,QC,Blessing,Inspections Completed,34,Completed,
09/07/26,QC,Blessing,Samples Tested,19,Completed,
09/07/26,QC,Chiamaka,Reports Issued,48,Completed,
09/07/26,QC,Chiamaka,Reports Issued,24,In Progress,
09/07/26,QC,Damilola,Reports Issued,51,Completed,
09/07/26,QC,Damilola,Inspections Completed,43,Completed,
09/07/26,QC,Eniola,Rejects Logged,18,Completed,
09/07/26,QC,Eniola,Rejects Logged,14,Completed,
10/07/26,QC,Blessing,Reports Issued,58,Completed,
10/07/26,QC,Blessing,Reports Issued,15,Completed,
10/07/26,QC,Chiamaka,Samples Tested,42,Completed,
10/07/26,QC,Chiamaka,Reports Issued,10,Completed,
10/07/26,QC,Chiamaka,Inspections Completed,49,Completed,
10/07/26,QC,Damilola,Rejects Logged,13,Completed,
10/07/26,QC,Eniola,Reports Issued,29,Completed,
13/07/26,QC,Blessing,Rejects Logged,40,Completed,
13/07/26,QC,Chiamaka,Rejects Logged,24,Completed,
13/07/26,QC,Damilola,Rejects Logged,13,In Progress,
13/07/26,QC,Eniola,Inspections Completed,54,Completed,
13/07/26,QC,Eniola,Reports Issued,22,Completed,
13/07/26,QC,Eniola,Rejects Logged,13,Completed,
14/07/26,QC,Blessing,Inspections Completed,60,Completed,
14/07/26,QC,Blessing,Samples Tested,47,In Progress,
14/07/26,QC,Blessing,Inspections Completed,16,Pending,
14/07/26,QC,Chiamaka,Reports Issued,36,Completed,
14/07/26,QC,Chiamaka,Reports Issued,18,Completed,
14/07/26,QC,Damilola,Rejects Logged,16,Completed,
14/07/26,QC,Damilola,Reports Issued,54,Completed,
14/07/26,QC,Damilola,Inspections Completed,41,Completed,
14/07/26,QC,Eniola,Inspections Completed,16,Completed,
14/07/26,QC,Eniola,Reports Issued,35,Completed,
15/07/26,QC,Blessing,Samples Tested,23,In Progress,
15/07/26,QC,Blessing,Inspections Completed,10,Completed,
15/07/26,QC,Blessing,Inspections Completed,54,Completed,
15/07/26,QC,Chiamaka,Samples Tested,16,Completed,
15/07/26,QC,Damilola,Inspections Completed,52,Completed,
15/07/26,QC,Damilola,Inspections Completed,21,Completed,
15/07/26,QC,Damilola,Reports Issued,31,Completed,
15/07/26,QC,Eniola,Reports Issued,26,Pending,
16/07/26,QC,Blessing,Samples Tested,21,In Progress,
16/07/26,QC,Chiamaka,Inspections Completed,20,Completed,
16/07/26,QC,Damilola,Inspections Completed,26,Completed,
16/07/26,QC,Damilola,Samples Tested,50,Completed,
16/07/26,QC,Damilola,Samples Tested,32,Completed,
16/07/26,QC,Eniola,Reports Issued,42,Completed,
17/07/26,QC,Blessing,Reports Issued,38,In Progress,
17/07/26,QC,Blessing,Inspections Completed,31,Completed,
17/07/26,QC,Blessing,Reports Issued,52,Completed,
17/07/26,QC,Chiamaka,Inspections Completed,12,In Progress,
17/07/26,QC,Chiamaka,Inspections Completed,51,Completed,
17/07/26,QC,Chiamaka,Inspections Completed,27,Completed,
17/07/26,QC,Damilola,Samples Tested,35,Completed,
17/07/26,QC,Damilola,Samples Tested,36,Completed,
17/07/26,QC,Damilola,Reports Issued,45,Completed,
17/07/26,QC,Eniola,Samples Tested,59,Completed,
17/07/26,QC,Eniola,Inspections Completed,53,Pending,
17/07/26,QC,Eniola,Samples Tested,51,Completed,
20/07/26,QC,Blessing,Inspections Completed,25,Completed,
20/07/26,QC,Chiamaka,Samples Tested,57,Completed,
20/07/26,QC,Chiamaka,Inspections Completed,54,Completed,
20/07/26,QC,Damilola,Inspections Completed,58,Pending,
20/07/26,QC,Damilola,Inspections Completed,42,Completed,
20/07/26,QC,Eniola,Inspections Completed,36,Pending,
20/07/26,QC,Eniola,Samples Tested,47,Completed,
20/07/26,QC,Eniola,Samples Tested,36,Pending,
21/07/26,QC,Blessing,Inspections Completed,36,Completed,
21/07/26,QC,Blessing,Samples Tested,43,Completed,
21/07/26,QC,Chiamaka,Inspections Completed,16,Pending,
21/07/26,QC,Chiamaka,Inspections Completed,36,Completed,
21/07/26,QC,Chiamaka,Samples Tested,48,Completed,
21/07/26,QC,Damilola,Samples Tested,14,Completed,
21/07/26,QC,Damilola,Reports Issued,25,In Progress,
21/07/26,QC,Eniola,Reports Issued,31,Completed,
21/07/26,QC,Eniola,Rejects Logged,27,Completed,
22/07/26,QC,Blessing,Reports Issued,48,In Progress,
22/07/26,QC,Chiamaka,Samples Tested,36,Completed,
22/07/26,QC,Chiamaka,Rejects Logged,43,Pending,
22/07/26,QC,Chiamaka,Rejects Logged,59,Completed,
22/07/26,QC,Damilola,Reports Issued,36,Completed,
22/07/26,QC,Damilola,Inspections Completed,50,Completed,
22/07/26,QC,Damilola,Inspections Completed,46,Completed,
22/07/26,QC,Eniola,Inspections Completed,49,Completed,
22/07/26,QC,Eniola,Samples Tested,45,Completed,
23/07/26,QC,Blessing,Rejects Logged,50,Completed,
23/07/26,QC,Blessing,Inspections Completed,49,Completed,
23/07/26,QC,Blessing,Reports Issued,50,Completed,
23/07/26,QC,Chiamaka,Samples Tested,10,In Progress,
23/07/26,QC,Damilola,Inspections Completed,24,Completed,
23/07/26,QC,Damilola,Reports Issued,20,Completed,
23/07/26,QC,Damilola,Reports Issued,25,Completed,
23/07/26,QC,Eniola,Samples Tested,36,Completed,
24/07/26,QC,Blessing,Samples Tested,26,Completed,
24/07/26,QC,Blessing,Samples Tested,46,Completed,
24/07/26,QC,Chiamaka,Rejects Logged,58,Completed,
24/07/26,QC,Chiamaka,Rejects Logged,12,Completed,
24/07/26,QC,Chiamaka,Inspections Completed,48,Completed,
24/07/26,QC,Damilola,Rejects Logged,54,Completed,
24/07/26,QC,Damilola,Inspections Completed,14,Completed,
24/07/26,QC,Eniola,Inspections Completed,16,Completed,
24/07/26,QC,Eniola,Reports Issued,44,Completed,
27/07/26,QC,Blessing,Samples Tested,51,Completed,
27/07/26,QC,Blessing,Reports Issued,10,Completed,
27/07/26,QC,Chiamaka,Samples Tested,59,Completed,
27/07/26,QC,Damilola,Inspections Completed,30,Completed,
27/07/26,QC,Eniola,Reports Issued,11,Completed,
27/07/26,QC,Eniola,Samples Tested,53,Completed,
28/07/26,QC,Blessing,Inspections Completed,53,Completed,
28/07/26,QC,Chiamaka,Inspections Completed,37,Completed,
28/07/26,QC,Chiamaka,Rejects Logged,20,Completed,
28/07/26,QC,Chiamaka,Samples Tested,15,Completed,
28/07/26,QC,Damilola,Inspections Completed,22,Completed,
28/07/26,QC,Damilola,Reports Issued,37,Pending,
28/07/26,QC,Damilola,Samples Tested,29,Completed,
28/07/26,QC,Eniola,Samples Tested,58,Completed,
28/07/26,QC,Eniola,Samples Tested,58,Completed,
28/07/26,QC,Eniola,Rejects Logged,28,Pending,
29/07/26,QC,Blessing,Reports Issued,60,Pending,
29/07/26,QC,Blessing,Samples Tested,38,Completed,
29/07/26,QC,Chiamaka,Rejects Logged,39,Completed,
29/07/26,QC,Chiamaka,Reports Issued,29,Completed,
29/07/26,QC,Damilola,Inspections Completed,38,Completed,
29/07/26,QC,Eniola,Rejects Logged,31,Pending,
29/07/26,QC,Eniola,Samples Tested,15,In Progress,
29/07/26,QC,Eniola,Rejects Logged,48,Completed,
30/07/26,QC,Blessing,Inspections Completed,30,Completed,
30/07/26,QC,Blessing,Inspections Completed,33,Completed,
30/07/26,QC,Blessing,Samples Tested,28,Completed,
30/07/26,QC,Chiamaka,Reports Issued,13,Completed,
30/07/26,QC,Chiamaka,Reports Issued,41,Completed,
30/07/26,QC,Damilola,Samples Tested,32,Completed,
30/07/26,QC,Eniola,Samples Tested,13,Completed,
30/07/26,QC,Eniola,Inspections Completed,37,Completed,
30/07/26,QC,Eniola,Inspections Completed,32,Completed,
31/07/26,QC,Blessing,Inspections Completed,33,Completed,
31/07/26,QC,Chiamaka,Inspections Completed,31,Completed,
31/07/26,QC,Damilola,Samples Tested,33,Completed,
31/07/26,QC,Damilola,Rejects Logged,53,Completed,
31/07/26,QC,Damilola,Reports Issued,38,Completed,
31/07/26,QC,Eniola,Samples Tested,46,Completed,
31/07/26,QC,Eniola,Inspections Completed,50,Completed,
31/07/26,QC,Eniola,Samples Tested,14,Completed,
03/08/26,QC,Blessing,Reports Issued,35,Completed,
03/08/26,QC,Blessing,Inspections Completed,25,Completed,
03/08/26,QC,Blessing,Samples Tested,29,Completed,
03/08/26,QC,Chiamaka,Inspections Completed,21,Completed,
03/08/26,QC,Chiamaka,Inspections Completed,12,Completed,
03/08/26,QC,Damilola,Reports Issued,11,Completed,
03/08/26,QC,Damilola,Samples Tested,10,In Progress,
03/08/26,QC,Damilola,Inspections Completed,22,Completed,
03/08/26,QC,Eniola,Inspections Completed,37,Completed,
03/08/26,QC,Eniola,Reports Issued,42,Completed,
03/08/26,QC,Eniola,Inspections Completed,16,Completed,
04/08/26,QC,Blessing,Rejects Logged,39,Completed,
04/08/26,QC,Blessing,Inspections Completed,22,Completed,
04/08/26,QC,Blessing,Reports Issued,52,Completed,
04/08/26,QC,Chiamaka,Inspections Completed,59,Completed,
04/08/26,QC,Chiamaka,Inspections Completed,45,Completed,
04/08/26,QC,Chiamaka,Reports Issued,43,Completed,
04/08/26,QC,Damilola,Inspections Completed,32,Completed,
04/08/26,QC,Damilola,Samples Tested,52,Completed,
04/08/26,QC,Damilola,Rejects Logged,19,Completed,
04/08/26,QC,Eniola,Reports Issued,50,Completed,
05/08/26,QC,Blessing,Rejects Logged,57,Completed,
05/08/26,QC,Chiamaka,Reports Issued,21,Completed,
05/08/26,QC,Chiamaka,Samples Tested,20,Completed,
05/08/26,QC,Chiamaka,Inspections Completed,39,Completed,
05/08/26,QC,Damilola,Rejects Logged,15,In Progress,
05/08/26,QC,Eniola,Inspections Completed,40,Completed,
06/08/26,QC,Blessing,Samples Tested,38,Completed,
06/08/26,QC,Blessing,Reports Issued,25,Completed,
06/08/26,QC,Blessing,Rejects Logged,45,Completed,
06/08/26,QC,Chiamaka,Reports Issued,15,Completed,
06/08/26,QC,Damilola,Rejects Logged,53,Completed,
06/08/26,QC,Damilola,Rejects Logged,13,Pending,
06/08/26,QC,Damilola,Inspections Completed,20,Completed,
06/08/26,QC,Eniola,Samples Tested,41,Completed,
06/08/26,QC,Eniola,Reports Issued,32,Completed,
07/08/26,QC,Blessing,Reports Issued,10,Pending,
07/08/26,QC,Blessing,Samples Tested,16,Completed,
07/08/26,QC,Blessing,Samples Tested,55,Completed,
07/08/26,QC,Chiamaka,Rejects Logged,21,Completed,
07/08/26,QC,Chiamaka,Reports Issued,33,Completed,
07/08/26,QC,Chiamaka,Rejects Logged,28,Completed,
07/08/26,QC,Damilola,Samples Tested,22,Completed,
07/08/26,QC,Eniola,Rejects Logged,54,Completed,
07/08/26,QC,Eniola,Inspections Completed,15,Pending,
07/08/26,QC,Eniola,Inspections Completed,27,Completed,
10/08/26,QC,Blessing,Inspections Completed,20,Completed,
10/08/26,QC,Chiamaka,Samples Tested,46,Completed,
10/08/26,QC,Chiamaka,Samples Tested,16,Completed,
10/08/26,QC,Chiamaka,Reports Issued,31,Completed,
10/08/26,QC,Damilola,Reports Issued,46,Completed,
10/08/26,QC,Damilola,Rejects Logged,26,Completed,
10/08/26,QC,Damilola,Reports Issued,13,Completed,
10/08/26,QC,Eniola,Samples Tested,24,Completed,
11/08/26,QC,Blessing,Rejects Logged,20,Completed,
11/08/26,QC,Blessing,Inspections Completed,48,In Progress,
11/08/26,QC,Blessing,Rejects Logged,59,Completed,
11/08/26,QC,Chiamaka,Samples Tested,11,Completed,
11/08/26,QC,Damilola,Rejects Logged,17,Completed,
11/08/26,QC,Damilola,Reports Issued,41,Completed,
11/08/26,QC,Damilola,Rejects Logged,39,Completed,
11/08/26,QC,Eniola,Rejects Logged,47,Completed,
12/08/26,QC,Blessing,Inspections Completed,13,Completed,
12/08/26,QC,Blessing,Samples Tested,55,Completed,
12/08/26,QC,Blessing,Reports Issued,33,Completed,
12/08/26,QC,Chiamaka,Rejects Logged,52,Pending,
12/08/26,QC,Damilola,Reports Issued,29,Completed,
12/08/26,QC,Damilola,Reports Issued,57,Completed,
12/08/26,QC,Damilola,Reports Issued,14,Completed,
12/08/26,QC,Eniola,Samples Tested,48,Completed,
12/08/26,QC,Eniola,Inspections Completed,26,Completed,
13/08/26,QC,Blessing,Rejects Logged,43,In Progress,
13/08/26,QC,Blessing,Reports Issued,35,In Progress,
13/08/26,QC,Blessing,Rejects Logged,37,Pending,
13/08/26,QC,Chiamaka,Reports Issued,32,Completed,
13/08/26,QC,Chiamaka,Reports Issued,35,Completed,
13/08/26,QC,Damilola,Rejects Logged,16,Pending,
13/08/26,QC,Damilola,Inspections Completed,19,Completed,
13/08/26,QC,Eniola,Rejects Logged,40,Completed,
13/08/26,QC,Eniola,Samples Tested,11,In Progress,
13/08/26,QC,Eniola,Samples Tested,27,Completed,
14/08/26,QC,Blessing,Rejects Logged,53,Completed,
14/08/26,QC,Blessing,Inspections Completed,15,Completed,
14/08/26,QC,Chiamaka,Samples Tested,48,Completed,
14/08/26,QC,Damilola,Rejects Logged,20,Completed,
14/08/26,QC,Damilola,Rejects Logged,26,Completed,
14/08/26,QC,Damilola,Inspections Completed,39,Completed,
14/08/26,QC,Eniola,Inspections Completed,32,In Progress,
14/08/26,QC,Eniola,Inspections Completed,53,Completed,
17/08/26,QC,Blessing,Rejects Logged,33,Completed,
17/08/26,QC,Blessing,Samples Tested,23,Completed,
17/08/26,QC,Chiamaka,Inspections Completed,39,Completed,
17/08/26,QC,Chiamaka,Inspections Completed,11,Completed,
17/08/26,QC,Chiamaka,Rejects Logged,56,Completed,
17/08/26,QC,Damilola,Samples Tested,39,Completed,
17/08/26,QC,Eniola,Samples Tested,13,Completed,
17/08/26,QC,Eniola,Reports Issued,15,Completed,
17/08/26,QC,Eniola,Reports Issued,19,Completed,
18/08/26,QC,Blessing,Samples Tested,17,Completed,
18/08/26,QC,Blessing,Rejects Logged,15,Completed,
18/08/26,QC,Chiamaka,Reports Issued,25,Completed,
18/08/26,QC,Chiamaka,Inspections Completed,37,Completed,
18/08/26,QC,Damilola,Rejects Logged,39,Completed,
18/08/26,QC,Damilola,Samples Tested,26,Completed,
18/08/26,QC,Damilola,Samples Tested,35,Completed,
18/08/26,QC,Eniola,Rejects Logged,29,In Progress,
19/08/26,QC,Blessing,Samples Tested,21,Completed,
19/08/26,QC,Chiamaka,Inspections Completed,32,Completed,
19/08/26,QC,Chiamaka,Rejects Logged,31,Completed,
19/08/26,QC,Chiamaka,Inspections Completed,22,In Progress,
19/08/26,QC,Damilola,Rejects Logged,17,Completed,
19/08/26,QC,Eniola,Samples Tested,47,Pending,
20/08/26,QC,Blessing,Reports Issued,43,Completed,
20/08/26,QC,Chiamaka,Rejects Logged,24,Completed,
20/08/26,QC,Chiamaka,Samples Tested,22,Completed,
20/08/26,QC,Chiamaka,Samples Tested,45,Pending,
20/08/26,QC,Damilola,Inspections Completed,55,Completed,
20/08/26,QC,Damilola,Rejects Logged,26,Completed,
20/08/26,QC,Damilola,Reports Issued,37,Completed,
20/08/26,QC,Eniola,Samples Tested,32,Completed,
20/08/26,QC,Eniola,Samples Tested,53,Completed,
21/08/26,QC,Blessing,Samples Tested,31,Completed,
21/08/26,QC,Blessing,Reports Issued,58,Completed,
21/08/26,QC,Blessing,Reports Issued,28,Completed,
21/08/26,QC,Chiamaka,Rejects Logged,21,Completed,
21/08/26,QC,Chiamaka,Reports Issued,53,Completed,
21/08/26,QC,Damilola,Samples Tested,18,Completed,
21/08/26,QC,Damilola,Rejects Logged,25,Completed,
21/08/26,QC,Damilola,Reports Issued,47,Pending,
21/08/26,QC,Eniola,Samples Tested,37,Completed,
24/08/26,QC,Blessing,Reports Issued,21,Completed,
24/08/26,QC,Blessing,Reports Issued,23,Completed,
24/08/26,QC,Blessing,Samples Tested,32,Completed,
24/08/26,QC,Chiamaka,Reports Issued,56,Completed,
24/08/26,QC,Chiamaka,Rejects Logged,39,Completed,
24/08/26,QC,Damilola,Samples Tested,44,Completed,
24/08/26,QC,Damilola,Reports Issued,21,Completed,
24/08/26,QC,Damilola,Inspections Completed,49,Completed,
24/08/26,QC,Eniola,Reports Issued,57,Completed,
24/08/26,QC,Eniola,Rejects Logged,40,Completed,
25/08/26,QC,Blessing,Rejects Logged,44,Completed,
25/08/26,QC,Chiamaka,Rejects Logged,44,Completed,
25/08/26,QC,Chiamaka,Inspections Completed,23,Completed,
25/08/26,QC,Chiamaka,Reports Issued,56,Completed,
25/08/26,QC,Damilola,Rejects Logged,23,Completed,
25/08/26,QC,Eniola,Samples Tested,34,Completed,
25/08/26,QC,Eniola,Rejects Logged,42,Completed,
25/08/26,QC,Eniola,Reports Issued,55,Completed,
26/08/26,QC,Blessing,Reports Issued,34,Completed,
26/08/26,QC,Blessing,Reports Issued,12,Completed,
26/08/26,QC,Chiamaka,Samples Tested,43,Completed,
26/08/26,QC,Chiamaka,Rejects Logged,41,Completed,
26/08/26,QC,Chiamaka,Inspections Completed,44,Completed,
26/08/26,QC,Damilola,Reports Issued,42,Completed,
26/08/26,QC,Eniola,Reports Issued,42,Completed,
26/08/26,QC,Eniola,Samples Tested,59,Completed,
27/08/26,QC,Blessing,Inspections Completed,42,In Progress,
27/08/26,QC,Blessing,Reports Issued,53,Completed,
27/08/26,QC,Blessing,Samples Tested,16,In Progress,
27/08/26,QC,Chiamaka,Rejects Logged,47,Completed,
27/08/26,QC,Chiamaka,Samples Tested,35,Completed,
27/08/26,QC,Damilola,Samples Tested,24,Completed,
27/08/26,QC,Damilola,Rejects Logged,43,Completed,
27/08/26,QC,Damilola,Inspections Completed,31,Completed,
27/08/26,QC,Eniola,Inspections Completed,29,Completed,
27/08/26,QC,Eniola,Inspections Completed,56,Completed,
28/08/26,QC,Blessing,Samples Tested,60,Completed,
28/08/26,QC,Chiamaka,Rejects Logged,48,Pending,
28/08/26,QC,Chiamaka,Reports Issued,33,Completed,
28/08/26,QC,Chiamaka,Rejects Logged,19,Completed,
28/08/26,QC,Damilola,Inspections Completed,29,In Progress,
28/08/26,QC,Damilola,Rejects Logged,36,Completed,
28/08/26,QC,Damilola,Inspections Completed,58,Completed,
28/08/26,QC,Eniola,Rejects Logged,58,Completed,
31/08/26,QC,Blessing,Rejects Logged,53,Completed,
31/08/26,QC,Blessing,Reports Issued,36,Completed,
31/08/26,QC,Blessing,Inspections Completed,10,Completed,
31/08/26,QC,Chiamaka,Rejects Logged,18,Completed,
31/08/26,QC,Damilola,Inspections Completed,49,In Progress,
31/08/26,QC,Damilola,Samples Tested,21,Completed,
31/08/26,QC,Eniola,Samples Tested,37,Completed,
01/09/26,QC,Blessing,Rejects Logged,40,Completed,
01/09/26,QC,Blessing,Inspections Completed,47,Completed,
01/09/26,QC,Chiamaka,Samples Tested,18,Completed,
01/09/26,QC,Chiamaka,Reports Issued,18,Completed,
01/09/26,QC,Chiamaka,Rejects Logged,39,In Progress,
01/09/26,QC,Damilola,Inspections Completed,53,Completed,
01/09/26,QC,Eniola,Rejects Logged,17,Completed,
01/09/26,QC,Eniola,Rejects Logged,19,In Progress,
02/09/26,QC,Blessing,Rejects Logged,60,Completed,
02/09/26,QC,Blessing,Reports Issued,49,Completed,
02/09/26,QC,Blessing,Rejects Logged,31,Completed,
02/09/26,QC,Chiamaka,Inspections Completed,33,Completed,
02/09/26,QC,Chiamaka,Rejects Logged,55,Completed,
02/09/26,QC,Chiamaka,Samples Tested,26,Completed,
02/09/26,QC,Damilola,Rejects Logged,32,Completed,
02/09/26,QC,Eniola,Samples Tested,22,Completed,
02/09/26,QC,Eniola,Inspections Completed,43,Completed,
03/09/26,QC,Blessing,Samples Tested,47,Completed,
03/09/26,QC,Blessing,Reports Issued,59,Completed,
03/09/26,QC,Chiamaka,Inspections Completed,54,Completed,
03/09/26,QC,Damilola,Reports Issued,51,Completed,
03/09/26,QC,Eniola,Inspections Completed,18,In Progress,
03/09/26,QC,Eniola,Inspections Completed,16,Completed,
03/09/26,QC,Eniola,Rejects Logged,41,In Progress,
04/09/26,QC,Blessing,Samples Tested,60,Completed,
04/09/26,QC,Chiamaka,Samples Tested,36,Completed,
04/09/26,QC,Damilola,Samples Tested,26,Completed,
04/09/26,QC,Damilola,Inspections Completed,15,Completed,
04/09/26,QC,Damilola,Rejects Logged,18,Completed,
04/09/26,QC,Eniola,Inspections Completed,35,Completed,
04/09/26,QC,Eniola,Rejects Logged,54,Completed,
07/09/26,QC,Blessing,Rejects Logged,54,Completed,
07/09/26,QC,Blessing,Rejects Logged,10,Completed,
07/09/26,QC,Chiamaka,Samples Tested,37,Pending,
07/09/26,QC,Damilola,Reports Issued,32,Completed,
07/09/26,QC,Damilola,Reports Issued,29,In Progress,
07/09/26,QC,Damilola,Rejects Logged,56,Completed,
07/09/26,QC,Eniola,Samples Tested,36,Completed,
07/09/26,QC,Eniola,Reports Issued,54,Completed,
07/09/26,QC,Eniola,Inspections Completed,38,Completed,
08/09/26,QC,Blessing,Rejects Logged,56,Completed,
08/09/26,QC,Blessing,Inspections Completed,52,Completed,
08/09/26,QC,Blessing,Samples Tested,41,Completed,
08/09/26,QC,Chiamaka,Inspections Completed,41,In Progress,
08/09/26,QC,Damilola,Inspections Completed,32,Completed,
08/09/26,QC,Eniola,Rejects Logged,53,Completed,
08/09/26,QC,Eniola,Reports Issued,55,Completed,
08/09/26,QC,Eniola,Rejects Logged,45,Completed,
09/09/26,QC,Blessing,Inspections Completed,30,Completed,
09/09/26,QC,Blessing,Inspections Completed,58,Completed,
09/09/26,QC,Blessing,Inspections Completed,17,In Progress,
09/09/26,QC,Chiamaka,Rejects Logged,43,Completed,
09/09/26,QC,Chiamaka,Inspections Completed,48,Completed,
09/09/26,QC,Chiamaka,Samples Tested,34,Completed,
09/09/26,QC,Damilola,Rejects Logged,45,Completed,
09/09/26,QC,Eniola,Reports Issued,52,Completed,
09/09/26,QC,Eniola,Reports Issued,11,Completed,
09/09/26,QC,Eniola,Rejects Logged,34,Pending,
10/09/26,QC,Blessing,Inspections Completed,30,In Progress,
10/09/26,QC,Blessing,Reports Issued,28,Completed,
10/09/26,QC,Chiamaka,Samples Tested,49,Completed,
10/09/26,QC,Chiamaka,Rejects Logged,36,Completed,
10/09/26,QC,Damilola,Reports Issued,15,In Progress,
10/09/26,QC,Damilola,Reports Issued,38,Completed,
10/09/26,QC,Damilola,Rejects Logged,13,Completed,
10/09/26,QC,Eniola,Samples Tested,40,Completed,
10/09/26,QC,Eniola,Inspections Completed,60,Completed,
11/09/26,QC,Blessing,Samples Tested,54,Completed,
11/09/26,QC,Chiamaka,Reports Issued,35,Completed,
11/09/26,QC,Chiamaka,Samples Tested,33,Completed,
11/09/26,QC,Chiamaka,Inspections Completed,35,Completed,
11/09/26,QC,Damilola,Rejects Logged,15,Completed,
11/09/26,QC,Damilola,Reports Issued,48,Completed,
11/09/26,QC,Eniola,Samples Tested,30,Completed,
11/09/26,QC,Eniola,Samples Tested,20,Completed,
14/09/26,QC,Blessing,Samples Tested,47,Completed,
14/09/26,QC,Blessing,Reports Issued,31,Completed,
14/09/26,QC,Blessing,Rejects Logged,16,Pending,
14/09/26,QC,Chiamaka,Samples Tested,43,Completed,
14/09/26,QC,Damilola,Samples Tested,24,Completed,
14/09/26,QC,Damilola,Samples Tested,24,Completed,
14/09/26,QC,Damilola,Inspections Completed,11,Completed,
14/09/26,QC,Eniola,Rejects Logged,11,Completed,
14/09/26,QC,Eniola,Reports Issued,39,Completed,
15/09/26,QC,Blessing,Inspections Completed,24,Completed,
15/09/26,QC,Blessing,Rejects Logged,59,Completed,
15/09/26,QC,Blessing,Reports Issued,27,Completed,
15/09/26,QC,Chiamaka,Rejects Logged,31,Completed,
15/09/26,QC,Damilola,Rejects Logged,33,Completed,
15/09/26,QC,Eniola,Inspections Completed,13,In Progress,
15/09/26,QC,Eniola,Rejects Logged,60,Completed,
15/09/26,QC,Eniola,Reports Issued,32,Completed,
16/09/26,QC,Blessing,Reports Issued,40,Completed,
16/09/26,QC,Blessing,Inspections Completed,28,Completed,
16/09/26,QC,Blessing,Inspections Completed,29,Completed,
16/09/26,QC,Chiamaka,Rejects Logged,27,Completed,
16/09/26,QC,Damilola,Rejects Logged,20,Completed,
16/09/26,QC,Damilola,Samples Tested,27,Completed,
16/09/26,QC,Eniola,Reports Issued,26,Completed,
17/09/26,QC,Blessing,Rejects Logged,45,Pending,
17/09/26,QC,Blessing,Samples Tested,36,Completed,
17/09/26,QC,Blessing,Rejects Logged,26,Completed,
17/09/26,QC,Chiamaka,Rejects Logged,44,Pending,
17/09/26,QC,Chiamaka,Inspections Completed,36,Completed,
17/09/26,QC,Damilola,Rejects Logged,13,In Progress,
17/09/26,QC,Eniola,Inspections Completed,29,In Progress,
18/09/26,QC,Blessing,Inspections Completed,58,Completed,
18/09/26,QC,Blessing,Samples Tested,54,Completed,
18/09/26,QC,Blessing,Inspections Completed,31,Completed,
18/09/26,QC,Chiamaka,Reports Issued,27,Completed,
18/09/26,QC,Damilola,Reports Issued,14,Completed,
18/09/26,QC,Damilola,Reports Issued,34,Completed,
18/09/26,QC,Eniola,Samples Tested,52,Completed,
18/09/26,QC,Eniola,Reports Issued,11,Completed,
18/09/26,QC,Eniola,Reports Issued,23,Completed,
21/09/26,QC,Blessing,Reports Issued,54,Completed,
21/09/26,QC,Blessing,Inspections Completed,56,Completed,
21/09/26,QC,Blessing,Samples Tested,45,Completed,
21/09/26,QC,Chiamaka,Inspections Completed,17,Completed,
21/09/26,QC,Chiamaka,Reports Issued,40,Completed,
21/09/26,QC,Damilola,Samples Tested,43,Completed,
21/09/26,QC,Damilola,Rejects Logged,33,Completed,
21/09/26,QC,Damilola,Rejects Logged,10,Completed,
21/09/26,QC,Eniola,Samples Tested,28,Completed,
22/09/26,QC,Blessing,Samples Tested,45,Completed,
22/09/26,QC,Chiamaka,Reports Issued,50,Completed,
22/09/26,QC,Chiamaka,Rejects Logged,49,Completed,
22/09/26,QC,Chiamaka,Samples Tested,50,Completed,
22/09/26,QC,Damilola,Reports Issued,16,Completed,
22/09/26,QC,Eniola,Inspections Completed,45,In Progress,
23/09/26,QC,Blessing,Samples Tested,37,Completed,
23/09/26,QC,Blessing,Samples Tested,21,Completed,
23/09/26,QC,Blessing,Samples Tested,49,Completed,
23/09/26,QC,Chiamaka,Reports Issued,17,Completed,
23/09/26,QC,Chiamaka,Reports Issued,28,Completed,
23/09/26,QC,Damilola,Samples Tested,21,Completed,
23/09/26,QC,Eniola,Inspections Completed,16,Completed,
23/09/26,QC,Eniola,Inspections Completed,36,Completed,
24/09/26,QC,Blessing,Inspections Completed,60,Completed,
24/09/26,QC,Blessing,Inspections Completed,59,Completed,
24/09/26,QC,Blessing,Inspections Completed,41,Completed,
24/09/26,QC,Chiamaka,Reports Issued,42,Completed,
24/09/26,QC,Chiamaka,Reports Issued,36,Completed,
24/09/26,QC,Damilola,Rejects Logged,22,Completed,
24/09/26,QC,Damilola,Inspections Completed,33,Completed,
24/09/26,QC,Eniola,Inspections Completed,57,Completed,
25/09/26,QC,Blessing,Reports Issued,28,In Progress,
25/09/26,QC,Blessing,Rejects Logged,51,Completed,
25/09/26,QC,Blessing,Inspections Completed,29,Completed,
25/09/26,QC,Chiamaka,Samples Tested,32,Completed,
25/09/26,QC,Chiamaka,Inspections Completed,53,Completed,
25/09/26,QC,Chiamaka,Inspections Completed,24,Completed,
25/09/26,QC,Damilola,Reports Issued,17,Completed,
25/09/26,QC,Damilola,Samples Tested,19,Pending,
25/09/26,QC,Damilola,Reports Issued,39,Completed,
25/09/26,QC,Eniola,Samples Tested,13,Completed,
28/09/26,QC,Blessing,Reports Issued,55,Completed,
28/09/26,QC,Blessing,Rejects Logged,39,In Progress,
28/09/26,QC,Blessing,Samples Tested,27,Completed,
28/09/26,QC,Chiamaka,Samples Tested,14,Completed,
28/09/26,QC,Chiamaka,Samples Tested,36,Completed,
28/09/26,QC,Chiamaka,Reports Issued,53,In Progress,
28/09/26,QC,Damilola,Samples Tested,12,Completed,
28/09/26,QC,Damilola,Rejects Logged,39,Completed,
28/09/26,QC,Eniola,Reports Issued,37,Completed,
28/09/26,QC,Eniola,Rejects Logged,33,Completed,
28/09/26,QC,Eniola,Reports Issued,40,In Progress,
29/09/26,QC,Blessing,Samples Tested,22,Completed,
29/09/26,QC,Blessing,Inspections Completed,19,Completed,
29/09/26,QC,Blessing,Samples Tested,27,Pending,
29/09/26,QC,Chiamaka,Inspections Completed,53,Pending,
29/09/26,QC,Damilola,Rejects Logged,10,Completed,
29/09/26,QC,Damilola,Samples Tested,15,Completed,
29/09/26,QC,Damilola,Reports Issued,54,Completed,
29/09/26,QC,Eniola,Rejects Logged,37,Completed,
29/09/26,QC,Eniola,Reports Issued,27,Completed,
01/07/26,Vault,Folake,Stock Reconciliations,33,In Progress,
01/07/26,Vault,Folake,Items Received,37,Completed,
01/07/26,Vault,Folake,Items Received,16,Completed,
01/07/26,Vault,Gbenga,Items Received,20,Completed,
01/07/26,Vault,Halima,Items Received,29,Completed,
01/07/26,Vault,Halima,Stock Reconciliations,17,Completed,
02/07/26,Vault,Folake,Stock Reconciliations,9,Completed,
02/07/26,Vault,Folake,Items Received,10,Completed,
02/07/26,Vault,Gbenga,Items Received,37,Completed,
02/07/26,Vault,Gbenga,Items Received,16,Completed,
02/07/26,Vault,Gbenga,Destruction Records,14,Completed,
02/07/26,Vault,Halima,Items Received,6,Completed,
02/07/26,Vault,Halima,Destruction Records,25,Completed,
02/07/26,Vault,Halima,Items Received,5,Completed,
03/07/26,Vault,Folake,Destruction Records,24,Completed,
03/07/26,Vault,Folake,Stock Reconciliations,16,Completed,
03/07/26,Vault,Folake,Stock Reconciliations,25,Completed,
03/07/26,Vault,Gbenga,Stock Reconciliations,26,Completed,
03/07/26,Vault,Halima,Items Received,35,In Progress,
03/07/26,Vault,Halima,Items Issued,29,Completed,
06/07/26,Vault,Folake,Stock Reconciliations,24,Completed,
06/07/26,Vault,Gbenga,Stock Reconciliations,17,Completed,
06/07/26,Vault,Halima,Items Issued,10,Completed,
06/07/26,Vault,Halima,Items Issued,5,Completed,
06/07/26,Vault,Halima,Stock Reconciliations,14,Completed,
07/07/26,Vault,Folake,Destruction Records,8,Completed,
07/07/26,Vault,Gbenga,Items Issued,27,Completed,
07/07/26,Vault,Gbenga,Items Received,19,In Progress,
07/07/26,Vault,Gbenga,Items Issued,26,Completed,
07/07/26,Vault,Halima,Stock Reconciliations,37,Completed,
07/07/26,Vault,Halima,Items Issued,30,Completed,
07/07/26,Vault,Halima,Items Issued,27,Completed,
08/07/26,Vault,Folake,Items Received,34,Completed,
08/07/26,Vault,Folake,Destruction Records,35,Completed,
08/07/26,Vault,Gbenga,Destruction Records,5,Completed,
08/07/26,Vault,Halima,Items Issued,28,Completed,
09/07/26,Vault,Folake,Destruction Records,22,Completed,
09/07/26,Vault,Folake,Items Received,6,Completed,
09/07/26,Vault,Gbenga,Destruction Records,30,Completed,
09/07/26,Vault,Halima,Stock Reconciliations,36,Completed,
10/07/26,Vault,Folake,Stock Reconciliations,36,Completed,
10/07/26,Vault,Folake,Items Issued,23,Completed,
10/07/26,Vault,Folake,Items Issued,14,Completed,
10/07/26,Vault,Gbenga,Items Issued,28,In Progress,
10/07/26,Vault,Halima,Destruction Records,17,In Progress,
10/07/26,Vault,Halima,Items Received,12,Completed,
13/07/26,Vault,Folake,Stock Reconciliations,34,Completed,
13/07/26,Vault,Gbenga,Stock Reconciliations,29,Completed,
13/07/26,Vault,Halima,Stock Reconciliations,20,Completed,
13/07/26,Vault,Halima,Items Received,28,Completed,
13/07/26,Vault,Halima,Stock Reconciliations,40,Completed,
14/07/26,Vault,Folake,Items Received,20,Completed,
14/07/26,Vault,Gbenga,Items Received,36,Completed,
14/07/26,Vault,Gbenga,Stock Reconciliations,33,Completed,
14/07/26,Vault,Halima,Items Issued,19,Completed,
14/07/26,Vault,Halima,Destruction Records,33,Completed,
15/07/26,Vault,Folake,Items Received,37,Completed,
15/07/26,Vault,Folake,Stock Reconciliations,30,Completed,
15/07/26,Vault,Gbenga,Items Issued,32,Completed,
15/07/26,Vault,Halima,Items Issued,27,Completed,
16/07/26,Vault,Folake,Destruction Records,30,Completed,
16/07/26,Vault,Folake,Items Received,14,Completed,
16/07/26,Vault,Folake,Items Received,31,Completed,
16/07/26,Vault,Gbenga,Destruction Records,35,Completed,
16/07/26,Vault,Gbenga,Items Issued,34,Completed,
16/07/26,Vault,Halima,Items Received,14,Completed,
16/07/26,Vault,Halima,Stock Reconciliations,15,Pending,
17/07/26,Vault,Folake,Destruction Records,20,Completed,
17/07/26,Vault,Folake,Items Received,30,Completed,
17/07/26,Vault,Gbenga,Items Issued,30,Completed,
17/07/26,Vault,Gbenga,Items Received,9,Completed,
17/07/26,Vault,Gbenga,Items Issued,23,Completed,
17/07/26,Vault,Halima,Items Issued,30,Completed,
17/07/26,Vault,Halima,Destruction Records,9,Completed,
20/07/26,Vault,Folake,Destruction Records,18,Completed,
20/07/26,Vault,Folake,Destruction Records,6,Completed,
20/07/26,Vault,Gbenga,Stock Reconciliations,6,Completed,
20/07/26,Vault,Gbenga,Destruction Records,40,Completed,
20/07/26,Vault,Halima,Items Received,18,Completed,
20/07/26,Vault,Halima,Destruction Records,16,Completed,
20/07/26,Vault,Halima,Items Issued,21,Completed,
21/07/26,Vault,Folake,Destruction Records,14,Completed,
21/07/26,Vault,Gbenga,Destruction Records,7,Completed,
21/07/26,Vault,Gbenga,Items Issued,37,Completed,
21/07/26,Vault,Gbenga,Items Received,7,In Progress,
21/07/26,Vault,Halima,Items Received,12,Completed,
21/07/26,Vault,Halima,Items Received,13,Completed,
22/07/26,Vault,Folake,Items Issued,26,Completed,
22/07/26,Vault,Folake,Destruction Records,36,Completed,
22/07/26,Vault,Folake,Stock Reconciliations,19,In Progress,
22/07/26,Vault,Gbenga,Stock Reconciliations,15,Completed,
22/07/26,Vault,Gbenga,Destruction Records,18,Completed,
22/07/26,Vault,Halima,Stock Reconciliations,28,Completed,
22/07/26,Vault,Halima,Items Received,16,Completed,
23/07/26,Vault,Folake,Items Received,17,Completed,
23/07/26,Vault,Gbenga,Destruction Records,19,Completed,
23/07/26,Vault,Gbenga,Items Received,33,Completed,
23/07/26,Vault,Halima,Destruction Records,10,Completed,
23/07/26,Vault,Halima,Items Issued,21,Completed,
24/07/26,Vault,Folake,Items Received,31,Completed,
24/07/26,Vault,Gbenga,Destruction Records,27,Completed,
24/07/26,Vault,Gbenga,Items Issued,19,Completed,
24/07/26,Vault,Halima,Stock Reconciliations,21,Completed,
24/07/26,Vault,Halima,Destruction Records,23,Pending,
27/07/26,Vault,Folake,Items Received,11,Pending,
27/07/26,Vault,Gbenga,Destruction Records,22,Completed,
27/07/26,Vault,Gbenga,Items Received,7,Completed,
27/07/26,Vault,Gbenga,Items Received,7,Completed,
27/07/26,Vault,Halima,Items Received,17,In Progress,
27/07/26,Vault,Halima,Stock Reconciliations,38,Completed,
27/07/26,Vault,Halima,Destruction Records,30,Completed,
28/07/26,Vault,Folake,Stock Reconciliations,39,Completed,
28/07/26,Vault,Folake,Destruction Records,31,In Progress,
28/07/26,Vault,Folake,Items Received,16,In Progress,
28/07/26,Vault,Gbenga,Items Issued,8,Completed,
28/07/26,Vault,Halima,Destruction Records,34,Pending,
28/07/26,Vault,Halima,Items Issued,14,In Progress,
29/07/26,Vault,Folake,Destruction Records,8,Completed,
29/07/26,Vault,Folake,Items Issued,32,Completed,
29/07/26,Vault,Folake,Destruction Records,33,Completed,
29/07/26,Vault,Gbenga,Stock Reconciliations,31,Pending,
29/07/26,Vault,Gbenga,Destruction Records,38,Completed,
29/07/26,Vault,Halima,Destruction Records,24,Completed,
29/07/26,Vault,Halima,Stock Reconciliations,10,In Progress,
29/07/26,Vault,Halima,Stock Reconciliations,15,Completed,
30/07/26,Vault,Folake,Stock Reconciliations,28,Completed,
30/07/26,Vault,Gbenga,Stock Reconciliations,5,Completed,
30/07/26,Vault,Halima,Items Issued,27,Completed,
30/07/26,Vault,Halima,Stock Reconciliations,26,Completed,
30/07/26,Vault,Halima,Stock Reconciliations,18,Completed,
31/07/26,Vault,Folake,Items Issued,7,Completed,
31/07/26,Vault,Folake,Stock Reconciliations,9,Completed,
31/07/26,Vault,Gbenga,Items Issued,16,Completed,
31/07/26,Vault,Halima,Destruction Records,18,Completed,
31/07/26,Vault,Halima,Destruction Records,21,Completed,
31/07/26,Vault,Halima,Items Issued,18,Completed,
03/08/26,Vault,Folake,Destruction Records,17,Completed,
03/08/26,Vault,Gbenga,Items Received,25,Completed,
03/08/26,Vault,Halima,Destruction Records,32,Completed,
03/08/26,Vault,Halima,Destruction Records,40,Completed,
04/08/26,Vault,Folake,Stock Reconciliations,24,Completed,
04/08/26,Vault,Gbenga,Stock Reconciliations,26,In Progress,
04/08/26,Vault,Gbenga,Destruction Records,27,Pending,
04/08/26,Vault,Halima,Items Issued,35,Completed,
04/08/26,Vault,Halima,Items Issued,8,Completed,
05/08/26,Vault,Folake,Destruction Records,32,Completed,
05/08/26,Vault,Folake,Stock Reconciliations,26,In Progress,
05/08/26,Vault,Gbenga,Destruction Records,25,Completed,
05/08/26,Vault,Gbenga,Destruction Records,37,Completed,
05/08/26,Vault,Halima,Items Issued,17,Completed,
05/08/26,Vault,Halima,Items Issued,29,Completed,
06/08/26,Vault,Folake,Stock Reconciliations,31,Completed,
06/08/26,Vault,Folake,Items Received,35,Completed,
06/08/26,Vault,Gbenga,Items Issued,12,Completed,
06/08/26,Vault,Gbenga,Items Issued,14,Completed,
06/08/26,Vault,Halima,Stock Reconciliations,34,In Progress,
07/08/26,Vault,Folake,Stock Reconciliations,15,Completed,
07/08/26,Vault,Folake,Items Received,16,Completed,
07/08/26,Vault,Gbenga,Items Received,14,Completed,
07/08/26,Vault,Gbenga,Stock Reconciliations,30,Completed,
07/08/26,Vault,Gbenga,Items Received,28,In Progress,
07/08/26,Vault,Halima,Stock Reconciliations,24,Completed,
07/08/26,Vault,Halima,Destruction Records,15,Completed,
07/08/26,Vault,Halima,Items Issued,27,Completed,
10/08/26,Vault,Folake,Items Issued,26,In Progress,
10/08/26,Vault,Gbenga,Destruction Records,11,Completed,
10/08/26,Vault,Gbenga,Items Issued,5,Completed,
10/08/26,Vault,Halima,Destruction Records,20,Completed,
10/08/26,Vault,Halima,Destruction Records,22,Completed,
11/08/26,Vault,Folake,Items Issued,15,Completed,
11/08/26,Vault,Gbenga,Stock Reconciliations,39,Completed,
11/08/26,Vault,Halima,Destruction Records,21,Completed,
12/08/26,Vault,Folake,Items Received,36,Completed,
12/08/26,Vault,Folake,Items Received,13,Completed,
12/08/26,Vault,Gbenga,Stock Reconciliations,7,Completed,
12/08/26,Vault,Gbenga,Destruction Records,18,In Progress,
12/08/26,Vault,Gbenga,Items Received,13,Completed,
12/08/26,Vault,Halima,Stock Reconciliations,22,Completed,
12/08/26,Vault,Halima,Items Issued,18,Completed,
12/08/26,Vault,Halima,Destruction Records,13,Completed,
13/08/26,Vault,Folake,Items Received,13,Completed,
13/08/26,Vault,Folake,Destruction Records,6,Completed,
13/08/26,Vault,Gbenga,Items Received,5,Completed,
13/08/26,Vault,Gbenga,Destruction Records,39,Completed,
13/08/26,Vault,Halima,Destruction Records,10,Completed,
14/08/26,Vault,Folake,Stock Reconciliations,22,Completed,
14/08/26,Vault,Folake,Destruction Records,33,Completed,
14/08/26,Vault,Folake,Stock Reconciliations,13,Completed,
14/08/26,Vault,Gbenga,Stock Reconciliations,19,Completed,
14/08/26,Vault,Halima,Items Issued,15,Completed,
14/08/26,Vault,Halima,Items Issued,19,Completed,
17/08/26,Vault,Folake,Destruction Records,19,Completed,
17/08/26,Vault,Folake,Stock Reconciliations,37,Completed,
17/08/26,Vault,Gbenga,Destruction Records,39,In Progress,
17/08/26,Vault,Halima,Destruction Records,11,Completed,
18/08/26,Vault,Folake,Destruction Records,20,Completed,
18/08/26,Vault,Folake,Stock Reconciliations,24,Completed,
18/08/26,Vault,Folake,Stock Reconciliations,7,Completed,
18/08/26,Vault,Gbenga,Destruction Records,33,Completed,
18/08/26,Vault,Gbenga,Stock Reconciliations,11,Completed,
18/08/26,Vault,Halima,Items Issued,24,Completed,
18/08/26,Vault,Halima,Items Received,7,Completed,
19/08/26,Vault,Folake,Items Issued,29,Completed,
19/08/26,Vault,Folake,Stock Reconciliations,22,Pending,
19/08/26,Vault,Gbenga,Stock Reconciliations,37,Completed,
19/08/26,Vault,Gbenga,Items Received,25,Completed,
19/08/26,Vault,Halima,Items Issued,22,Completed,
19/08/26,Vault,Halima,Destruction Records,31,Completed,
20/08/26,Vault,Folake,Stock Reconciliations,23,Completed,
20/08/26,Vault,Gbenga,Items Received,8,In Progress,
20/08/26,Vault,Gbenga,Stock Reconciliations,26,Completed,
20/08/26,Vault,Gbenga,Items Received,27,Completed,
20/08/26,Vault,Halima,Destruction Records,7,Completed,
20/08/26,Vault,Halima,Destruction Records,11,Completed,
21/08/26,Vault,Folake,Items Issued,20,Completed,
21/08/26,Vault,Gbenga,Items Received,36,Completed,
21/08/26,Vault,Gbenga,Items Issued,13,Completed,
21/08/26,Vault,Halima,Items Received,23,Completed,
21/08/26,Vault,Halima,Items Received,14,In Progress,
21/08/26,Vault,Halima,Stock Reconciliations,9,In Progress,
24/08/26,Vault,Folake,Stock Reconciliations,30,Completed,
24/08/26,Vault,Folake,Stock Reconciliations,39,Completed,
24/08/26,Vault,Gbenga,Destruction Records,31,Completed,
24/08/26,Vault,Gbenga,Items Received,7,Completed,
24/08/26,Vault,Gbenga,Stock Reconciliations,20,Completed,
24/08/26,Vault,Halima,Stock Reconciliations,29,Completed,
24/08/26,Vault,Halima,Destruction Records,33,Completed,
24/08/26,Vault,Halima,Destruction Records,12,Completed,
25/08/26,Vault,Folake,Items Issued,6,Completed,
25/08/26,Vault,Folake,Destruction Records,12,Completed,
25/08/26,Vault,Gbenga,Items Received,38,Completed,
25/08/26,Vault,Gbenga,Items Received,5,Completed,
25/08/26,Vault,Halima,Destruction Records,30,Completed,
26/08/26,Vault,Folake,Items Issued,39,In Progress,
26/08/26,Vault,Folake,Stock Reconciliations,20,Completed,
26/08/26,Vault,Gbenga,Destruction Records,39,Completed,
26/08/26,Vault,Gbenga,Stock Reconciliations,18,Completed,
26/08/26,Vault,Gbenga,Items Received,23,Completed,
26/08/26,Vault,Halima,Items Issued,23,Completed,
26/08/26,Vault,Halima,Items Received,30,Completed,
27/08/26,Vault,Folake,Items Received,7,Completed,
27/08/26,Vault,Folake,Items Received,39,Completed,
27/08/26,Vault,Gbenga,Destruction Records,36,Completed,
27/08/26,Vault,Gbenga,Destruction Records,20,Completed,
27/08/26,Vault,Halima,Items Received,26,Completed,
27/08/26,Vault,Halima,Destruction Records,11,Completed,
28/08/26,Vault,Folake,Items Received,9,Completed,
28/08/26,Vault,Gbenga,Items Issued,27,In Progress,
28/08/26,Vault,Gbenga,Items Received,33,Completed,
28/08/26,Vault,Gbenga,Items Received,20,Completed,
28/08/26,Vault,Halima,Stock Reconciliations,35,Completed,
28/08/26,Vault,Halima,Items Received,21,Completed,
28/08/26,Vault,Halima,Destruction Records,14,Completed,
31/08/26,Vault,Folake,Items Received,8,Completed,
31/08/26,Vault,Folake,Items Received,27,Completed,
31/08/26,Vault,Folake,Destruction Records,40,Completed,
31/08/26,Vault,Gbenga,Items Received,29,Completed,
31/08/26,Vault,Gbenga,Destruction Records,19,Completed,
31/08/26,Vault,Halima,Items Issued,33,Completed,
01/09/26,Vault,Folake,Items Issued,6,In Progress,
01/09/26,Vault,Gbenga,Stock Reconciliations,34,Completed,
01/09/26,Vault,Gbenga,Stock Reconciliations,16,Completed,
01/09/26,Vault,Halima,Items Received,10,Completed,
01/09/26,Vault,Halima,Stock Reconciliations,6,Completed,
01/09/26,Vault,Halima,Destruction Records,6,Completed,
02/09/26,Vault,Folake,Items Received,38,Completed,
02/09/26,Vault,Folake,Items Received,19,In Progress,
02/09/26,Vault,Gbenga,Stock Reconciliations,29,Completed,
02/09/26,Vault,Gbenga,Stock Reconciliations,11,Completed,
02/09/26,Vault,Halima,Destruction Records,28,Completed,
02/09/26,Vault,Halima,Items Received,29,Completed,
03/09/26,Vault,Folake,Destruction Records,28,Completed,
03/09/26,Vault,Folake,Destruction Records,37,Completed,
03/09/26,Vault,Folake,Items Issued,36,Completed,
03/09/26,Vault,Gbenga,Stock Reconciliations,38,In Progress,
03/09/26,Vault,Halima,Destruction Records,40,Completed,
03/09/26,Vault,Halima,Items Received,27,Completed,
04/09/26,Vault,Folake,Items Received,6,Completed,
04/09/26,Vault,Folake,Items Received,39,Completed,
04/09/26,Vault,Folake,Items Issued,6,Completed,
04/09/26,Vault,Gbenga,Stock Reconciliations,39,Completed,
04/09/26,Vault,Gbenga,Items Received,23,Completed,
04/09/26,Vault,Gbenga,Items Issued,15,Completed,
04/09/26,Vault,Halima,Destruction Records,16,Completed,
07/09/26,Vault,Folake,Items Issued,35,Completed,
07/09/26,Vault,Folake,Items Issued,36,Completed,
07/09/26,Vault,Gbenga,Items Received,22,Completed,
07/09/26,Vault,Gbenga,Stock Reconciliations,14,Completed,
07/09/26,Vault,Halima,Destruction Records,40,Completed,
07/09/26,Vault,Halima,Items Issued,8,In Progress,
07/09/26,Vault,Halima,Destruction Records,20,Completed,
08/09/26,Vault,Folake,Stock Reconciliations,14,Completed,
08/09/26,Vault,Folake,Items Received,20,Completed,
08/09/26,Vault,Gbenga,Items Received,32,Completed,
08/09/26,Vault,Gbenga,Destruction Records,18,Completed,
08/09/26,Vault,Gbenga,Items Issued,6,Completed,
08/09/26,Vault,Halima,Stock Reconciliations,37,Completed,
08/09/26,Vault,Halima,Items Issued,18,Pending,
09/09/26,Vault,Folake,Destruction Records,39,In Progress,
09/09/26,Vault,Folake,Items Received,5,Completed,
09/09/26,Vault,Gbenga,Items Issued,26,Completed,
09/09/26,Vault,Gbenga,Destruction Records,26,Completed,
09/09/26,Vault,Gbenga,Items Received,30,Completed,
09/09/26,Vault,Halima,Stock Reconciliations,37,Completed,
09/09/26,Vault,Halima,Stock Reconciliations,22,Completed,
10/09/26,Vault,Folake,Destruction Records,17,Pending,
10/09/26,Vault,Folake,Destruction Records,24,Completed,
10/09/26,Vault,Folake,Destruction Records,37,Completed,
10/09/26,Vault,Gbenga,Destruction Records,36,Completed,
10/09/26,Vault,Gbenga,Destruction Records,32,Completed,
10/09/26,Vault,Halima,Items Issued,12,Completed,
10/09/26,Vault,Halima,Stock Reconciliations,19,Completed,
10/09/26,Vault,Halima,Stock Reconciliations,9,Completed,
11/09/26,Vault,Folake,Items Received,35,Completed,
11/09/26,Vault,Folake,Destruction Records,13,Completed,
11/09/26,Vault,Gbenga,Stock Reconciliations,17,Completed,
11/09/26,Vault,Gbenga,Destruction Records,20,Completed,
11/09/26,Vault,Halima,Items Issued,38,Completed,
11/09/26,Vault,Halima,Items Received,16,Completed,
11/09/26,Vault,Halima,Items Received,26,Completed,
14/09/26,Vault,Folake,Items Issued,10,In Progress,
14/09/26,Vault,Folake,Items Received,5,Completed,
14/09/26,Vault,Gbenga,Items Received,27,Completed,
14/09/26,Vault,Halima,Destruction Records,5,In Progress,
14/09/26,Vault,Halima,Items Issued,36,Completed,
15/09/26,Vault,Folake,Items Issued,8,Completed,
15/09/26,Vault,Folake,Items Received,25,Completed,
15/09/26,Vault,Folake,Items Issued,22,Completed,
15/09/26,Vault,Gbenga,Items Received,36,Completed,
15/09/26,Vault,Gbenga,Destruction Records,15,Pending,
15/09/26,Vault,Halima,Items Issued,26,In Progress,
15/09/26,Vault,Halima,Items Issued,35,Completed,
16/09/26,Vault,Folake,Items Received,15,Completed,
16/09/26,Vault,Folake,Destruction Records,28,Completed,
16/09/26,Vault,Folake,Destruction Records,12,Completed,
16/09/26,Vault,Gbenga,Destruction Records,14,Completed,
16/09/26,Vault,Gbenga,Destruction Records,23,Completed,
16/09/26,Vault,Halima,Destruction Records,38,Completed,
17/09/26,Vault,Folake,Stock Reconciliations,21,In Progress,
17/09/26,Vault,Folake,Stock Reconciliations,14,In Progress,
17/09/26,Vault,Gbenga,Destruction Records,30,Completed,
17/09/26,Vault,Gbenga,Items Issued,12,Completed,
17/09/26,Vault,Halima,Items Issued,5,Completed,
18/09/26,Vault,Folake,Stock Reconciliations,32,Completed,
18/09/26,Vault,Folake,Items Received,9,Completed,
18/09/26,Vault,Folake,Items Received,35,Completed,
18/09/26,Vault,Gbenga,Items Received,28,Completed,
18/09/26,Vault,Gbenga,Items Issued,33,Completed,
18/09/26,Vault,Gbenga,Items Issued,22,Completed,
18/09/26,Vault,Halima,Destruction Records,32,Completed,
18/09/26,Vault,Halima,Destruction Records,28,In Progress,
18/09/26,Vault,Halima,Items Received,17,Completed,
21/09/26,Vault,Folake,Items Received,9,Completed,
21/09/26,Vault,Folake,Stock Reconciliations,37,Completed,
21/09/26,Vault,Gbenga,Items Issued,37,Pending,
21/09/26,Vault,Gbenga,Items Received,10,Completed,
21/09/26,Vault,Halima,Items Received,13,Completed,
21/09/26,Vault,Halima,Items Issued,38,Completed,
22/09/26,Vault,Folake,Stock Reconciliations,21,Completed,
22/09/26,Vault,Folake,Stock Reconciliations,17,Completed,
22/09/26,Vault,Folake,Stock Reconciliations,18,Completed,
22/09/26,Vault,Gbenga,Items Issued,14,In Progress,
22/09/26,Vault,Halima,Destruction Records,15,Completed,
23/09/26,Vault,Folake,Destruction Records,15,Completed,
23/09/26,Vault,Folake,Stock Reconciliations,23,Pending,
23/09/26,Vault,Gbenga,Items Issued,39,Completed,
23/09/26,Vault,Halima,Stock Reconciliations,38,Completed,
23/09/26,Vault,Halima,Destruction Records,33,Completed,
24/09/26,Vault,Folake,Destruction Records,30,Completed,
24/09/26,Vault,Folake,Destruction Records,36,Completed,
24/09/26,Vault,Folake,Items Issued,29,Completed,
24/09/26,Vault,Gbenga,Destruction Records,12,Completed,
24/09/26,Vault,Halima,Items Issued,14,Completed,
24/09/26,Vault,Halima,Items Received,22,Completed,
25/09/26,Vault,Folake,Destruction Records,12,Completed,
25/09/26,Vault,Folake,Items Received,32,Completed,
25/09/26,Vault,Folake,Destruction Records,25,Pending,
25/09/26,Vault,Gbenga,Stock Reconciliations,28,Completed,
25/09/26,Vault,Gbenga,Stock Reconciliations,17,Completed,
25/09/26,Vault,Gbenga,Destruction Records,17,In Progress,
25/09/26,Vault,Halima,Items Received,31,Completed,
25/09/26,Vault,Halima,Destruction Records,36,Completed,
28/09/26,Vault,Folake,Items Received,35,Completed,
28/09/26,Vault,Folake,Stock Reconciliations,14,Completed,
28/09/26,Vault,Folake,Items Issued,34,Completed,
28/09/26,Vault,Gbenga,Items Issued,29,Pending,
28/09/26,Vault,Gbenga,Stock Reconciliations,19,Completed,
28/09/26,Vault,Gbenga,Stock Reconciliations,22,Completed,
28/09/26,Vault,Halima,Stock Reconciliations,22,Completed,
28/09/26,Vault,Halima,Stock Reconciliations,38,Completed,
29/09/26,Vault,Folake,Stock Reconciliations,16,Completed,
29/09/26,Vault,Folake,Destruction Records,25,Completed,
29/09/26,Vault,Gbenga,Items Received,30,Completed,
29/09/26,Vault,Gbenga,Items Issued,5,Completed,
29/09/26,Vault,Gbenga,Items Issued,19,Completed,
29/09/26,Vault,Halima,Items Received,9,Completed,
29/09/26,Vault,Halima,Destruction Records,34,Completed,
29/09/26,Vault,Halima,Items Issued,39,Pending,
01/07/26,Fulfillment,Ifeanyi,Dispatches Made,79,Completed,
01/07/26,Fulfillment,Ifeanyi,Dispatches Made,20,Completed,
01/07/26,Fulfillment,Jide,Deliveries Confirmed,85,Completed,
01/07/26,Fulfillment,Jide,Orders Packed,61,Completed,
01/07/26,Fulfillment,Kunle,Deliveries Confirmed,90,Completed,
01/07/26,Fulfillment,Kunle,Deliveries Confirmed,50,Completed,
01/07/26,Fulfillment,Kunle,Returns Processed,59,Completed,
01/07/26,Fulfillment,Lara,Deliveries Confirmed,20,Completed,
01/07/26,Fulfillment,Lara,Returns Processed,106,Completed,
01/07/26,Fulfillment,Mide,Returns Processed,65,Completed,
01/07/26,Fulfillment,Mide,Returns Processed,84,Completed,
02/07/26,Fulfillment,Ifeanyi,Returns Processed,36,Completed,
02/07/26,Fulfillment,Jide,Deliveries Confirmed,44,Completed,
02/07/26,Fulfillment,Jide,Dispatches Made,46,Completed,
02/07/26,Fulfillment,Kunle,Returns Processed,31,Completed,
02/07/26,Fulfillment,Lara,Dispatches Made,76,Completed,
02/07/26,Fulfillment,Lara,Dispatches Made,118,Completed,
02/07/26,Fulfillment,Lara,Orders Packed,40,Completed,
02/07/26,Fulfillment,Mide,Orders Packed,37,Completed,
02/07/26,Fulfillment,Mide,Deliveries Confirmed,69,Completed,
02/07/26,Fulfillment,Mide,Orders Packed,89,In Progress,
03/07/26,Fulfillment,Ifeanyi,Orders Packed,45,Completed,
03/07/26,Fulfillment,Ifeanyi,Deliveries Confirmed,95,Completed,
03/07/26,Fulfillment,Jide,Orders Packed,102,Completed,
03/07/26,Fulfillment,Jide,Dispatches Made,112,Completed,
03/07/26,Fulfillment,Jide,Returns Processed,120,Completed,
03/07/26,Fulfillment,Kunle,Returns Processed,119,Completed,
03/07/26,Fulfillment,Kunle,Deliveries Confirmed,115,Completed,
03/07/26,Fulfillment,Lara,Returns Processed,76,Completed,
03/07/26,Fulfillment,Lara,Returns Processed,99,Completed,
03/07/26,Fulfillment,Mide,Deliveries Confirmed,64,Completed,
03/07/26,Fulfillment,Mide,Orders Packed,101,In Progress,
03/07/26,Fulfillment,Mide,Dispatches Made,66,Completed,
06/07/26,Fulfillment,Ifeanyi,Returns Processed,52,In Progress,
06/07/26,Fulfillment,Jide,Returns Processed,86,Completed,
06/07/26,Fulfillment,Jide,Orders Packed,96,Completed,
06/07/26,Fulfillment,Kunle,Dispatches Made,103,Completed,
06/07/26,Fulfillment,Lara,Orders Packed,77,Completed,
06/07/26,Fulfillment,Lara,Dispatches Made,64,Completed,
06/07/26,Fulfillment,Mide,Deliveries Confirmed,94,Completed,
07/07/26,Fulfillment,Ifeanyi,Returns Processed,102,Completed,
07/07/26,Fulfillment,Jide,Deliveries Confirmed,92,Completed,
07/07/26,Fulfillment,Kunle,Deliveries Confirmed,94,In Progress,
07/07/26,Fulfillment,Kunle,Orders Packed,76,Completed,
07/07/26,Fulfillment,Lara,Orders Packed,105,Completed,
07/07/26,Fulfillment,Lara,Returns Processed,107,Completed,
07/07/26,Fulfillment,Mide,Deliveries Confirmed,21,Completed,
07/07/26,Fulfillment,Mide,Orders Packed,47,Completed,
08/07/26,Fulfillment,Ifeanyi,Returns Processed,22,Completed,
08/07/26,Fulfillment,Jide,Deliveries Confirmed,72,Completed,
08/07/26,Fulfillment,Jide,Deliveries Confirmed,34,Completed,
08/07/26,Fulfillment,Jide,Orders Packed,56,Completed,
08/07/26,Fulfillment,Kunle,Orders Packed,55,Pending,
08/07/26,Fulfillment,Lara,Dispatches Made,73,Completed,
08/07/26,Fulfillment,Mide,Dispatches Made,118,In Progress,
08/07/26,Fulfillment,Mide,Deliveries Confirmed,103,Completed,
09/07/26,Fulfillment,Ifeanyi,Orders Packed,105,Completed,
09/07/26,Fulfillment,Ifeanyi,Returns Processed,25,Completed,
09/07/26,Fulfillment,Jide,Returns Processed,104,Completed,
09/07/26,Fulfillment,Jide,Orders Packed,22,Completed,
09/07/26,Fulfillment,Kunle,Orders Packed,118,Completed,
09/07/26,Fulfillment,Kunle,Orders Packed,71,Completed,
09/07/26,Fulfillment,Lara,Returns Processed,110,Completed,
09/07/26,Fulfillment,Lara,Returns Processed,114,Completed,
09/07/26,Fulfillment,Mide,Dispatches Made,76,Completed,
09/07/26,Fulfillment,Mide,Dispatches Made,65,Completed,
10/07/26,Fulfillment,Ifeanyi,Returns Processed,27,Completed,
10/07/26,Fulfillment,Ifeanyi,Orders Packed,48,Pending,
10/07/26,Fulfillment,Ifeanyi,Orders Packed,70,Completed,
10/07/26,Fulfillment,Jide,Orders Packed,24,Completed,
10/07/26,Fulfillment,Kunle,Returns Processed,45,Completed,
10/07/26,Fulfillment,Kunle,Orders Packed,55,Completed,
10/07/26,Fulfillment,Lara,Dispatches Made,103,Completed,
10/07/26,Fulfillment,Mide,Orders Packed,116,Completed,
10/07/26,Fulfillment,Mide,Returns Processed,68,Completed,
10/07/26,Fulfillment,Mide,Returns Processed,111,Completed,
13/07/26,Fulfillment,Ifeanyi,Returns Processed,101,Pending,
13/07/26,Fulfillment,Jide,Deliveries Confirmed,64,Completed,
13/07/26,Fulfillment,Jide,Orders Packed,118,Completed,
13/07/26,Fulfillment,Kunle,Deliveries Confirmed,31,Completed,
13/07/26,Fulfillment,Lara,Returns Processed,45,Completed,
13/07/26,Fulfillment,Mide,Dispatches Made,94,Completed,
14/07/26,Fulfillment,Ifeanyi,Dispatches Made,32,Completed,
14/07/26,Fulfillment,Jide,Deliveries Confirmed,107,Completed,
14/07/26,Fulfillment,Jide,Orders Packed,108,Completed,
14/07/26,Fulfillment,Kunle,Orders Packed,76,Completed,
14/07/26,Fulfillment,Kunle,Orders Packed,76,Completed,
14/07/26,Fulfillment,Lara,Orders Packed,69,Completed,
14/07/26,Fulfillment,Mide,Deliveries Confirmed,104,Completed,
14/07/26,Fulfillment,Mide,Dispatches Made,41,Completed,
15/07/26,Fulfillment,Ifeanyi,Dispatches Made,29,Completed,
15/07/26,Fulfillment,Jide,Returns Processed,44,Completed,
15/07/26,Fulfillment,Jide,Orders Packed,51,Completed,
15/07/26,Fulfillment,Kunle,Orders Packed,53,Completed,
15/07/26,Fulfillment,Kunle,Dispatches Made,88,Completed,
15/07/26,Fulfillment,Lara,Returns Processed,89,Completed,
15/07/26,Fulfillment,Lara,Dispatches Made,61,In Progress,
15/07/26,Fulfillment,Mide,Deliveries Confirmed,112,Pending,
15/07/26,Fulfillment,Mide,Dispatches Made,96,Completed,
16/07/26,Fulfillment,Ifeanyi,Orders Packed,98,Completed,
16/07/26,Fulfillment,Ifeanyi,Deliveries Confirmed,52,Completed,
16/07/26,Fulfillment,Jide,Dispatches Made,40,Completed,
16/07/26,Fulfillment,Jide,Dispatches Made,115,Completed,
16/07/26,Fulfillment,Kunle,Dispatches Made,62,Completed,
16/07/26,Fulfillment,Lara,Dispatches Made,109,Completed,
16/07/26,Fulfillment,Lara,Orders Packed,41,Pending,
16/07/26,Fulfillment,Lara,Deliveries Confirmed,97,Completed,
16/07/26,Fulfillment,Mide,Deliveries Confirmed,93,Completed,
16/07/26,Fulfillment,Mide,Orders Packed,120,Completed,
16/07/26,Fulfillment,Mide,Deliveries Confirmed,20,Completed,
17/07/26,Fulfillment,Ifeanyi,Deliveries Confirmed,70,Completed,
17/07/26,Fulfillment,Jide,Dispatches Made,70,Completed,
17/07/26,Fulfillment,Jide,Returns Processed,44,Completed,
17/07/26,Fulfillment,Kunle,Deliveries Confirmed,99,Completed,
17/07/26,Fulfillment,Kunle,Returns Processed,34,Completed,
17/07/26,Fulfillment,Lara,Returns Processed,25,Completed,
17/07/26,Fulfillment,Lara,Deliveries Confirmed,41,Completed,
17/07/26,Fulfillment,Lara,Returns Processed,59,Completed,
17/07/26,Fulfillment,Mide,Deliveries Confirmed,70,Completed,
17/07/26,Fulfillment,Mide,Returns Processed,52,Completed,
17/07/26,Fulfillment,Mide,Dispatches Made,86,Completed,
20/07/26,Fulfillment,Ifeanyi,Dispatches Made,108,Completed,
20/07/26,Fulfillment,Jide,Deliveries Confirmed,111,Completed,
20/07/26,Fulfillment,Jide,Orders Packed,47,Completed,
20/07/26,Fulfillment,Kunle,Returns Processed,77,Completed,
20/07/26,Fulfillment,Lara,Dispatches Made,98,Completed,
20/07/26,Fulfillment,Lara,Orders Packed,34,Completed,
20/07/26,Fulfillment,Lara,Dispatches Made,55,Completed,
20/07/26,Fulfillment,Mide,Deliveries Confirmed,107,Completed,
20/07/26,Fulfillment,Mide,Returns Processed,71,Completed,
20/07/26,Fulfillment,Mide,Returns Processed,49,Completed,
21/07/26,Fulfillment,Ifeanyi,Returns Processed,33,Completed,
21/07/26,Fulfillment,Ifeanyi,Orders Packed,44,Completed,
21/07/26,Fulfillment,Ifeanyi,Orders Packed,29,In Progress,
21/07/26,Fulfillment,Jide,Deliveries Confirmed,85,Completed,
21/07/26,Fulfillment,Jide,Deliveries Confirmed,64,Completed,
21/07/26,Fulfillment,Kunle,Returns Processed,79,Completed,
21/07/26,Fulfillment,Kunle,Dispatches Made,32,Completed,
21/07/26,Fulfillment,Kunle,Returns Processed,41,Completed,
21/07/26,Fulfillment,Lara,Deliveries Confirmed,59,Completed,
21/07/26,Fulfillment,Mide,Dispatches Made,87,Completed,
21/07/26,Fulfillment,Mide,Dispatches Made,93,Completed,
22/07/26,Fulfillment,Ifeanyi,Returns Processed,109,Completed,
22/07/26,Fulfillment,Ifeanyi,Orders Packed,50,In Progress,
22/07/26,Fulfillment,Jide,Orders Packed,55,Completed,
22/07/26,Fulfillment,Jide,Orders Packed,81,Completed,
22/07/26,Fulfillment,Kunle,Returns Processed,44,Completed,
22/07/26,Fulfillment,Kunle,Orders Packed,39,Completed,
22/07/26,Fulfillment,Kunle,Dispatches Made,40,Completed,
22/07/26,Fulfillment,Lara,Deliveries Confirmed,61,Completed,
22/07/26,Fulfillment,Lara,Deliveries Confirmed,51,In Progress,
22/07/26,Fulfillment,Mide,Deliveries Confirmed,59,Completed,
22/07/26,Fulfillment,Mide,Dispatches Made,35,Completed,
22/07/26,Fulfillment,Mide,Deliveries Confirmed,42,In Progress,
23/07/26,Fulfillment,Ifeanyi,Orders Packed,53,Completed,
23/07/26,Fulfillment,Jide,Orders Packed,105,Completed,
23/07/26,Fulfillment,Jide,Returns Processed,63,Completed,
23/07/26,Fulfillment,Jide,Returns Processed,62,Completed,
23/07/26,Fulfillment,Kunle,Orders Packed,102,Completed,
23/07/26,Fulfillment,Lara,Orders Packed,98,Completed,
23/07/26,Fulfillment,Mide,Returns Processed,25,Completed,
24/07/26,Fulfillment,Ifeanyi,Orders Packed,114,Completed,
24/07/26,Fulfillment,Ifeanyi,Orders Packed,31,Pending,
24/07/26,Fulfillment,Ifeanyi,Deliveries Confirmed,71,In Progress,
24/07/26,Fulfillment,Jide,Orders Packed,118,Completed,
24/07/26,Fulfillment,Jide,Deliveries Confirmed,46,Completed,
24/07/26,Fulfillment,Kunle,Dispatches Made,92,Completed,
24/07/26,Fulfillment,Kunle,Orders Packed,94,Completed,
24/07/26,Fulfillment,Kunle,Deliveries Confirmed,71,Completed,
24/07/26,Fulfillment,Lara,Deliveries Confirmed,69,Completed,
24/07/26,Fulfillment,Lara,Dispatches Made,85,Completed,
24/07/26,Fulfillment,Lara,Deliveries Confirmed,117,Completed,
24/07/26,Fulfillment,Mide,Orders Packed,64,Completed,
24/07/26,Fulfillment,Mide,Returns Processed,119,Completed,
27/07/26,Fulfillment,Ifeanyi,Dispatches Made,44,Completed,
27/07/26,Fulfillment,Jide,Orders Packed,62,Completed,
27/07/26,Fulfillment,Jide,Deliveries Confirmed,78,Completed,
27/07/26,Fulfillment,Kunle,Orders Packed,26,Completed,
27/07/26,Fulfillment,Lara,Orders Packed,99,Completed,
27/07/26,Fulfillment,Lara,Returns Processed,49,Completed,
27/07/26,Fulfillment,Mide,Returns Processed,45,Completed,
27/07/26,Fulfillment,Mide,Returns Processed,38,Completed,
27/07/26,Fulfillment,Mide,Dispatches Made,119,Completed,
28/07/26,Fulfillment,Ifeanyi,Orders Packed,42,Completed,
28/07/26,Fulfillment,Ifeanyi,Dispatches Made,89,In Progress,
28/07/26,Fulfillment,Ifeanyi,Deliveries Confirmed,57,Completed,
28/07/26,Fulfillment,Jide,Orders Packed,54,Completed,
28/07/26,Fulfillment,Kunle,Returns Processed,120,Completed,
28/07/26,Fulfillment,Kunle,Deliveries Confirmed,45,Completed,
28/07/26,Fulfillment,Lara,Orders Packed,94,Completed,
28/07/26,Fulfillment,Lara,Returns Processed,83,Completed,
28/07/26,Fulfillment,Mide,Returns Processed,62,Completed,
28/07/26,Fulfillment,Mide,Deliveries Confirmed,21,Completed,
28/07/26,Fulfillment,Mide,Dispatches Made,44,Completed,
29/07/26,Fulfillment,Ifeanyi,Deliveries Confirmed,78,Completed,
29/07/26,Fulfillment,Jide,Returns Processed,31,Completed,
29/07/26,Fulfillment,Jide,Returns Processed,48,Completed,
29/07/26,Fulfillment,Jide,Returns Processed,79,Completed,
29/07/26,Fulfillment,Kunle,Returns Processed,40,Completed,
29/07/26,Fulfillment,Lara,Dispatches Made,68,Completed,
29/07/26,Fulfillment,Lara,Returns Processed,88,Completed,
29/07/26,Fulfillment,Lara,Deliveries Confirmed,34,Completed,
29/07/26,Fulfillment,Mide,Dispatches Made,61,Completed,
29/07/26,Fulfillment,Mide,Orders Packed,88,Completed,
29/07/26,Fulfillment,Mide,Deliveries Confirmed,77,In Progress,
30/07/26,Fulfillment,Ifeanyi,Deliveries Confirmed,58,Completed,
30/07/26,Fulfillment,Jide,Deliveries Confirmed,61,Completed,
30/07/26,Fulfillment,Kunle,Deliveries Confirmed,27,Pending,
30/07/26,Fulfillment,Kunle,Dispatches Made,101,Completed,
30/07/26,Fulfillment,Kunle,Deliveries Confirmed,119,Completed,
30/07/26,Fulfillment,Lara,Deliveries Confirmed,44,Completed,
30/07/26,Fulfillment,Mide,Deliveries Confirmed,91,Completed,
31/07/26,Fulfillment,Ifeanyi,Deliveries Confirmed,115,Completed,
31/07/26,Fulfillment,Ifeanyi,Dispatches Made,29,Completed,
31/07/26,Fulfillment,Ifeanyi,Dispatches Made,23,Completed,
31/07/26,Fulfillment,Jide,Orders Packed,48,Completed,
31/07/26,Fulfillment,Jide,Deliveries Confirmed,116,Completed,
31/07/26,Fulfillment,Kunle,Returns Processed,38,Completed,
31/07/26,Fulfillment,Kunle,Dispatches Made,28,Completed,
31/07/26,Fulfillment,Kunle,Returns Processed,42,Completed,
31/07/26,Fulfillment,Lara,Deliveries Confirmed,38,Completed,
31/07/26,Fulfillment,Mide,Dispatches Made,104,Completed,
03/08/26,Fulfillment,Ifeanyi,Dispatches Made,25,Completed,
03/08/26,Fulfillment,Ifeanyi,Orders Packed,29,Completed,
03/08/26,Fulfillment,Jide,Orders Packed,33,Completed,
03/08/26,Fulfillment,Kunle,Returns Processed,99,Completed,
03/08/26,Fulfillment,Kunle,Returns Processed,50,Completed,
03/08/26,Fulfillment,Lara,Deliveries Confirmed,73,In Progress,
03/08/26,Fulfillment,Lara,Returns Processed,64,In Progress,
03/08/26,Fulfillment,Lara,Dispatches Made,29,Completed,
03/08/26,Fulfillment,Mide,Deliveries Confirmed,42,Pending,
03/08/26,Fulfillment,Mide,Deliveries Confirmed,75,Completed,
04/08/26,Fulfillment,Ifeanyi,Orders Packed,21,Completed,
04/08/26,Fulfillment,Ifeanyi,Dispatches Made,65,Completed,
04/08/26,Fulfillment,Jide,Orders Packed,116,Completed,
04/08/26,Fulfillment,Kunle,Deliveries Confirmed,59,Completed,
04/08/26,Fulfillment,Kunle,Orders Packed,106,Completed,
04/08/26,Fulfillment,Lara,Returns Processed,23,Completed,
04/08/26,Fulfillment,Lara,Dispatches Made,111,Completed,
04/08/26,Fulfillment,Lara,Deliveries Confirmed,21,Completed,
04/08/26,Fulfillment,Mide,Orders Packed,98,Completed,
04/08/26,Fulfillment,Mide,Orders Packed,120,Completed,
04/08/26,Fulfillment,Mide,Deliveries Confirmed,59,Completed,
05/08/26,Fulfillment,Ifeanyi,Orders Packed,48,Completed,
05/08/26,Fulfillment,Ifeanyi,Deliveries Confirmed,108,In Progress,
05/08/26,Fulfillment,Ifeanyi,Deliveries Confirmed,89,Completed,
05/08/26,Fulfillment,Jide,Dispatches Made,109,Completed,
05/08/26,Fulfillment,Kunle,Dispatches Made,90,Completed,
05/08/26,Fulfillment,Kunle,Returns Processed,46,Completed,
05/08/26,Fulfillment,Kunle,Orders Packed,119,Completed,
05/08/26,Fulfillment,Lara,Returns Processed,53,Completed,
05/08/26,Fulfillment,Mide,Orders Packed,30,Completed,
05/08/26,Fulfillment,Mide,Orders Packed,69,Completed,
05/08/26,Fulfillment,Mide,Returns Processed,23,Completed,
06/08/26,Fulfillment,Ifeanyi,Orders Packed,57,Completed,
06/08/26,Fulfillment,Jide,Orders Packed,57,Completed,
06/08/26,Fulfillment,Jide,Deliveries Confirmed,29,Completed,
06/08/26,Fulfillment,Kunle,Orders Packed,42,Completed,
06/08/26,Fulfillment,Kunle,Orders Packed,50,Completed,
06/08/26,Fulfillment,Kunle,Dispatches Made,22,Completed,
06/08/26,Fulfillment,Lara,Deliveries Confirmed,96,Completed,
06/08/26,Fulfillment,Lara,Dispatches Made,101,Completed,
06/08/26,Fulfillment,Mide,Returns Processed,71,Completed,
07/08/26,Fulfillment,Ifeanyi,Dispatches Made,98,Completed,
07/08/26,Fulfillment,Ifeanyi,Orders Packed,115,Completed,
07/08/26,Fulfillment,Ifeanyi,Dispatches Made,82,Completed,
07/08/26,Fulfillment,Jide,Returns Processed,113,Completed,
07/08/26,Fulfillment,Kunle,Dispatches Made,78,Completed,
07/08/26,Fulfillment,Kunle,Returns Processed,50,Completed,
07/08/26,Fulfillment,Kunle,Deliveries Confirmed,49,Completed,
07/08/26,Fulfillment,Lara,Orders Packed,29,Completed,
07/08/26,Fulfillment,Lara,Dispatches Made,116,Completed,
07/08/26,Fulfillment,Lara,Orders Packed,65,Pending,
07/08/26,Fulfillment,Mide,Orders Packed,79,Completed,
07/08/26,Fulfillment,Mide,Orders Packed,29,In Progress,
10/08/26,Fulfillment,Ifeanyi,Returns Processed,31,Completed,
10/08/26,Fulfillment,Ifeanyi,Dispatches Made,105,Completed,
10/08/26,Fulfillment,Ifeanyi,Returns Processed,31,Completed,
10/08/26,Fulfillment,Jide,Orders Packed,38,Completed,
10/08/26,Fulfillment,Jide,Dispatches Made,70,Completed,
10/08/26,Fulfillment,Kunle,Orders Packed,120,Completed,
10/08/26,Fulfillment,Lara,Orders Packed,78,Completed,
10/08/26,Fulfillment,Mide,Orders Packed,52,Completed,
10/08/26,Fulfillment,Mide,Deliveries Confirmed,108,Completed,
10/08/26,Fulfillment,Mide,Returns Processed,56,Completed,
11/08/26,Fulfillment,Ifeanyi,Deliveries Confirmed,64,Completed,
11/08/26,Fulfillment,Ifeanyi,Orders Packed,41,Completed,
11/08/26,Fulfillment,Jide,Dispatches Made,89,Completed,
11/08/26,Fulfillment,Kunle,Returns Processed,63,Completed,
11/08/26,Fulfillment,Kunle,Returns Processed,55,Completed,
11/08/26,Fulfillment,Lara,Returns Processed,101,Completed,
11/08/26,Fulfillment,Lara,Returns Processed,118,Completed,
11/08/26,Fulfillment,Mide,Returns Processed,58,Completed,
11/08/26,Fulfillment,Mide,Deliveries Confirmed,33,Completed,
11/08/26,Fulfillment,Mide,Dispatches Made,82,Completed,
12/08/26,Fulfillment,Ifeanyi,Dispatches Made,30,Completed,
12/08/26,Fulfillment,Ifeanyi,Orders Packed,116,Completed,
12/08/26,Fulfillment,Jide,Returns Processed,37,Completed,
12/08/26,Fulfillment,Jide,Deliveries Confirmed,101,Completed,
12/08/26,Fulfillment,Jide,Deliveries Confirmed,85,Completed,
12/08/26,Fulfillment,Kunle,Dispatches Made,95,Completed,
12/08/26,Fulfillment,Kunle,Returns Processed,50,Completed,
12/08/26,Fulfillment,Lara,Dispatches Made,55,Completed,
12/08/26,Fulfillment,Lara,Deliveries Confirmed,29,Completed,
12/08/26,Fulfillment,Mide,Deliveries Confirmed,108,Completed,
13/08/26,Fulfillment,Ifeanyi,Deliveries Confirmed,116,Completed,
13/08/26,Fulfillment,Ifeanyi,Deliveries Confirmed,47,Completed,
13/08/26,Fulfillment,Ifeanyi,Deliveries Confirmed,80,Completed,
13/08/26,Fulfillment,Jide,Orders Packed,107,Completed,
13/08/26,Fulfillment,Kunle,Orders Packed,21,Completed,
13/08/26,Fulfillment,Lara,Returns Processed,73,Completed,
13/08/26,Fulfillment,Mide,Orders Packed,86,Completed,
14/08/26,Fulfillment,Ifeanyi,Dispatches Made,100,Completed,
14/08/26,Fulfillment,Jide,Deliveries Confirmed,51,Completed,
14/08/26,Fulfillment,Jide,Dispatches Made,84,Completed,
14/08/26,Fulfillment,Kunle,Returns Processed,41,Completed,
14/08/26,Fulfillment,Kunle,Returns Processed,55,Completed,
14/08/26,Fulfillment,Lara,Orders Packed,67,Completed,
14/08/26,Fulfillment,Lara,Deliveries Confirmed,32,Completed,
14/08/26,Fulfillment,Mide,Dispatches Made,104,In Progress,
17/08/26,Fulfillment,Ifeanyi,Returns Processed,31,Completed,
17/08/26,Fulfillment,Ifeanyi,Returns Processed,102,Pending,
17/08/26,Fulfillment,Jide,Orders Packed,30,Completed,
17/08/26,Fulfillment,Jide,Orders Packed,70,Completed,
17/08/26,Fulfillment,Jide,Dispatches Made,71,Completed,
17/08/26,Fulfillment,Kunle,Returns Processed,76,Completed,
17/08/26,Fulfillment,Lara,Deliveries Confirmed,99,Completed,
17/08/26,Fulfillment,Lara,Dispatches Made,83,Completed,
17/08/26,Fulfillment,Lara,Dispatches Made,103,Completed,
17/08/26,Fulfillment,Mide,Returns Processed,100,Completed,
17/08/26,Fulfillment,Mide,Orders Packed,30,Pending,
18/08/26,Fulfillment,Ifeanyi,Orders Packed,31,Completed,
18/08/26,Fulfillment,Ifeanyi,Returns Processed,29,Completed,
18/08/26,Fulfillment,Jide,Deliveries Confirmed,59,Completed,
18/08/26,Fulfillment,Kunle,Dispatches Made,57,Completed,
18/08/26,Fulfillment,Kunle,Orders Packed,46,Completed,
18/08/26,Fulfillment,Kunle,Deliveries Confirmed,118,In Progress,
18/08/26,Fulfillment,Lara,Dispatches Made,29,Completed,
18/08/26,Fulfillment,Lara,Orders Packed,70,Completed,
18/08/26,Fulfillment,Lara,Orders Packed,26,Completed,
18/08/26,Fulfillment,Mide,Returns Processed,90,Completed,
18/08/26,Fulfillment,Mide,Orders Packed,51,Completed,
19/08/26,Fulfillment,Ifeanyi,Deliveries Confirmed,81,Completed,
19/08/26,Fulfillment,Jide,Deliveries Confirmed,48,Completed,
19/08/26,Fulfillment,Kunle,Orders Packed,95,Pending,
19/08/26,Fulfillment,Lara,Returns Processed,55,Completed,
19/08/26,Fulfillment,Mide,Dispatches Made,52,Pending,
19/08/26,Fulfillment,Mide,Returns Processed,38,Completed,
19/08/26,Fulfillment,Mide,Returns Processed,98,Completed,
20/08/26,Fulfillment,Ifeanyi,Returns Processed,118,Completed,
20/08/26,Fulfillment,Ifeanyi,Orders Packed,84,Completed,
20/08/26,Fulfillment,Ifeanyi,Orders Packed,85,Completed,
20/08/26,Fulfillment,Jide,Dispatches Made,81,Completed,
20/08/26,Fulfillment,Jide,Deliveries Confirmed,101,Pending,
20/08/26,Fulfillment,Jide,Orders Packed,75,Completed,
20/08/26,Fulfillment,Kunle,Orders Packed,101,Completed,
20/08/26,Fulfillment,Lara,Returns Processed,51,In Progress,
20/08/26,Fulfillment,Lara,Deliveries Confirmed,57,Completed,
20/08/26,Fulfillment,Mide,Orders Packed,28,Completed,
20/08/26,Fulfillment,Mide,Deliveries Confirmed,93,Completed,
20/08/26,Fulfillment,Mide,Deliveries Confirmed,82,Completed,
21/08/26,Fulfillment,Ifeanyi,Dispatches Made,65,Completed,
21/08/26,Fulfillment,Ifeanyi,Orders Packed,100,Completed,
21/08/26,Fulfillment,Jide,Returns Processed,27,Completed,
21/08/26,Fulfillment,Jide,Dispatches Made,58,Pending,
21/08/26,Fulfillment,Jide,Dispatches Made,68,Completed,
21/08/26,Fulfillment,Kunle,Deliveries Confirmed,66,Completed,
21/08/26,Fulfillment,Kunle,Dispatches Made,80,Completed,
21/08/26,Fulfillment,Kunle,Orders Packed,43,Completed,
21/08/26,Fulfillment,Lara,Dispatches Made,92,In Progress,
21/08/26,Fulfillment,Mide,Deliveries Confirmed,28,Completed,
21/08/26,Fulfillment,Mide,Deliveries Confirmed,55,Completed,
24/08/26,Fulfillment,Ifeanyi,Dispatches Made,52,Completed,
24/08/26,Fulfillment,Jide,Orders Packed,70,Completed,
24/08/26,Fulfillment,Jide,Dispatches Made,105,Completed,
24/08/26,Fulfillment,Jide,Deliveries Confirmed,49,Completed,
24/08/26,Fulfillment,Kunle,Deliveries Confirmed,120,Completed,
24/08/26,Fulfillment,Kunle,Returns Processed,47,Completed,
24/08/26,Fulfillment,Lara,Dispatches Made,109,Completed,
24/08/26,Fulfillment,Lara,Dispatches Made,42,Completed,
24/08/26,Fulfillment,Lara,Deliveries Confirmed,43,Completed,
24/08/26,Fulfillment,Mide,Returns Processed,52,Completed,
25/08/26,Fulfillment,Ifeanyi,Deliveries Confirmed,92,Completed,
25/08/26,Fulfillment,Ifeanyi,Orders Packed,47,Completed,
25/08/26,Fulfillment,Ifeanyi,Returns Processed,95,Completed,
25/08/26,Fulfillment,Jide,Deliveries Confirmed,92,Completed,
25/08/26,Fulfillment,Kunle,Deliveries Confirmed,64,Completed,
25/08/26,Fulfillment,Kunle,Dispatches Made,88,Completed,
25/08/26,Fulfillment,Lara,Dispatches Made,60,Completed,
25/08/26,Fulfillment,Mide,Returns Processed,33,Completed,
25/08/26,Fulfillment,Mide,Deliveries Confirmed,59,Completed,
25/08/26,Fulfillment,Mide,Returns Processed,43,Completed,
26/08/26,Fulfillment,Ifeanyi,Orders Packed,71,Pending,
26/08/26,Fulfillment,Ifeanyi,Orders Packed,46,Completed,
26/08/26,Fulfillment,Jide,Returns Processed,96,Completed,
26/08/26,Fulfillment,Kunle,Dispatches Made,91,Completed,
26/08/26,Fulfillment,Kunle,Dispatches Made,29,In Progress,
26/08/26,Fulfillment,Lara,Orders Packed,60,In Progress,
26/08/26,Fulfillment,Mide,Returns Processed,120,Pending,
26/08/26,Fulfillment,Mide,Dispatches Made,28,Completed,
26/08/26,Fulfillment,Mide,Deliveries Confirmed,92,Completed,
27/08/26,Fulfillment,Ifeanyi,Returns Processed,88,Completed,
27/08/26,Fulfillment,Ifeanyi,Orders Packed,94,In Progress,
27/08/26,Fulfillment,Ifeanyi,Orders Packed,30,Completed,
27/08/26,Fulfillment,Jide,Deliveries Confirmed,49,Pending,
27/08/26,Fulfillment,Jide,Deliveries Confirmed,39,Completed,
27/08/26,Fulfillment,Kunle,Deliveries Confirmed,24,Pending,
27/08/26,Fulfillment,Kunle,Orders Packed,27,Completed,
27/08/26,Fulfillment,Kunle,Deliveries Confirmed,112,Completed,
27/08/26,Fulfillment,Lara,Orders Packed,46,Pending,
27/08/26,Fulfillment,Mide,Orders Packed,109,Completed,
28/08/26,Fulfillment,Ifeanyi,Deliveries Confirmed,70,Completed,
28/08/26,Fulfillment,Ifeanyi,Returns Processed,48,Completed,
28/08/26,Fulfillment,Jide,Dispatches Made,88,Completed,
28/08/26,Fulfillment,Jide,Returns Processed,37,Completed,
28/08/26,Fulfillment,Kunle,Deliveries Confirmed,85,Completed,
28/08/26,Fulfillment,Kunle,Dispatches Made,83,Completed,
28/08/26,Fulfillment,Lara,Deliveries Confirmed,92,Completed,
28/08/26,Fulfillment,Lara,Dispatches Made,42,Completed,
28/08/26,Fulfillment,Lara,Returns Processed,104,Completed,
28/08/26,Fulfillment,Mide,Deliveries Confirmed,82,In Progress,
28/08/26,Fulfillment,Mide,Returns Processed,93,Completed,
31/08/26,Fulfillment,Ifeanyi,Dispatches Made,106,Completed,
31/08/26,Fulfillment,Ifeanyi,Orders Packed,49,Completed,
31/08/26,Fulfillment,Ifeanyi,Orders Packed,105,Completed,
31/08/26,Fulfillment,Jide,Returns Processed,120,Completed,
31/08/26,Fulfillment,Kunle,Returns Processed,114,Completed,
31/08/26,Fulfillment,Kunle,Deliveries Confirmed,96,Completed,
31/08/26,Fulfillment,Kunle,Returns Processed,57,Completed,
31/08/26,Fulfillment,Lara,Deliveries Confirmed,29,Completed,
31/08/26,Fulfillment,Mide,Dispatches Made,75,Completed,
31/08/26,Fulfillment,Mide,Returns Processed,119,Completed,
31/08/26,Fulfillment,Mide,Returns Processed,98,Completed,
01/09/26,Fulfillment,Ifeanyi,Returns Processed,37,Completed,
01/09/26,Fulfillment,Jide,Deliveries Confirmed,78,Completed,
01/09/26,Fulfillment,Kunle,Returns Processed,58,Completed,
01/09/26,Fulfillment,Lara,Returns Processed,108,Pending,
01/09/26,Fulfillment,Lara,Orders Packed,82,Completed,
01/09/26,Fulfillment,Lara,Orders Packed,40,Completed,
01/09/26,Fulfillment,Mide,Orders Packed,61,Completed,
02/09/26,Fulfillment,Ifeanyi,Deliveries Confirmed,24,Completed,
02/09/26,Fulfillment,Ifeanyi,Orders Packed,102,Completed,
02/09/26,Fulfillment,Ifeanyi,Orders Packed,42,Completed,
02/09/26,Fulfillment,Jide,Returns Processed,21,Completed,
02/09/26,Fulfillment,Jide,Dispatches Made,37,Completed,
02/09/26,Fulfillment,Kunle,Dispatches Made,87,Completed,
02/09/26,Fulfillment,Kunle,Dispatches Made,26,Completed,
02/09/26,Fulfillment,Kunle,Orders Packed,59,Completed,
02/09/26,Fulfillment,Lara,Orders Packed,50,Completed,
02/09/26,Fulfillment,Mide,Deliveries Confirmed,22,In Progress,
02/09/26,Fulfillment,Mide,Returns Processed,65,Completed,
02/09/26,Fulfillment,Mide,Dispatches Made,43,Completed,
03/09/26,Fulfillment,Ifeanyi,Orders Packed,52,Completed,
03/09/26,Fulfillment,Jide,Deliveries Confirmed,68,Completed,
03/09/26,Fulfillment,Jide,Dispatches Made,63,Completed,
03/09/26,Fulfillment,Jide,Dispatches Made,83,In Progress,
03/09/26,Fulfillment,Kunle,Orders Packed,116,Completed,
03/09/26,Fulfillment,Lara,Orders Packed,82,In Progress,
03/09/26,Fulfillment,Lara,Returns Processed,100,Completed,
03/09/26,Fulfillment,Lara,Deliveries Confirmed,22,Pending,
03/09/26,Fulfillment,Mide,Deliveries Confirmed,24,Completed,
04/09/26,Fulfillment,Ifeanyi,Dispatches Made,92,In Progress,
04/09/26,Fulfillment,Ifeanyi,Dispatches Made,90,Completed,
04/09/26,Fulfillment,Jide,Deliveries Confirmed,48,In Progress,
04/09/26,Fulfillment,Kunle,Returns Processed,91,Completed,
04/09/26,Fulfillment,Kunle,Returns Processed,23,Completed,
04/09/26,Fulfillment,Kunle,Dispatches Made,26,Completed,
04/09/26,Fulfillment,Lara,Dispatches Made,52,Completed,
04/09/26,Fulfillment,Lara,Orders Packed,44,Completed,
04/09/26,Fulfillment,Mide,Orders Packed,57,Completed,
07/09/26,Fulfillment,Ifeanyi,Orders Packed,81,Completed,
07/09/26,Fulfillment,Jide,Dispatches Made,28,Completed,
07/09/26,Fulfillment,Jide,Deliveries Confirmed,120,Completed,
07/09/26,Fulfillment,Kunle,Orders Packed,67,Completed,
07/09/26,Fulfillment,Lara,Deliveries Confirmed,82,Completed,
07/09/26,Fulfillment,Lara,Dispatches Made,59,Completed,
07/09/26,Fulfillment,Lara,Dispatches Made,35,Completed,
07/09/26,Fulfillment,Mide,Orders Packed,48,In Progress,
07/09/26,Fulfillment,Mide,Deliveries Confirmed,60,Completed,
08/09/26,Fulfillment,Ifeanyi,Dispatches Made,51,Completed,
08/09/26,Fulfillment,Jide,Returns Processed,111,Completed,
08/09/26,Fulfillment,Kunle,Orders Packed,82,Completed,
08/09/26,Fulfillment,Lara,Dispatches Made,35,Completed,
08/09/26,Fulfillment,Lara,Returns Processed,119,Completed,
08/09/26,Fulfillment,Mide,Orders Packed,58,Completed,
08/09/26,Fulfillment,Mide,Dispatches Made,114,Completed,
09/09/26,Fulfillment,Ifeanyi,Dispatches Made,111,Completed,
09/09/26,Fulfillment,Ifeanyi,Deliveries Confirmed,105,Completed,
09/09/26,Fulfillment,Jide,Dispatches Made,117,In Progress,
09/09/26,Fulfillment,Jide,Returns Processed,46,Completed,
09/09/26,Fulfillment,Kunle,Returns Processed,30,Completed,
09/09/26,Fulfillment,Kunle,Deliveries Confirmed,35,Completed,
09/09/26,Fulfillment,Kunle,Returns Processed,66,Completed,
09/09/26,Fulfillment,Lara,Returns Processed,96,Completed,
09/09/26,Fulfillment,Lara,Dispatches Made,120,Completed,
09/09/26,Fulfillment,Lara,Dispatches Made,87,Completed,
09/09/26,Fulfillment,Mide,Returns Processed,120,Completed,
10/09/26,Fulfillment,Ifeanyi,Deliveries Confirmed,107,Completed,
10/09/26,Fulfillment,Jide,Deliveries Confirmed,75,Completed,
10/09/26,Fulfillment,Jide,Orders Packed,56,Pending,
10/09/26,Fulfillment,Kunle,Returns Processed,31,Completed,
10/09/26,Fulfillment,Kunle,Dispatches Made,37,Completed,
10/09/26,Fulfillment,Kunle,Orders Packed,37,Completed,
10/09/26,Fulfillment,Lara,Deliveries Confirmed,77,Completed,
10/09/26,Fulfillment,Mide,Deliveries Confirmed,35,Completed,
11/09/26,Fulfillment,Ifeanyi,Returns Processed,46,Completed,
11/09/26,Fulfillment,Jide,Returns Processed,30,Completed,
11/09/26,Fulfillment,Kunle,Deliveries Confirmed,113,In Progress,
11/09/26,Fulfillment,Kunle,Deliveries Confirmed,98,Completed,
11/09/26,Fulfillment,Kunle,Returns Processed,75,Completed,
11/09/26,Fulfillment,Lara,Deliveries Confirmed,92,Completed,
11/09/26,Fulfillment,Lara,Dispatches Made,94,Completed,
11/09/26,Fulfillment,Mide,Returns Processed,60,Completed,
14/09/26,Fulfillment,Ifeanyi,Returns Processed,79,Pending,
14/09/26,Fulfillment,Ifeanyi,Orders Packed,69,Completed,
14/09/26,Fulfillment,Ifeanyi,Deliveries Confirmed,29,Completed,
14/09/26,Fulfillment,Jide,Returns Processed,87,Completed,
14/09/26,Fulfillment,Jide,Orders Packed,69,Completed,
14/09/26,Fulfillment,Jide,Dispatches Made,70,Completed,
14/09/26,Fulfillment,Kunle,Returns Processed,64,Completed,
14/09/26,Fulfillment,Kunle,Dispatches Made,83,Completed,
14/09/26,Fulfillment,Kunle,Dispatches Made,89,Completed,
14/09/26,Fulfillment,Lara,Deliveries Confirmed,23,Completed,
14/09/26,Fulfillment,Lara,Returns Processed,93,Completed,
14/09/26,Fulfillment,Lara,Dispatches Made,75,Completed,
14/09/26,Fulfillment,Mide,Orders Packed,104,Completed,
14/09/26,Fulfillment,Mide,Deliveries Confirmed,47,Completed,
14/09/26,Fulfillment,Mide,Deliveries Confirmed,73,Completed,
15/09/26,Fulfillment,Ifeanyi,Deliveries Confirmed,116,Completed,
15/09/26,Fulfillment,Jide,Returns Processed,31,Completed,
15/09/26,Fulfillment,Kunle,Dispatches Made,44,Completed,
15/09/26,Fulfillment,Lara,Dispatches Made,98,In Progress,
15/09/26,Fulfillment,Lara,Orders Packed,79,Completed,
15/09/26,Fulfillment,Lara,Returns Processed,47,Completed,
15/09/26,Fulfillment,Mide,Deliveries Confirmed,25,Completed,
16/09/26,Fulfillment,Ifeanyi,Returns Processed,46,Completed,
16/09/26,Fulfillment,Jide,Dispatches Made,27,Completed,
16/09/26,Fulfillment,Jide,Returns Processed,100,Completed,
16/09/26,Fulfillment,Kunle,Dispatches Made,120,Completed,
16/09/26,Fulfillment,Lara,Returns Processed,56,Completed,
16/09/26,Fulfillment,Lara,Returns Processed,57,In Progress,
16/09/26,Fulfillment,Lara,Orders Packed,102,Completed,
16/09/26,Fulfillment,Mide,Returns Processed,41,Completed,
16/09/26,Fulfillment,Mide,Dispatches Made,90,Completed,
17/09/26,Fulfillment,Ifeanyi,Dispatches Made,118,Completed,
17/09/26,Fulfillment,Ifeanyi,Dispatches Made,47,Completed,
17/09/26,Fulfillment,Ifeanyi,Dispatches Made,31,Completed,
17/09/26,Fulfillment,Jide,Orders Packed,53,Completed,
17/09/26,Fulfillment,Kunle,Deliveries Confirmed,99,In Progress,
17/09/26,Fulfillment,Lara,Orders Packed,62,Completed,
17/09/26,Fulfillment,Lara,Returns Processed,99,Completed,
17/09/26,Fulfillment,Lara,Dispatches Made,45,Completed,
17/09/26,Fulfillment,Mide,Deliveries Confirmed,75,Completed,
17/09/26,Fulfillment,Mide,Orders Packed,33,Completed,
17/09/26,Fulfillment,Mide,Returns Processed,88,Completed,
18/09/26,Fulfillment,Ifeanyi,Returns Processed,96,Completed,
18/09/26,Fulfillment,Jide,Deliveries Confirmed,87,Completed,
18/09/26,Fulfillment,Jide,Orders Packed,58,Completed,
18/09/26,Fulfillment,Jide,Deliveries Confirmed,117,Completed,
18/09/26,Fulfillment,Kunle,Orders Packed,89,Completed,
18/09/26,Fulfillment,Kunle,Orders Packed,60,Completed,
18/09/26,Fulfillment,Kunle,Dispatches Made,37,Completed,
18/09/26,Fulfillment,Lara,Dispatches Made,82,Completed,
18/09/26,Fulfillment,Lara,Returns Processed,70,Completed,
18/09/26,Fulfillment,Mide,Orders Packed,97,Completed,
18/09/26,Fulfillment,Mide,Deliveries Confirmed,99,Completed,
21/09/26,Fulfillment,Ifeanyi,Dispatches Made,42,Completed,
21/09/26,Fulfillment,Ifeanyi,Orders Packed,43,Completed,
21/09/26,Fulfillment,Jide,Returns Processed,30,In Progress,
21/09/26,Fulfillment,Jide,Orders Packed,79,Completed,
21/09/26,Fulfillment,Jide,Deliveries Confirmed,57,Completed,
21/09/26,Fulfillment,Kunle,Deliveries Confirmed,38,Completed,
21/09/26,Fulfillment,Kunle,Dispatches Made,97,Completed,
21/09/26,Fulfillment,Kunle,Deliveries Confirmed,55,Completed,
21/09/26,Fulfillment,Lara,Dispatches Made,35,Completed,
21/09/26,Fulfillment,Mide,Deliveries Confirmed,113,Completed,
21/09/26,Fulfillment,Mide,Returns Processed,90,Completed,
21/09/26,Fulfillment,Mide,Orders Packed,47,Pending,
22/09/26,Fulfillment,Ifeanyi,Dispatches Made,60,Completed,
22/09/26,Fulfillment,Jide,Deliveries Confirmed,38,Completed,
22/09/26,Fulfillment,Jide,Orders Packed,75,Completed,
22/09/26,Fulfillment,Kunle,Orders Packed,68,Completed,
22/09/26,Fulfillment,Kunle,Returns Processed,30,Completed,
22/09/26,Fulfillment,Lara,Returns Processed,96,Completed,
22/09/26,Fulfillment,Mide,Deliveries Confirmed,41,Completed,
22/09/26,Fulfillment,Mide,Deliveries Confirmed,52,In Progress,
23/09/26,Fulfillment,Ifeanyi,Orders Packed,20,Completed,
23/09/26,Fulfillment,Ifeanyi,Orders Packed,75,Completed,
23/09/26,Fulfillment,Ifeanyi,Orders Packed,29,Completed,
23/09/26,Fulfillment,Jide,Returns Processed,65,Completed,
23/09/26,Fulfillment,Kunle,Returns Processed,90,Completed,
23/09/26,Fulfillment,Lara,Returns Processed,101,Completed,
23/09/26,Fulfillment,Mide,Returns Processed,30,Completed,
23/09/26,Fulfillment,Mide,Orders Packed,113,In Progress,
23/09/26,Fulfillment,Mide,Deliveries Confirmed,85,Completed,
24/09/26,Fulfillment,Ifeanyi,Dispatches Made,119,Completed,
24/09/26,Fulfillment,Jide,Dispatches Made,108,Completed,
24/09/26,Fulfillment,Jide,Dispatches Made,54,Completed,
24/09/26,Fulfillment,Jide,Orders Packed,87,Completed,
24/09/26,Fulfillment,Kunle,Orders Packed,58,Completed,
24/09/26,Fulfillment,Kunle,Deliveries Confirmed,23,Completed,
24/09/26,Fulfillment,Kunle,Deliveries Confirmed,23,Completed,
24/09/26,Fulfillment,Lara,Orders Packed,89,In Progress,
24/09/26,Fulfillment,Mide,Returns Processed,84,In Progress,
25/09/26,Fulfillment,Ifeanyi,Deliveries Confirmed,93,Completed,
25/09/26,Fulfillment,Jide,Dispatches Made,68,Completed,
25/09/26,Fulfillment,Jide,Dispatches Made,65,Completed,
25/09/26,Fulfillment,Kunle,Orders Packed,52,Completed,
25/09/26,Fulfillment,Lara,Deliveries Confirmed,58,Completed,
25/09/26,Fulfillment,Mide,Returns Processed,71,Completed,
25/09/26,Fulfillment,Mide,Dispatches Made,103,Completed,
28/09/26,Fulfillment,Ifeanyi,Orders Packed,77,Completed,
28/09/26,Fulfillment,Ifeanyi,Dispatches Made,89,Completed,
28/09/26,Fulfillment,Ifeanyi,Returns Processed,56,Completed,
28/09/26,Fulfillment,Jide,Orders Packed,54,Completed,
28/09/26,Fulfillment,Jide,Orders Packed,109,Completed,
28/09/26,Fulfillment,Jide,Orders Packed,113,Completed,
28/09/26,Fulfillment,Kunle,Returns Processed,108,Completed,
28/09/26,Fulfillment,Kunle,Deliveries Confirmed,110,Completed,
28/09/26,Fulfillment,Lara,Deliveries Confirmed,107,Completed,
28/09/26,Fulfillment,Mide,Dispatches Made,55,Completed,
28/09/26,Fulfillment,Mide,Returns Processed,31,In Progress,
28/09/26,Fulfillment,Mide,Returns Processed,25,Completed,
29/09/26,Fulfillment,Ifeanyi,Returns Processed,61,Pending,
29/09/26,Fulfillment,Ifeanyi,Dispatches Made,48,Completed,
29/09/26,Fulfillment,Jide,Returns Processed,103,Completed,
29/09/26,Fulfillment,Jide,Dispatches Made,75,Completed,
29/09/26,Fulfillment,Kunle,Orders Packed,26,Completed,
29/09/26,Fulfillment,Kunle,Orders Packed,81,Completed,
29/09/26,Fulfillment,Kunle,Deliveries Confirmed,114,Completed,
29/09/26,Fulfillment,Lara,Dispatches Made,115,Pending,
29/09/26,Fulfillment,Lara,Orders Packed,30,Pending,
29/09/26,Fulfillment,Mide,Deliveries Confirmed,71,In Progress,
29/09/26,Fulfillment,Mide,Deliveries Confirmed,68,Completed,
29/09/26,Fulfillment,Mide,Orders Packed,23,Completed,
